U%,Density,Thermal_Conductivity,IV,Digit1,Digit2,Digit3,N_U_235,0,1,3,5,10,15,20,22,24,26,26,27,29,31,36,41,46,48,50,52,52,53,55,57,62,67,72,74,76,78,78,79,81,83,88,93,98,100,102,104,104,105,107,109,114,119,124,126,128,130,130,131,133,135,140,145,150,152,154,156,156,157,159,161,166,171,176,178,180,182,182,183,185,187,192,197,202,204,206,208,208,209,211,213,218,223,228,230,232,234
0.35,10920.00,2.90,1.00,1.00,3.00,6.00,86300000000000000000.00,18.93,20.88,21.84,22.49,25.78,29.20,37.39,43.56,53.04,62.65,31.08,34.82,35.26,35.78,36.67,41.30,52.97,60.56,68.55,83.53,38.60,43.29,43.34,44.77,46.38,50.96,63.38,71.79,79.43,97.14,47.51,49.38,52.18,50.23,51.78,57.18,75.48,80.76,91.45,110.80,49.81,54.41,55.09,55.79,56.74,64.22,76.80,88.89,97.78,117.21,49.81,54.41,55.09,55.79,56.74,64.22,76.80,88.89,97.78,117.21,49.81,54.41,55.09,55.79,56.74,64.22,76.80,88.89,97.78,117.21,49.81,54.41,55.09,55.79,56.74,64.22,76.80,88.89,97.78,117.21,49.81,54.41,55.09,55.79,56.74,64.22,76.80,88.89,97.78,117.21
0.35,10920.00,2.90,1.00,1.00,3.00,5.00,86300000000000000000.00,23.23,26.39,27.35,28.58,32.59,40.51,52.23,60.13,65.90,84.75,41.25,45.88,47.28,49.25,51.03,58.38,73.03,80.82,89.94,112.45,49.67,56.34,57.33,59.33,61.05,68.91,86.03,93.56,103.87,130.36,57.77,66.35,67.63,67.95,73.05,81.40,100.80,108.41,118.30,149.31,64.70,73.00,73.15,73.80,78.32,86.05,108.40,117.33,128.04,164.15,64.70,73.00,73.15,73.80,78.32,86.05,108.40,117.33,128.04,164.15,64.70,73.00,73.15,73.80,78.32,86.05,108.40,117.33,128.04,164.15,64.70,73.00,73.15,73.80,78.32,86.05,108.40,117.33,128.04,164.15,64.70,73.00,73.15,73.80,78.32,86.05,108.40,117.33,128.04,164.15
0.35,10920.00,2.90,1.00,1.00,3.00,4.00,86300000000000000000.00,27.07,32.61,34.61,37.12,43.23,54.11,68.17,76.35,85.59,111.55,50.59,60.61,61.43,63.48,70.25,81.69,96.55,107.08,119.92,152.35,65.27,77.20,79.60,81.89,87.43,99.71,117.86,127.74,141.75,179.79,77.02,93.19,93.53,94.07,100.55,115.38,135.04,142.88,159.05,199.91,83.70,98.07,100.76,103.70,108.40,120.77,141.43,153.10,169.02,214.62,83.70,98.07,100.76,103.70,108.40,120.77,141.43,153.10,169.02,214.62,83.70,98.07,100.76,103.70,108.40,120.77,141.43,153.10,169.02,214.62,83.70,98.07,100.76,103.70,108.40,120.77,141.43,153.10,169.02,214.62,83.70,98.07,100.76,103.70,108.40,120.77,141.43,153.10,169.02,214.62
0.35,10920.00,2.90,1.00,1.00,3.00,3.00,86300000000000000000.00,34.22,40.51,41.33,44.37,53.88,68.01,85.79,97.44,113.07,138.30,65.19,84.37,87.05,87.99,95.67,109.78,129.01,141.27,160.25,190.53,83.42,108.06,113.98,113.32,119.25,133.17,153.82,164.22,187.48,221.56,94.98,122.06,128.10,127.56,134.75,149.00,168.81,180.35,206.44,245.89,103.85,133.94,140.46,138.17,142.93,160.09,178.60,191.89,220.63,260.62,103.85,133.94,140.46,138.17,142.93,160.09,178.60,191.89,220.63,260.62,103.85,133.94,140.46,138.17,142.93,160.09,178.60,191.89,220.63,260.62,103.85,133.94,140.46,138.17,142.93,160.09,178.60,191.89,220.63,260.62,103.85,133.94,140.46,138.17,142.93,160.09,178.60,191.89,220.63,260.62
0.35,10920.00,2.90,1.00,1.00,3.00,2.00,86300000000000000000.00,36.28,46.91,49.44,54.14,69.26,86.14,112.48,129.40,148.08,173.95,82.75,112.35,111.08,115.36,121.41,138.13,160.54,177.58,202.41,223.79,104.15,141.85,143.92,144.44,152.00,162.12,189.21,208.35,235.89,258.05,114.89,155.36,159.46,157.40,167.37,178.09,204.25,225.05,252.12,278.40,121.89,168.02,168.85,170.93,175.80,190.48,217.23,238.09,263.15,292.53,121.89,168.02,168.85,170.93,175.80,190.48,217.23,238.09,263.15,292.53,121.89,168.02,168.85,170.93,175.80,190.48,217.23,238.09,263.15,292.53,121.89,168.02,168.85,170.93,175.80,190.48,217.23,238.09,263.15,292.53,121.89,168.02,168.85,170.93,175.80,190.48,217.23,238.09,263.15,292.53
0.35,10920.00,2.90,1.00,1.00,3.00,1.00,86300000000000000000.00,45.88,57.26,60.45,68.45,88.20,111.40,148.91,170.78,189.85,204.57,106.15,141.42,142.82,143.00,151.58,170.44,207.84,231.06,249.86,268.64,134.85,176.83,178.63,178.47,182.91,203.22,242.94,267.57,285.27,304.52,153.59,201.92,203.49,202.77,207.54,224.97,264.57,291.34,308.19,326.71,158.85,209.33,209.85,212.26,214.35,233.27,267.04,289.93,309.77,326.20,158.85,209.33,209.85,212.26,214.35,233.27,267.04,289.93,309.77,326.20,158.85,209.33,209.85,212.26,214.35,233.27,267.04,289.93,309.77,326.20,158.85,209.33,209.85,212.26,214.35,233.27,267.04,289.93,309.77,326.20,158.85,209.33,209.85,212.26,214.35,233.27,267.04,289.93,309.77,326.20
0.35,10920.00,2.90,1.00,1.00,2.00,6.00,86300000000000000000.00,61.85,84.39,92.59,104.86,144.77,188.16,227.51,240.99,252.90,265.46,183.21,239.48,240.78,241.81,258.60,286.90,315.49,322.40,327.36,336.17,220.19,288.37,290.72,287.75,300.11,326.08,343.99,354.65,357.65,355.88,229.87,304.72,310.39,306.76,317.93,337.95,356.72,364.24,368.66,367.24,233.59,311.40,312.99,312.11,320.43,344.60,358.87,369.37,374.42,371.23,233.59,311.40,312.99,312.11,320.43,344.60,358.87,369.37,374.42,371.23,233.59,311.40,312.99,312.11,320.43,344.60,358.87,369.37,374.42,371.23,233.59,311.40,312.99,312.11,320.43,344.60,358.87,369.37,374.42,371.23,233.59,311.40,312.99,312.11,320.43,344.60,358.87,369.37,374.42,371.23
0.35,10920.00,2.90,1.00,1.00,2.00,5.00,86300000000000000000.00,64.99,93.75,102.02,118.17,163.62,210.69,255.14,262.79,276.23,281.82,203.17,278.15,277.62,275.20,290.97,318.07,334.82,343.04,348.51,347.17,240.81,329.15,323.48,318.70,327.52,346.81,368.10,375.30,371.84,374.68,253.42,349.80,347.77,341.79,349.05,365.18,381.48,379.58,385.58,383.08,256.46,349.71,349.07,340.19,346.16,369.17,385.54,388.52,385.98,387.23,256.46,349.71,349.07,340.19,346.16,369.17,385.54,388.52,385.98,387.23,256.46,349.71,349.07,340.19,346.16,369.17,385.54,388.52,385.98,387.23,256.46,349.71,349.07,340.19,346.16,369.17,385.54,388.52,385.98,387.23,256.46,349.71,349.07,340.19,346.16,369.17,385.54,388.52,385.98,387.23
0.35,10920.00,2.90,1.00,1.00,2.00,4.00,86300000000000000000.00,73.26,100.62,110.04,126.46,171.53,222.07,263.00,275.67,288.71,292.64,220.46,297.32,297.22,291.88,301.22,321.43,341.30,351.59,354.50,354.33,257.72,350.88,342.27,336.15,340.89,356.71,376.32,377.95,381.82,378.49,274.32,370.08,363.16,354.13,360.55,373.89,383.02,387.89,387.20,385.29,283.97,379.36,370.58,362.32,362.97,374.28,385.52,389.58,393.89,388.16,283.97,379.36,370.58,362.32,362.97,374.28,385.52,389.58,393.89,388.16,283.97,379.36,370.58,362.32,362.97,374.28,385.52,389.58,393.89,388.16,283.97,379.36,370.58,362.32,362.97,374.28,385.52,389.58,393.89,388.16,283.97,379.36,370.58,362.32,362.97,374.28,385.52,389.58,393.89,388.16
0.35,10920.00,2.90,1.00,1.00,2.00,3.00,86300000000000000000.00,75.37,103.60,110.38,126.92,175.94,219.89,261.50,274.83,286.11,291.34,232.96,305.45,297.79,294.61,308.39,329.61,347.33,352.25,355.32,358.50,277.15,356.06,348.84,344.46,349.02,363.75,375.57,380.31,376.77,374.65,282.98,372.97,364.65,356.06,358.28,372.42,387.94,388.62,390.38,383.36,292.24,383.77,369.87,369.05,370.17,377.01,388.19,389.18,388.37,386.70,292.24,383.77,369.87,369.05,370.17,377.01,388.19,389.18,388.37,386.70,292.24,383.77,369.87,369.05,370.17,377.01,388.19,389.18,388.37,386.70,292.24,383.77,369.87,369.05,370.17,377.01,388.19,389.18,388.37,386.70,292.24,383.77,369.87,369.05,370.17,377.01,388.19,389.18,388.37,386.70
0.35,10920.00,2.90,1.00,1.00,2.00,2.00,86300000000000000000.00,75.51,100.99,110.06,125.97,174.80,218.79,259.61,273.34,284.99,291.50,233.55,299.42,291.89,291.17,300.02,321.64,344.47,348.09,354.18,352.28,270.96,350.13,344.61,338.28,347.40,362.63,370.21,374.04,379.44,375.14,285.13,369.04,362.49,349.88,352.95,364.35,377.04,380.03,379.22,379.62,284.75,370.13,362.87,355.65,355.61,365.62,378.59,378.77,383.58,383.80,284.75,370.13,362.87,355.65,355.61,365.62,378.59,378.77,383.58,383.80,284.75,370.13,362.87,355.65,355.61,365.62,378.59,378.77,383.58,383.80,284.75,370.13,362.87,355.65,355.61,365.62,378.59,378.77,383.58,383.80,284.75,370.13,362.87,355.65,355.61,365.62,378.59,378.77,383.58,383.80
0.35,10920.00,2.90,1.00,1.00,2.00,1.00,86300000000000000000.00,75.18,98.27,109.52,124.24,168.49,211.39,253.78,266.54,280.05,290.15,226.34,291.91,287.00,286.41,298.37,320.73,336.99,343.46,348.77,354.06,260.70,341.61,336.15,326.76,330.54,347.68,367.24,372.11,371.94,370.47,272.23,356.28,349.48,341.80,346.26,362.92,377.50,380.20,382.61,379.32,283.99,364.51,358.57,354.01,354.20,366.44,381.99,381.27,386.94,385.90,283.99,364.51,358.57,354.01,354.20,366.44,381.99,381.27,386.94,385.90,283.99,364.51,358.57,354.01,354.20,366.44,381.99,381.27,386.94,385.90,283.99,364.51,358.57,354.01,354.20,366.44,381.99,381.27,386.94,385.90,283.99,364.51,358.57,354.01,354.20,366.44,381.99,381.27,386.94,385.90
0.35,10920.00,2.90,1.00,1.00,1.00,6.00,86300000000000000000.00,60.98,75.03,81.32,88.70,115.36,148.89,191.65,207.76,220.37,230.87,157.63,191.10,188.66,192.99,201.89,229.07,263.13,276.45,291.88,297.24,192.91,236.94,232.06,231.12,239.43,259.97,295.02,308.79,317.13,325.52,208.75,254.22,251.25,247.33,256.50,276.22,311.11,318.57,330.05,336.11,211.90,259.77,258.66,259.19,261.85,284.81,320.10,327.76,333.29,342.38,211.90,259.77,258.66,259.19,261.85,284.81,320.10,327.76,333.29,342.38,211.90,259.77,258.66,259.19,261.85,284.81,320.10,327.76,333.29,342.38,211.90,259.77,258.66,259.19,261.85,284.81,320.10,327.76,333.29,342.38,211.90,259.77,258.66,259.19,261.85,284.81,320.10,327.76,333.29,342.38
0.35,10920.00,2.90,1.00,1.00,1.00,5.00,86300000000000000000.00,49.86,63.58,67.82,74.14,95.81,122.30,156.10,174.72,188.60,203.69,128.07,157.53,159.76,158.36,170.86,190.70,218.49,238.02,251.86,264.92,159.03,196.28,198.19,194.74,201.08,223.50,256.44,275.44,286.81,298.37,174.30,218.91,216.95,215.14,222.46,239.22,272.75,288.40,301.84,311.01,182.72,227.74,228.49,227.86,231.25,241.84,276.19,289.73,302.56,320.31,182.72,227.74,228.49,227.86,231.25,241.84,276.19,289.73,302.56,320.31,182.72,227.74,228.49,227.86,231.25,241.84,276.19,289.73,302.56,320.31,182.72,227.74,228.49,227.86,231.25,241.84,276.19,289.73,302.56,320.31,182.72,227.74,228.49,227.86,231.25,241.84,276.19,289.73,302.56,320.31
0.35,10920.00,2.90,1.00,1.00,1.00,4.00,86300000000000000000.00,42.89,54.76,60.00,62.89,81.59,100.16,129.94,142.40,161.22,180.06,104.87,131.19,132.79,134.83,146.40,162.33,187.59,203.30,224.11,244.88,134.46,167.33,166.00,168.23,174.79,186.89,211.54,228.96,250.42,268.77,143.85,183.01,183.92,183.98,188.87,201.42,224.69,240.95,261.91,281.13,150.72,191.60,191.51,191.75,194.00,207.82,233.46,253.03,271.07,290.69,150.72,191.60,191.51,191.75,194.00,207.82,233.46,253.03,271.07,290.69,150.72,191.60,191.51,191.75,194.00,207.82,233.46,253.03,271.07,290.69,150.72,191.60,191.51,191.75,194.00,207.82,233.46,253.03,271.07,290.69,150.72,191.60,191.51,191.75,194.00,207.82,233.46,253.03,271.07,290.69
0.35,10920.00,2.90,1.00,1.00,1.00,3.00,86300000000000000000.00,35.54,43.43,46.17,49.53,63.69,78.43,98.12,111.04,125.51,147.60,79.87,98.75,103.01,103.18,110.33,126.64,145.64,157.62,173.75,198.56,103.99,129.47,132.79,131.36,136.62,151.19,170.77,182.41,201.21,226.35,114.82,145.01,147.51,147.71,151.90,166.34,187.25,198.41,218.22,244.52,122.08,154.71,158.18,156.06,161.79,173.17,191.72,207.64,226.38,254.34,122.08,154.71,158.18,156.06,161.79,173.17,191.72,207.64,226.38,254.34,122.08,154.71,158.18,156.06,161.79,173.17,191.72,207.64,226.38,254.34,122.08,154.71,158.18,156.06,161.79,173.17,191.72,207.64,226.38,254.34,122.08,154.71,158.18,156.06,161.79,173.17,191.72,207.64,226.38,254.34
0.35,10920.00,2.90,1.00,1.00,1.00,2.00,86300000000000000000.00,32.40,38.83,41.46,44.79,52.40,65.70,82.31,90.61,104.00,124.10,65.03,78.79,79.08,82.40,88.55,100.28,119.09,127.06,138.89,167.09,83.90,98.89,102.39,103.79,108.42,120.92,136.63,146.52,162.25,191.73,93.00,114.40,118.31,116.29,122.11,132.01,149.61,161.78,175.58,203.41,100.37,123.60,125.14,124.74,128.02,142.30,159.95,171.16,185.76,219.23,100.37,123.60,125.14,124.74,128.02,142.30,159.95,171.16,185.76,219.23,100.37,123.60,125.14,124.74,128.02,142.30,159.95,171.16,185.76,219.23,100.37,123.60,125.14,124.74,128.02,142.30,159.95,171.16,185.76,219.23,100.37,123.60,125.14,124.74,128.02,142.30,159.95,171.16,185.76,219.23
0.35,10920.00,2.90,1.00,1.00,1.00,1.00,86300000000000000000.00,25.91,31.25,33.14,35.07,40.19,49.70,63.59,70.75,77.84,97.39,50.92,58.45,59.84,61.12,65.21,76.15,89.10,98.38,106.93,129.28,68.12,76.86,78.45,78.37,82.13,89.95,106.98,113.45,126.51,149.50,74.30,87.79,87.30,89.50,91.95,101.04,117.44,125.85,137.24,162.96,79.94,93.01,95.09,92.16,97.46,106.95,124.08,134.47,143.96,173.89,79.94,93.01,95.09,92.16,97.46,106.95,124.08,134.47,143.96,173.89,79.94,93.01,95.09,92.16,97.46,106.95,124.08,134.47,143.96,173.89,79.94,93.01,95.09,92.16,97.46,106.95,124.08,134.47,143.96,173.89,79.94,93.01,95.09,92.16,97.46,106.95,124.08,134.47,143.96,173.89
0.35,10920.00,2.90,1.00,2.00,3.00,6.00,86300000000000000000.00,20.47,23.14,23.31,24.42,26.85,30.37,39.52,45.62,52.01,63.09,31.09,34.84,36.68,36.13,38.19,44.14,53.11,60.53,68.04,83.99,40.43,44.17,42.56,43.90,45.77,49.60,63.30,72.92,83.02,95.92,44.58,49.53,51.32,51.62,53.88,57.12,73.14,82.12,90.62,110.70,49.94,54.73,56.03,55.80,57.99,63.90,76.60,88.72,98.34,117.06,49.94,54.73,56.03,55.80,57.99,63.90,76.60,88.72,98.34,117.06,49.94,54.73,56.03,55.80,57.99,63.90,76.60,88.72,98.34,117.06,49.94,54.73,56.03,55.80,57.99,63.90,76.60,88.72,98.34,117.06,49.94,54.73,56.03,55.80,57.99,63.90,76.60,88.72,98.34,117.06
0.35,10920.00,2.90,1.00,2.00,3.00,5.00,86300000000000000000.00,22.07,25.42,26.83,28.32,30.89,37.69,50.14,55.59,63.51,83.79,39.80,43.21,44.06,45.63,49.42,58.01,72.37,79.17,88.13,111.42,49.18,57.88,57.71,58.13,60.85,69.19,87.21,96.34,105.91,134.62,57.60,64.66,65.45,66.44,70.51,78.92,98.49,108.70,117.68,148.20,62.11,70.60,72.54,73.47,75.32,85.50,105.66,116.62,126.73,160.11,62.11,70.60,72.54,73.47,75.32,85.50,105.66,116.62,126.73,160.11,62.11,70.60,72.54,73.47,75.32,85.50,105.66,116.62,126.73,160.11,62.11,70.60,72.54,73.47,75.32,85.50,105.66,116.62,126.73,160.11,62.11,70.60,72.54,73.47,75.32,85.50,105.66,116.62,126.73,160.11
0.35,10920.00,2.90,1.00,2.00,3.00,4.00,86300000000000000000.00,29.16,35.43,35.33,38.29,44.38,54.28,68.75,78.94,88.17,113.10,52.44,62.61,63.49,67.19,70.60,82.47,98.34,106.68,117.71,151.04,66.00,77.93,80.28,82.61,88.47,101.03,119.43,127.48,142.68,181.25,79.12,90.97,95.26,93.99,100.95,116.34,133.07,141.79,157.96,199.75,83.36,98.99,102.91,106.01,109.08,124.83,143.09,153.08,168.34,211.78,83.36,98.99,102.91,106.01,109.08,124.83,143.09,153.08,168.34,211.78,83.36,98.99,102.91,106.01,109.08,124.83,143.09,153.08,168.34,211.78,83.36,98.99,102.91,106.01,109.08,124.83,143.09,153.08,168.34,211.78,83.36,98.99,102.91,106.01,109.08,124.83,143.09,153.08,168.34,211.78
0.35,10920.00,2.90,1.00,2.00,3.00,3.00,86300000000000000000.00,30.10,38.69,42.24,43.85,54.24,67.88,86.38,97.92,115.73,140.31,62.88,82.41,85.76,88.00,95.30,108.62,125.51,138.82,160.50,191.08,82.66,107.01,111.08,111.73,119.05,130.63,153.46,163.15,186.63,221.86,94.70,122.77,128.23,128.86,134.36,146.24,170.08,182.26,203.08,242.71,101.85,136.68,139.68,137.97,143.20,156.90,174.96,191.54,215.71,256.03,101.85,136.68,139.68,137.97,143.20,156.90,174.96,191.54,215.71,256.03,101.85,136.68,139.68,137.97,143.20,156.90,174.96,191.54,215.71,256.03,101.85,136.68,139.68,137.97,143.20,156.90,174.96,191.54,215.71,256.03,101.85,136.68,139.68,137.97,143.20,156.90,174.96,191.54,215.71,256.03
0.35,10920.00,2.90,1.00,2.00,3.00,2.00,86300000000000000000.00,33.51,45.13,48.62,52.16,67.70,85.02,113.20,128.53,149.76,174.20,82.05,110.48,114.71,117.23,123.84,139.43,164.04,180.64,203.15,229.48,105.26,139.95,142.47,143.46,151.13,164.45,188.59,210.95,239.54,261.02,114.44,157.65,159.83,160.30,165.60,178.94,207.12,228.51,255.41,281.06,121.54,167.14,171.09,169.66,176.48,188.55,215.30,234.59,264.91,291.43,121.54,167.14,171.09,169.66,176.48,188.55,215.30,234.59,264.91,291.43,121.54,167.14,171.09,169.66,176.48,188.55,215.30,234.59,264.91,291.43,121.54,167.14,171.09,169.66,176.48,188.55,215.30,234.59,264.91,291.43,121.54,167.14,171.09,169.66,176.48,188.55,215.30,234.59,264.91,291.43
0.35,10920.00,2.90,1.00,2.00,3.00,1.00,86300000000000000000.00,45.50,57.97,60.62,66.55,85.53,109.53,143.73,164.53,183.19,199.84,109.30,140.92,143.03,144.07,154.24,171.59,210.51,230.11,248.92,265.80,134.25,176.16,178.05,180.45,186.63,200.80,242.23,263.45,286.70,299.35,148.13,196.61,194.97,198.15,202.96,216.48,259.05,278.13,301.14,316.94,154.44,202.22,204.85,204.15,208.93,226.40,262.97,294.40,309.58,326.73,154.44,202.22,204.85,204.15,208.93,226.40,262.97,294.40,309.58,326.73,154.44,202.22,204.85,204.15,208.93,226.40,262.97,294.40,309.58,326.73,154.44,202.22,204.85,204.15,208.93,226.40,262.97,294.40,309.58,326.73,154.44,202.22,204.85,204.15,208.93,226.40,262.97,294.40,309.58,326.73
0.35,10920.00,2.90,1.00,2.00,2.00,6.00,86300000000000000000.00,63.02,84.13,92.29,105.71,145.87,189.00,229.70,242.80,258.47,265.86,182.06,241.03,239.83,244.36,258.00,285.34,314.50,322.14,330.58,335.14,220.68,287.62,288.50,290.74,298.68,322.35,344.38,351.43,359.42,357.95,225.86,299.77,304.46,303.58,312.94,336.42,357.12,363.58,369.68,366.50,236.42,316.23,316.38,313.52,318.98,348.53,365.33,370.26,370.27,370.72,236.42,316.23,316.38,313.52,318.98,348.53,365.33,370.26,370.27,370.72,236.42,316.23,316.38,313.52,318.98,348.53,365.33,370.26,370.27,370.72,236.42,316.23,316.38,313.52,318.98,348.53,365.33,370.26,370.27,370.72,236.42,316.23,316.38,313.52,318.98,348.53,365.33,370.26,370.27,370.72
0.35,10920.00,2.90,1.00,2.00,2.00,5.00,86300000000000000000.00,66.10,90.43,101.92,115.39,159.19,205.21,245.22,258.91,273.39,279.67,203.03,277.30,272.89,271.76,286.57,312.53,333.51,341.04,349.56,350.08,240.38,332.55,325.75,323.88,327.75,345.90,368.22,368.23,372.23,373.25,254.92,348.77,344.35,338.66,343.98,364.75,383.31,387.74,382.94,386.08,258.45,356.46,349.65,344.65,348.69,368.25,385.40,386.65,387.89,391.55,258.45,356.46,349.65,344.65,348.69,368.25,385.40,386.65,387.89,391.55,258.45,356.46,349.65,344.65,348.69,368.25,385.40,386.65,387.89,391.55,258.45,356.46,349.65,344.65,348.69,368.25,385.40,386.65,387.89,391.55,258.45,356.46,349.65,344.65,348.69,368.25,385.40,386.65,387.89,391.55
0.35,10920.00,2.90,1.00,2.00,2.00,4.00,86300000000000000000.00,69.48,98.58,106.75,122.70,168.23,213.95,255.23,269.08,281.64,287.91,218.71,293.80,290.37,287.51,296.45,319.78,342.60,348.39,352.83,354.85,255.77,347.24,342.87,333.80,339.52,355.97,369.30,373.29,374.27,373.91,267.91,364.84,362.03,348.39,353.36,370.48,375.49,379.54,380.08,380.17,272.24,372.44,363.44,357.12,358.17,372.99,389.85,390.72,388.05,386.80,272.24,372.44,363.44,357.12,358.17,372.99,389.85,390.72,388.05,386.80,272.24,372.44,363.44,357.12,358.17,372.99,389.85,390.72,388.05,386.80,272.24,372.44,363.44,357.12,358.17,372.99,389.85,390.72,388.05,386.80,272.24,372.44,363.44,357.12,358.17,372.99,389.85,390.72,388.05,386.80
0.35,10920.00,2.90,1.00,2.00,2.00,3.00,86300000000000000000.00,74.56,101.17,109.43,125.33,174.27,221.47,261.84,276.91,286.45,294.19,233.80,306.79,296.09,297.99,305.12,329.94,345.66,352.85,356.14,357.61,273.96,357.38,347.44,341.04,344.85,360.31,374.87,383.69,381.75,381.80,285.32,376.44,370.60,362.97,366.04,378.61,387.41,389.34,387.34,384.73,290.44,379.86,372.45,364.52,362.66,375.66,387.69,384.05,385.53,387.26,290.44,379.86,372.45,364.52,362.66,375.66,387.69,384.05,385.53,387.26,290.44,379.86,372.45,364.52,362.66,375.66,387.69,384.05,385.53,387.26,290.44,379.86,372.45,364.52,362.66,375.66,387.69,384.05,385.53,387.26,290.44,379.86,372.45,364.52,362.66,375.66,387.69,384.05,385.53,387.26
0.35,10920.00,2.90,1.00,2.00,2.00,2.00,86300000000000000000.00,78.56,103.76,112.21,126.87,177.90,224.96,265.47,276.94,290.56,295.08,234.45,299.65,294.68,293.44,305.18,330.70,347.67,353.33,357.55,358.17,274.53,358.70,348.69,343.78,348.56,360.57,371.25,380.83,382.73,382.68,292.07,375.99,368.25,361.74,366.20,377.11,386.90,388.55,388.10,385.71,286.37,375.62,368.91,355.76,363.59,373.92,383.67,382.35,381.37,380.40,286.37,375.62,368.91,355.76,363.59,373.92,383.67,382.35,381.37,380.40,286.37,375.62,368.91,355.76,363.59,373.92,383.67,382.35,381.37,380.40,286.37,375.62,368.91,355.76,363.59,373.92,383.67,382.35,381.37,380.40,286.37,375.62,368.91,355.76,363.59,373.92,383.67,382.35,381.37,380.40
0.35,10920.00,2.90,1.00,2.00,2.00,1.00,86300000000000000000.00,73.00,96.58,107.36,122.14,168.30,213.17,257.07,271.16,284.09,292.23,227.58,297.02,289.72,286.68,298.86,324.45,342.06,349.90,355.92,356.28,263.22,342.68,333.92,330.59,340.68,352.49,371.00,374.93,378.52,377.62,277.46,363.73,355.77,346.55,349.69,363.25,376.37,382.27,383.34,381.51,281.26,369.31,357.07,353.96,357.40,367.87,381.32,380.77,384.85,386.49,281.26,369.31,357.07,353.96,357.40,367.87,381.32,380.77,384.85,386.49,281.26,369.31,357.07,353.96,357.40,367.87,381.32,380.77,384.85,386.49,281.26,369.31,357.07,353.96,357.40,367.87,381.32,380.77,384.85,386.49,281.26,369.31,357.07,353.96,357.40,367.87,381.32,380.77,384.85,386.49
0.35,10920.00,2.90,1.00,2.00,1.00,6.00,86300000000000000000.00,57.15,69.14,75.56,84.84,110.86,148.62,185.78,202.67,216.78,230.33,159.64,189.74,190.51,192.06,203.11,227.86,259.24,271.95,281.71,289.97,190.36,230.08,226.67,228.49,238.50,262.38,294.42,307.20,317.31,323.24,207.18,252.06,252.12,250.75,257.59,278.23,311.65,322.06,327.40,335.44,213.76,260.87,260.21,256.26,262.22,280.50,309.96,320.95,331.79,339.91,213.76,260.87,260.21,256.26,262.22,280.50,309.96,320.95,331.79,339.91,213.76,260.87,260.21,256.26,262.22,280.50,309.96,320.95,331.79,339.91,213.76,260.87,260.21,256.26,262.22,280.50,309.96,320.95,331.79,339.91,213.76,260.87,260.21,256.26,262.22,280.50,309.96,320.95,331.79,339.91
0.35,10920.00,2.90,1.00,2.00,1.00,5.00,86300000000000000000.00,49.36,62.29,67.02,73.52,95.34,120.65,157.81,179.18,190.75,205.23,131.54,163.83,162.44,162.71,171.81,195.31,226.66,243.49,259.40,270.51,163.51,201.79,201.30,202.48,206.50,226.13,259.30,278.47,289.45,301.12,174.15,216.65,222.00,217.31,223.90,237.81,268.83,285.35,298.00,313.19,185.41,224.78,226.44,226.47,230.08,248.66,276.54,292.58,306.58,318.51,185.41,224.78,226.44,226.47,230.08,248.66,276.54,292.58,306.58,318.51,185.41,224.78,226.44,226.47,230.08,248.66,276.54,292.58,306.58,318.51,185.41,224.78,226.44,226.47,230.08,248.66,276.54,292.58,306.58,318.51,185.41,224.78,226.44,226.47,230.08,248.66,276.54,292.58,306.58,318.51
0.35,10920.00,2.90,1.00,2.00,1.00,4.00,86300000000000000000.00,40.87,51.75,54.87,59.98,78.04,98.99,125.67,143.97,158.39,175.98,104.51,133.43,134.29,134.76,144.88,159.31,183.79,200.19,219.11,237.74,128.48,163.70,163.50,164.66,171.14,184.31,210.91,225.54,245.31,266.81,143.15,180.67,182.69,181.13,186.12,200.06,224.40,244.72,261.51,281.79,150.93,194.61,197.29,192.75,196.37,207.53,235.40,251.45,270.27,289.97,150.93,194.61,197.29,192.75,196.37,207.53,235.40,251.45,270.27,289.97,150.93,194.61,197.29,192.75,196.37,207.53,235.40,251.45,270.27,289.97,150.93,194.61,197.29,192.75,196.37,207.53,235.40,251.45,270.27,289.97,150.93,194.61,197.29,192.75,196.37,207.53,235.40,251.45,270.27,289.97
0.35,10920.00,2.90,1.00,2.00,1.00,3.00,86300000000000000000.00,37.39,45.36,48.04,52.25,66.79,80.91,102.89,115.72,131.69,151.93,85.89,105.23,107.01,109.16,116.15,130.65,151.30,162.78,180.85,204.75,106.37,132.95,131.68,134.97,140.14,152.94,169.80,186.99,202.21,229.21,118.30,147.46,150.07,150.91,156.84,166.34,190.48,202.81,219.81,248.76,127.80,159.64,160.39,159.63,164.65,176.15,194.74,210.74,228.97,259.13,127.80,159.64,160.39,159.63,164.65,176.15,194.74,210.74,228.97,259.13,127.80,159.64,160.39,159.63,164.65,176.15,194.74,210.74,228.97,259.13,127.80,159.64,160.39,159.63,164.65,176.15,194.74,210.74,228.97,259.13,127.80,159.64,160.39,159.63,164.65,176.15,194.74,210.74,228.97,259.13
0.35,10920.00,2.90,1.00,2.00,1.00,2.00,86300000000000000000.00,31.27,38.24,40.20,43.19,51.00,64.51,80.30,88.49,100.36,123.57,64.51,76.98,79.65,82.38,87.54,98.77,116.29,124.88,137.71,162.93,85.39,99.36,101.97,103.11,107.78,120.70,137.87,147.89,159.98,186.96,95.34,113.33,117.76,114.47,122.32,132.92,149.86,157.74,169.66,203.06,100.33,120.03,122.76,124.44,126.69,139.67,155.45,166.66,182.65,214.83,100.33,120.03,122.76,124.44,126.69,139.67,155.45,166.66,182.65,214.83,100.33,120.03,122.76,124.44,126.69,139.67,155.45,166.66,182.65,214.83,100.33,120.03,122.76,124.44,126.69,139.67,155.45,166.66,182.65,214.83,100.33,120.03,122.76,124.44,126.69,139.67,155.45,166.66,182.65,214.83
0.35,10920.00,2.90,1.00,2.00,1.00,1.00,86300000000000000000.00,26.25,31.42,32.54,34.27,41.01,49.85,63.68,69.43,79.66,97.37,49.63,57.45,59.43,61.12,64.99,72.20,87.36,95.23,104.64,127.60,65.36,74.23,77.63,77.13,80.51,90.16,106.58,114.79,125.96,151.09,77.67,84.62,87.28,87.04,89.36,99.66,115.55,124.81,135.25,169.04,81.17,92.60,92.71,94.99,96.20,105.20,121.72,131.38,142.24,170.36,81.17,92.60,92.71,94.99,96.20,105.20,121.72,131.38,142.24,170.36,81.17,92.60,92.71,94.99,96.20,105.20,121.72,131.38,142.24,170.36,81.17,92.60,92.71,94.99,96.20,105.20,121.72,131.38,142.24,170.36,81.17,92.60,92.71,94.99,96.20,105.20,121.72,131.38,142.24,170.36
0.35,10920.00,2.90,1.00,3.00,3.00,6.00,86300000000000000000.00,21.23,24.07,25.16,26.41,28.79,34.79,42.14,47.08,52.63,64.67,36.24,41.64,40.34,41.23,43.74,48.49,56.98,63.95,69.17,85.17,45.36,50.21,50.77,50.93,53.19,58.77,69.63,75.23,82.13,96.11,49.85,56.37,55.88,57.01,59.14,62.62,75.38,82.63,90.18,106.57,55.70,61.07,61.54,62.20,62.85,68.81,79.14,86.92,95.09,111.04,55.70,61.07,61.54,62.20,62.85,68.81,79.14,86.92,95.09,111.04,55.70,61.07,61.54,62.20,62.85,68.81,79.14,86.92,95.09,111.04,55.70,61.07,61.54,62.20,62.85,68.81,79.14,86.92,95.09,111.04,55.70,61.07,61.54,62.20,62.85,68.81,79.14,86.92,95.09,111.04
0.35,10920.00,2.90,1.00,3.00,3.00,5.00,86300000000000000000.00,23.23,27.47,27.46,28.80,34.38,42.01,52.28,58.15,64.90,80.73,44.28,50.05,51.38,52.93,56.05,61.93,75.54,83.09,90.72,111.74,56.91,66.53,67.02,68.01,69.89,77.38,90.08,98.63,108.28,129.22,64.45,72.64,73.67,72.92,76.66,83.84,97.77,106.19,115.33,137.66,68.49,78.38,77.80,79.18,81.11,88.95,104.51,114.45,123.74,148.85,68.49,78.38,77.80,79.18,81.11,88.95,104.51,114.45,123.74,148.85,68.49,78.38,77.80,79.18,81.11,88.95,104.51,114.45,123.74,148.85,68.49,78.38,77.80,79.18,81.11,88.95,104.51,114.45,123.74,148.85,68.49,78.38,77.80,79.18,81.11,88.95,104.51,114.45,123.74,148.85
0.35,10920.00,2.90,1.00,3.00,3.00,4.00,86300000000000000000.00,29.06,33.94,35.59,37.86,45.74,56.25,70.53,77.75,86.00,105.78,55.81,63.94,65.75,67.90,73.35,82.05,96.22,105.06,118.61,139.25,71.65,83.40,85.22,86.82,91.28,100.40,118.29,126.18,139.70,161.71,82.00,96.52,98.46,99.56,102.80,113.10,128.96,138.47,150.89,179.53,89.31,105.32,107.37,110.00,110.76,119.24,136.63,147.10,160.11,187.38,89.31,105.32,107.37,110.00,110.76,119.24,136.63,147.10,160.11,187.38,89.31,105.32,107.37,110.00,110.76,119.24,136.63,147.10,160.11,187.38,89.31,105.32,107.37,110.00,110.76,119.24,136.63,147.10,160.11,187.38,89.31,105.32,107.37,110.00,110.76,119.24,136.63,147.10,160.11,187.38
0.35,10920.00,2.90,1.00,3.00,3.00,3.00,86300000000000000000.00,33.72,39.84,43.24,46.75,58.56,70.95,91.35,98.90,112.99,132.73,70.82,87.10,89.41,92.51,97.45,109.79,124.90,137.59,152.15,175.16,92.42,114.01,116.00,117.51,121.32,132.80,150.43,162.82,180.69,203.76,105.64,131.14,131.21,131.85,135.17,147.24,166.09,178.14,192.62,217.72,111.33,135.87,137.73,137.79,145.16,153.34,172.20,182.23,200.39,226.67,111.33,135.87,137.73,137.79,145.16,153.34,172.20,182.23,200.39,226.67,111.33,135.87,137.73,137.79,145.16,153.34,172.20,182.23,200.39,226.67,111.33,135.87,137.73,137.79,145.16,153.34,172.20,182.23,200.39,226.67,111.33,135.87,137.73,137.79,145.16,153.34,172.20,182.23,200.39,226.67
0.35,10920.00,2.90,1.00,3.00,3.00,2.00,86300000000000000000.00,41.96,51.28,56.04,60.13,73.88,91.26,115.00,129.48,143.91,161.04,91.10,113.32,114.68,117.22,124.25,139.52,162.94,174.84,191.15,210.27,114.44,144.79,145.94,144.50,149.62,161.42,184.07,198.08,216.55,233.11,127.13,160.02,159.14,159.33,165.42,176.41,197.35,212.84,229.81,251.88,135.40,169.92,174.09,170.80,175.53,190.71,208.80,224.09,242.56,259.54,135.40,169.92,174.09,170.80,175.53,190.71,208.80,224.09,242.56,259.54,135.40,169.92,174.09,170.80,175.53,190.71,208.80,224.09,242.56,259.54,135.40,169.92,174.09,170.80,175.53,190.71,208.80,224.09,242.56,259.54,135.40,169.92,174.09,170.80,175.53,190.71,208.80,224.09,242.56,259.54
0.35,10920.00,2.90,1.00,3.00,3.00,1.00,86300000000000000000.00,45.68,56.27,60.62,64.87,84.32,108.57,138.38,150.79,166.80,183.20,111.89,141.19,140.19,140.51,148.61,168.10,197.83,211.26,225.25,240.87,139.92,174.74,177.73,174.93,179.35,198.06,225.32,242.13,255.27,269.01,153.12,191.47,192.59,190.58,196.88,211.40,242.43,258.22,271.46,285.34,164.97,204.99,206.06,200.34,203.00,218.23,246.23,263.82,277.74,289.49,164.97,204.99,206.06,200.34,203.00,218.23,246.23,263.82,277.74,289.49,164.97,204.99,206.06,200.34,203.00,218.23,246.23,263.82,277.74,289.49,164.97,204.99,206.06,200.34,203.00,218.23,246.23,263.82,277.74,289.49,164.97,204.99,206.06,200.34,203.00,218.23,246.23,263.82,277.74,289.49
0.35,10920.00,2.90,1.00,3.00,2.00,6.00,86300000000000000000.00,63.23,80.69,90.56,101.48,134.89,173.93,211.13,225.34,238.40,244.04,182.74,229.65,227.98,228.92,240.78,264.41,290.98,297.20,304.19,307.99,217.66,276.39,272.15,270.70,275.09,296.10,316.71,320.17,325.33,329.38,229.32,292.12,289.29,286.39,290.11,309.51,323.64,329.71,334.01,338.81,238.25,299.25,294.26,291.39,297.92,312.47,336.79,339.31,344.06,342.19,238.25,299.25,294.26,291.39,297.92,312.47,336.79,339.31,344.06,342.19,238.25,299.25,294.26,291.39,297.92,312.47,336.79,339.31,344.06,342.19,238.25,299.25,294.26,291.39,297.92,312.47,336.79,339.31,344.06,342.19,238.25,299.25,294.26,291.39,297.92,312.47,336.79,339.31,344.06,342.19
0.35,10920.00,2.90,1.00,3.00,2.00,5.00,86300000000000000000.00,66.83,88.61,98.61,110.56,150.95,189.44,228.97,238.17,252.22,258.15,199.07,254.09,253.24,249.58,263.86,284.07,306.59,310.75,314.98,317.22,233.76,301.30,293.22,289.57,292.09,307.37,326.28,331.28,333.47,332.10,246.41,314.60,311.46,303.48,305.35,319.87,337.43,341.34,341.40,342.50,250.35,323.72,316.36,311.77,314.92,323.04,336.50,339.78,338.41,340.14,250.35,323.72,316.36,311.77,314.92,323.04,336.50,339.78,338.41,340.14,250.35,323.72,316.36,311.77,314.92,323.04,336.50,339.78,338.41,340.14,250.35,323.72,316.36,311.77,314.92,323.04,336.50,339.78,338.41,340.14,250.35,323.72,316.36,311.77,314.92,323.04,336.50,339.78,338.41,340.14
0.35,10920.00,2.90,1.00,3.00,2.00,4.00,86300000000000000000.00,72.51,95.70,103.23,116.86,159.73,200.63,233.45,246.54,257.30,263.81,210.68,268.59,262.58,259.66,268.91,290.73,308.37,312.16,315.26,316.18,244.84,316.35,306.09,302.95,305.44,322.26,332.17,338.16,342.15,341.19,262.99,332.65,325.65,317.72,323.05,333.48,345.30,348.42,348.14,345.58,266.05,342.35,332.88,325.36,328.34,338.08,343.67,347.12,349.25,346.62,266.05,342.35,332.88,325.36,328.34,338.08,343.67,347.12,349.25,346.62,266.05,342.35,332.88,325.36,328.34,338.08,343.67,347.12,349.25,346.62,266.05,342.35,332.88,325.36,328.34,338.08,343.67,347.12,349.25,346.62,266.05,342.35,332.88,325.36,328.34,338.08,343.67,347.12,349.25,346.62
0.35,10920.00,2.90,1.00,3.00,2.00,3.00,86300000000000000000.00,73.26,95.44,102.87,117.83,157.01,198.66,237.43,244.53,258.19,266.92,221.77,276.85,269.52,266.43,278.31,299.19,318.14,324.29,327.95,328.73,259.88,328.52,318.21,313.66,318.20,327.62,343.49,346.35,348.29,345.34,270.33,345.85,334.57,331.83,329.64,339.52,349.27,352.97,353.29,350.60,275.46,347.84,339.76,329.71,331.93,338.80,345.02,351.19,349.15,349.79,275.46,347.84,339.76,329.71,331.93,338.80,345.02,351.19,349.15,349.79,275.46,347.84,339.76,329.71,331.93,338.80,345.02,351.19,349.15,349.79,275.46,347.84,339.76,329.71,331.93,338.80,345.02,351.19,349.15,349.79,275.46,347.84,339.76,329.71,331.93,338.80,345.02,351.19,349.15,349.79
0.35,10920.00,2.90,1.00,3.00,2.00,2.00,86300000000000000000.00,71.52,95.83,103.41,116.50,157.59,197.96,233.04,242.30,254.49,260.60,215.16,270.10,262.26,260.61,271.62,293.24,310.29,316.00,316.26,320.86,255.99,322.97,312.34,305.51,309.09,322.79,337.00,339.84,340.93,344.09,271.67,339.46,329.29,321.21,323.96,336.96,344.49,350.24,348.70,344.81,270.56,338.60,329.27,318.34,322.58,335.11,347.32,349.70,348.98,348.57,270.56,338.60,329.27,318.34,322.58,335.11,347.32,349.70,348.98,348.57,270.56,338.60,329.27,318.34,322.58,335.11,347.32,349.70,348.98,348.57,270.56,338.60,329.27,318.34,322.58,335.11,347.32,349.70,348.98,348.57,270.56,338.60,329.27,318.34,322.58,335.11,347.32,349.70,348.98,348.57
0.35,10920.00,2.90,1.00,3.00,2.00,1.00,86300000000000000000.00,69.86,91.06,99.95,113.24,152.68,196.28,232.02,242.09,255.42,261.09,210.66,262.61,259.70,256.01,266.53,286.88,303.18,311.14,313.94,318.19,252.45,312.03,303.62,296.04,303.40,316.47,328.72,333.02,335.05,336.13,260.63,321.63,316.10,310.42,312.96,325.56,339.51,339.30,339.85,338.48,263.36,326.32,320.40,314.76,314.60,326.01,346.20,346.05,347.91,343.47,263.36,326.32,320.40,314.76,314.60,326.01,346.20,346.05,347.91,343.47,263.36,326.32,320.40,314.76,314.60,326.01,346.20,346.05,347.91,343.47,263.36,326.32,320.40,314.76,314.60,326.01,346.20,346.05,347.91,343.47,263.36,326.32,320.40,314.76,314.60,326.01,346.20,346.05,347.91,343.47
0.35,10920.00,2.90,1.00,3.00,1.00,6.00,86300000000000000000.00,52.89,67.42,71.35,80.19,108.30,139.36,177.44,187.41,200.22,211.96,154.45,187.19,185.06,183.93,192.36,213.66,239.86,250.86,263.18,270.14,187.24,223.39,221.51,220.30,225.95,240.76,264.64,275.53,285.67,291.55,199.03,239.87,235.04,234.68,239.97,253.58,277.05,286.96,294.15,299.91,206.44,246.68,242.78,239.91,243.80,263.12,283.22,294.03,299.74,307.82,206.44,246.68,242.78,239.91,243.80,263.12,283.22,294.03,299.74,307.82,206.44,246.68,242.78,239.91,243.80,263.12,283.22,294.03,299.74,307.82,206.44,246.68,242.78,239.91,243.80,263.12,283.22,294.03,299.74,307.82,206.44,246.68,242.78,239.91,243.80,263.12,283.22,294.03,299.74,307.82
0.35,10920.00,2.90,1.00,3.00,1.00,5.00,86300000000000000000.00,49.49,60.80,65.87,71.94,92.79,117.25,149.10,163.30,178.15,192.24,129.56,156.06,155.60,158.11,166.13,185.54,208.63,221.49,233.42,244.42,162.69,194.15,192.66,193.75,197.25,209.73,232.09,245.64,256.56,269.63,172.20,209.96,207.98,206.63,208.05,223.73,247.63,261.17,271.29,279.68,181.90,218.17,219.26,214.44,218.93,232.06,250.72,264.54,275.87,282.87,181.90,218.17,219.26,214.44,218.93,232.06,250.72,264.54,275.87,282.87,181.90,218.17,219.26,214.44,218.93,232.06,250.72,264.54,275.87,282.87,181.90,218.17,219.26,214.44,218.93,232.06,250.72,264.54,275.87,282.87,181.90,218.17,219.26,214.44,218.93,232.06,250.72,264.54,275.87,282.87
0.35,10920.00,2.90,1.00,3.00,1.00,4.00,86300000000000000000.00,44.14,54.75,58.85,64.30,81.51,101.74,128.23,139.40,155.46,167.98,108.68,130.98,132.06,135.60,141.46,151.16,172.41,184.00,198.26,212.48,130.77,161.06,160.19,159.26,163.76,177.23,200.08,213.15,225.39,245.09,147.75,179.71,180.10,178.65,184.12,194.93,218.01,227.37,242.04,255.86,160.79,193.13,191.26,189.77,193.85,207.73,224.67,240.28,254.54,268.83,160.79,193.13,191.26,189.77,193.85,207.73,224.67,240.28,254.54,268.83,160.79,193.13,191.26,189.77,193.85,207.73,224.67,240.28,254.54,268.83,160.79,193.13,191.26,189.77,193.85,207.73,224.67,240.28,254.54,268.83,160.79,193.13,191.26,189.77,193.85,207.73,224.67,240.28,254.54,268.83
0.35,10920.00,2.90,1.00,3.00,1.00,3.00,86300000000000000000.00,37.61,46.31,48.68,53.40,63.44,78.43,98.77,108.73,120.95,137.83,85.89,102.80,103.55,104.31,112.78,125.12,144.13,153.04,163.32,184.38,108.33,130.12,130.10,129.97,132.88,143.96,164.77,176.25,189.05,208.42,120.00,144.90,145.85,147.12,151.62,163.50,176.73,188.10,201.39,218.13,127.74,151.75,154.14,154.90,156.33,165.84,183.45,193.17,210.11,229.07,127.74,151.75,154.14,154.90,156.33,165.84,183.45,193.17,210.11,229.07,127.74,151.75,154.14,154.90,156.33,165.84,183.45,193.17,210.11,229.07,127.74,151.75,154.14,154.90,156.33,165.84,183.45,193.17,210.11,229.07,127.74,151.75,154.14,154.90,156.33,165.84,183.45,193.17,210.11,229.07
0.35,10920.00,2.90,1.00,3.00,1.00,2.00,86300000000000000000.00,33.88,39.32,41.93,45.35,54.12,64.93,81.47,89.85,98.79,114.84,67.68,79.60,80.49,81.92,87.20,97.33,113.49,121.27,133.61,152.12,86.50,102.48,102.46,103.17,107.50,117.68,133.22,142.00,153.76,174.19,97.08,113.96,114.12,115.33,119.78,129.29,143.03,152.74,163.03,187.20,104.91,122.33,125.43,124.81,127.76,137.19,150.38,158.54,168.20,191.18,104.91,122.33,125.43,124.81,127.76,137.19,150.38,158.54,168.20,191.18,104.91,122.33,125.43,124.81,127.76,137.19,150.38,158.54,168.20,191.18,104.91,122.33,125.43,124.81,127.76,137.19,150.38,158.54,168.20,191.18,104.91,122.33,125.43,124.81,127.76,137.19,150.38,158.54,168.20,191.18
0.35,10920.00,2.90,1.00,3.00,1.00,1.00,86300000000000000000.00,28.52,33.72,34.68,36.57,43.58,52.65,65.55,71.58,80.19,95.56,55.69,62.82,63.83,65.35,69.04,77.51,88.21,96.45,103.87,121.93,69.44,80.11,80.69,81.42,83.98,92.20,106.70,114.24,124.50,140.53,80.68,90.70,92.26,91.15,95.08,103.32,119.28,126.92,134.93,153.81,85.47,100.27,98.50,99.23,102.23,110.37,124.33,136.44,142.56,164.75,85.47,100.27,98.50,99.23,102.23,110.37,124.33,136.44,142.56,164.75,85.47,100.27,98.50,99.23,102.23,110.37,124.33,136.44,142.56,164.75,85.47,100.27,98.50,99.23,102.23,110.37,124.33,136.44,142.56,164.75,85.47,100.27,98.50,99.23,102.23,110.37,124.33,136.44,142.56,164.75
0.35,10920.00,2.90,1.00,4.00,3.00,6.00,86300000000000000000.00,21.63,24.33,24.92,28.20,29.12,34.52,41.50,47.37,50.82,61.66,34.68,40.47,39.39,41.12,42.76,47.09,55.19,61.32,67.10,78.35,44.28,50.16,49.69,50.14,51.82,56.45,65.24,71.09,78.25,91.64,49.83,55.31,55.64,55.80,58.71,63.55,71.94,79.35,85.89,98.00,55.14,61.70,61.35,62.53,65.04,69.37,79.38,84.93,91.78,107.12,55.14,61.70,61.35,62.53,65.04,69.37,79.38,84.93,91.78,107.12,55.14,61.70,61.35,62.53,65.04,69.37,79.38,84.93,91.78,107.12,55.14,61.70,61.35,62.53,65.04,69.37,79.38,84.93,91.78,107.12,55.14,61.70,61.35,62.53,65.04,69.37,79.38,84.93,91.78,107.12
0.35,10920.00,2.90,1.00,4.00,3.00,5.00,86300000000000000000.00,24.03,28.08,31.12,30.16,35.66,43.06,54.33,59.92,66.21,79.60,45.09,50.37,51.81,52.93,56.04,62.63,75.09,81.90,87.67,104.99,56.12,64.87,65.30,65.48,68.16,75.16,88.47,93.42,101.37,119.30,64.12,72.21,75.24,73.80,78.71,83.81,96.17,103.33,110.17,130.05,70.00,79.23,79.76,79.59,82.30,88.47,102.32,111.76,121.44,138.87,70.00,79.23,79.76,79.59,82.30,88.47,102.32,111.76,121.44,138.87,70.00,79.23,79.76,79.59,82.30,88.47,102.32,111.76,121.44,138.87,70.00,79.23,79.76,79.59,82.30,88.47,102.32,111.76,121.44,138.87,70.00,79.23,79.76,79.59,82.30,88.47,102.32,111.76,121.44,138.87
0.35,10920.00,2.90,1.00,4.00,3.00,4.00,86300000000000000000.00,28.28,33.26,37.73,38.39,45.20,55.92,67.91,75.85,82.69,99.31,57.01,67.24,67.60,68.51,76.66,83.78,98.63,104.84,116.67,135.22,72.50,86.09,87.39,86.61,91.48,99.63,113.32,121.62,132.63,154.60,84.94,98.21,99.92,100.09,104.93,115.79,129.84,138.52,148.10,169.49,90.43,105.02,106.01,108.18,110.06,120.66,134.05,143.91,154.86,176.87,90.43,105.02,106.01,108.18,110.06,120.66,134.05,143.91,154.86,176.87,90.43,105.02,106.01,108.18,110.06,120.66,134.05,143.91,154.86,176.87,90.43,105.02,106.01,108.18,110.06,120.66,134.05,143.91,154.86,176.87,90.43,105.02,106.01,108.18,110.06,120.66,134.05,143.91,154.86,176.87
0.35,10920.00,2.90,1.00,4.00,3.00,3.00,86300000000000000000.00,34.23,43.45,42.83,45.95,55.85,69.04,85.90,94.94,109.23,124.83,72.09,86.92,88.95,88.91,95.40,106.21,121.84,133.52,142.00,162.56,90.81,109.06,111.15,111.32,115.85,127.71,141.81,152.15,164.88,185.86,102.67,124.14,123.72,125.46,127.78,138.25,153.55,165.57,175.66,198.24,109.03,133.09,132.18,132.43,134.07,144.44,160.84,170.03,183.98,205.10,109.03,133.09,132.18,132.43,134.07,144.44,160.84,170.03,183.98,205.10,109.03,133.09,132.18,132.43,134.07,144.44,160.84,170.03,183.98,205.10,109.03,133.09,132.18,132.43,134.07,144.44,160.84,170.03,183.98,205.10,109.03,133.09,132.18,132.43,134.07,144.44,160.84,170.03,183.98,205.10
0.35,10920.00,2.90,1.00,4.00,3.00,2.00,86300000000000000000.00,36.66,45.61,48.68,52.22,68.13,84.23,106.45,118.34,130.97,149.79,93.09,110.61,112.28,114.19,121.73,134.38,153.58,165.49,179.72,196.39,113.01,137.63,139.04,138.37,143.59,155.71,175.87,186.82,202.42,221.22,125.64,153.00,153.14,153.67,157.44,168.47,188.92,204.23,213.70,233.77,135.72,166.30,162.85,163.11,165.94,174.78,197.85,213.71,223.16,243.74,135.72,166.30,162.85,163.11,165.94,174.78,197.85,213.71,223.16,243.74,135.72,166.30,162.85,163.11,165.94,174.78,197.85,213.71,223.16,243.74,135.72,166.30,162.85,163.11,165.94,174.78,197.85,213.71,223.16,243.74,135.72,166.30,162.85,163.11,165.94,174.78,197.85,213.71,223.16,243.74
0.35,10920.00,2.90,1.00,4.00,3.00,1.00,86300000000000000000.00,45.72,55.31,60.04,64.90,82.50,103.84,133.49,147.87,161.71,174.99,114.58,140.31,139.81,141.42,149.32,165.66,189.18,202.23,216.29,228.59,140.95,172.35,172.20,170.06,177.41,190.31,216.62,229.48,241.04,253.00,156.48,188.80,188.68,188.29,190.92,203.81,228.45,240.80,252.31,264.78,159.01,197.91,196.66,194.74,194.13,206.02,230.45,247.69,257.91,268.13,159.01,197.91,196.66,194.74,194.13,206.02,230.45,247.69,257.91,268.13,159.01,197.91,196.66,194.74,194.13,206.02,230.45,247.69,257.91,268.13,159.01,197.91,196.66,194.74,194.13,206.02,230.45,247.69,257.91,268.13,159.01,197.91,196.66,194.74,194.13,206.02,230.45,247.69,257.91,268.13
0.35,10920.00,2.90,1.00,4.00,2.00,6.00,86300000000000000000.00,61.82,77.48,86.70,94.65,128.45,163.21,195.96,210.34,222.35,231.20,176.95,220.76,216.08,214.88,226.32,246.54,266.72,274.77,280.96,283.78,212.18,259.80,260.86,254.92,263.30,277.33,298.83,302.43,303.46,308.09,224.30,278.00,276.31,267.96,273.46,293.33,306.71,314.56,317.24,314.67,230.86,286.25,279.18,277.98,279.08,296.07,306.32,312.92,318.45,316.28,230.86,286.25,279.18,277.98,279.08,296.07,306.32,312.92,318.45,316.28,230.86,286.25,279.18,277.98,279.08,296.07,306.32,312.92,318.45,316.28,230.86,286.25,279.18,277.98,279.08,296.07,306.32,312.92,318.45,316.28,230.86,286.25,279.18,277.98,279.08,296.07,306.32,312.92,318.45,316.28
0.35,10920.00,2.90,1.00,4.00,2.00,5.00,86300000000000000000.00,64.03,83.50,90.65,102.99,137.69,178.30,207.94,218.33,232.73,240.72,189.05,239.14,232.73,231.77,239.23,262.91,278.49,285.77,289.32,291.42,227.90,283.76,276.86,272.95,280.20,296.42,312.16,314.10,313.73,317.04,238.91,301.63,295.74,289.97,292.34,306.65,320.65,319.80,322.05,317.40,242.14,303.89,295.60,289.44,291.94,305.13,316.42,321.27,322.87,324.73,242.14,303.89,295.60,289.44,291.94,305.13,316.42,321.27,322.87,324.73,242.14,303.89,295.60,289.44,291.94,305.13,316.42,321.27,322.87,324.73,242.14,303.89,295.60,289.44,291.94,305.13,316.42,321.27,322.87,324.73,242.14,303.89,295.60,289.44,291.94,305.13,316.42,321.27,322.87,324.73
0.35,10920.00,2.90,1.00,4.00,2.00,4.00,86300000000000000000.00,69.26,88.87,96.19,109.04,148.90,189.65,221.27,232.70,243.70,249.05,205.72,258.47,251.10,248.60,261.51,278.29,295.12,298.88,304.35,303.59,241.55,300.94,295.01,290.78,290.61,305.88,316.69,318.06,324.11,325.67,253.00,315.00,307.59,299.55,302.32,313.87,323.73,326.29,325.99,326.44,255.01,319.64,311.66,307.74,305.79,312.16,323.40,324.32,330.53,328.15,255.01,319.64,311.66,307.74,305.79,312.16,323.40,324.32,330.53,328.15,255.01,319.64,311.66,307.74,305.79,312.16,323.40,324.32,330.53,328.15,255.01,319.64,311.66,307.74,305.79,312.16,323.40,324.32,330.53,328.15,255.01,319.64,311.66,307.74,305.79,312.16,323.40,324.32,330.53,328.15
0.35,10920.00,2.90,1.00,4.00,2.00,3.00,86300000000000000000.00,70.31,90.28,98.12,111.07,151.03,189.59,221.80,233.42,243.69,250.55,211.43,262.89,255.87,250.66,258.96,277.30,291.62,297.14,302.24,303.07,246.27,304.91,297.65,291.90,293.45,308.88,321.20,326.35,324.69,326.12,261.00,324.08,316.41,307.48,305.79,318.39,320.36,327.88,329.06,327.68,263.22,327.23,317.90,309.65,309.95,315.20,326.50,325.61,329.41,328.92,263.22,327.23,317.90,309.65,309.95,315.20,326.50,325.61,329.41,328.92,263.22,327.23,317.90,309.65,309.95,315.20,326.50,325.61,329.41,328.92,263.22,327.23,317.90,309.65,309.95,315.20,326.50,325.61,329.41,328.92,263.22,327.23,317.90,309.65,309.95,315.20,326.50,325.61,329.41,328.92
0.35,10920.00,2.90,1.00,4.00,2.00,2.00,86300000000000000000.00,69.45,88.60,98.23,110.47,150.76,190.32,218.22,230.57,238.72,246.82,208.28,257.39,252.77,247.98,256.90,279.13,294.67,304.68,307.80,307.53,250.99,309.30,301.50,292.51,296.77,309.05,323.52,323.58,325.42,319.26,258.54,317.11,311.80,302.32,308.62,318.13,329.23,325.56,328.57,325.33,264.35,325.03,314.73,307.70,308.49,317.74,325.00,326.86,327.48,327.47,264.35,325.03,314.73,307.70,308.49,317.74,325.00,326.86,327.48,327.47,264.35,325.03,314.73,307.70,308.49,317.74,325.00,326.86,327.48,327.47,264.35,325.03,314.73,307.70,308.49,317.74,325.00,326.86,327.48,327.47,264.35,325.03,314.73,307.70,308.49,317.74,325.00,326.86,327.48,327.47
0.35,10920.00,2.90,1.00,4.00,2.00,1.00,86300000000000000000.00,69.22,87.39,97.36,109.29,144.32,181.03,217.22,227.49,238.70,244.83,204.82,247.75,243.74,242.03,251.02,270.20,287.37,293.21,300.04,302.08,239.11,297.42,286.04,280.40,287.78,301.02,317.62,320.83,318.12,320.76,253.26,309.61,303.85,295.94,297.44,309.44,317.90,325.21,325.98,325.63,257.22,316.70,307.28,305.67,304.17,311.34,322.05,328.72,333.85,329.00,257.22,316.70,307.28,305.67,304.17,311.34,322.05,328.72,333.85,329.00,257.22,316.70,307.28,305.67,304.17,311.34,322.05,328.72,333.85,329.00,257.22,316.70,307.28,305.67,304.17,311.34,322.05,328.72,333.85,329.00,257.22,316.70,307.28,305.67,304.17,311.34,322.05,328.72,333.85,329.00
0.35,10920.00,2.90,1.00,4.00,1.00,6.00,86300000000000000000.00,54.07,67.77,71.03,79.76,103.05,131.99,163.66,175.21,188.92,198.59,148.94,175.18,174.54,175.07,187.68,203.15,225.50,238.80,247.75,254.81,185.15,217.92,215.74,211.00,217.91,231.01,252.57,263.40,272.86,279.08,198.44,233.44,233.21,228.94,230.64,246.40,263.01,269.99,279.87,283.91,200.18,237.02,233.01,232.33,235.64,247.30,267.65,276.67,280.94,290.26,200.18,237.02,233.01,232.33,235.64,247.30,267.65,276.67,280.94,290.26,200.18,237.02,233.01,232.33,235.64,247.30,267.65,276.67,280.94,290.26,200.18,237.02,233.01,232.33,235.64,247.30,267.65,276.67,280.94,290.26,200.18,237.02,233.01,232.33,235.64,247.30,267.65,276.67,280.94,290.26
0.35,10920.00,2.90,1.00,4.00,1.00,5.00,86300000000000000000.00,46.85,60.20,62.29,68.28,88.13,112.51,138.56,150.00,162.86,175.11,125.90,151.47,150.48,149.75,159.58,174.07,196.69,208.83,216.65,228.25,153.72,183.64,181.04,180.12,184.56,197.53,216.48,227.51,236.11,248.38,164.18,196.97,197.14,194.82,195.63,207.21,230.34,238.70,249.05,258.59,173.64,206.21,206.28,200.53,204.83,215.71,236.95,244.04,254.52,268.29,173.64,206.21,206.28,200.53,204.83,215.71,236.95,244.04,254.52,268.29,173.64,206.21,206.28,200.53,204.83,215.71,236.95,244.04,254.52,268.29,173.64,206.21,206.28,200.53,204.83,215.71,236.95,244.04,254.52,268.29,173.64,206.21,206.28,200.53,204.83,215.71,236.95,244.04,254.52,268.29
0.35,10920.00,2.90,1.00,4.00,1.00,4.00,86300000000000000000.00,41.20,50.99,54.90,59.66,75.60,92.36,116.99,128.20,140.62,153.56,104.38,124.92,125.52,125.56,133.79,145.58,166.02,176.96,189.53,203.48,129.70,155.55,155.59,154.21,162.01,171.12,191.66,202.00,212.85,224.68,144.90,172.04,171.98,170.10,174.43,185.72,201.96,212.23,226.31,235.07,149.87,178.02,178.36,175.93,178.16,190.10,209.99,220.38,230.22,244.29,149.87,178.02,178.36,175.93,178.16,190.10,209.99,220.38,230.22,244.29,149.87,178.02,178.36,175.93,178.16,190.10,209.99,220.38,230.22,244.29,149.87,178.02,178.36,175.93,178.16,190.10,209.99,220.38,230.22,244.29,149.87,178.02,178.36,175.93,178.16,190.10,209.99,220.38,230.22,244.29
0.35,10920.00,2.90,1.00,4.00,1.00,3.00,86300000000000000000.00,36.38,44.59,48.49,50.54,63.50,79.14,97.08,106.74,118.96,134.21,83.83,100.77,101.91,101.85,108.14,121.30,137.10,146.52,158.63,171.74,105.37,124.97,126.46,126.39,130.00,141.74,155.31,165.61,176.59,194.17,114.84,137.25,139.74,140.03,142.53,149.05,167.34,174.51,185.97,201.87,122.74,148.18,146.08,144.53,147.30,159.04,172.97,181.94,192.24,211.37,122.74,148.18,146.08,144.53,147.30,159.04,172.97,181.94,192.24,211.37,122.74,148.18,146.08,144.53,147.30,159.04,172.97,181.94,192.24,211.37,122.74,148.18,146.08,144.53,147.30,159.04,172.97,181.94,192.24,211.37,122.74,148.18,146.08,144.53,147.30,159.04,172.97,181.94,192.24,211.37
0.35,10920.00,2.90,1.00,4.00,1.00,2.00,86300000000000000000.00,32.65,37.74,39.13,42.36,52.00,63.14,78.99,85.44,96.15,110.19,67.20,79.61,80.71,82.05,86.18,95.03,108.84,117.77,126.05,143.22,85.88,99.54,101.17,99.31,102.96,113.13,126.28,134.09,145.20,159.56,96.53,111.06,112.08,111.62,115.54,122.52,135.81,145.73,154.76,172.48,100.43,118.00,119.16,118.61,121.84,127.98,144.40,151.40,161.99,180.00,100.43,118.00,119.16,118.61,121.84,127.98,144.40,151.40,161.99,180.00,100.43,118.00,119.16,118.61,121.84,127.98,144.40,151.40,161.99,180.00,100.43,118.00,119.16,118.61,121.84,127.98,144.40,151.40,161.99,180.00,100.43,118.00,119.16,118.61,121.84,127.98,144.40,151.40,161.99,180.00
0.35,10920.00,2.90,1.00,4.00,1.00,1.00,86300000000000000000.00,27.41,32.69,33.51,35.34,42.21,51.35,62.29,68.52,75.37,88.35,54.31,62.31,62.98,63.21,68.45,77.62,87.77,94.58,102.84,117.99,70.93,80.53,80.40,80.34,84.42,90.76,103.00,110.18,118.07,133.09,80.14,89.99,90.51,90.36,92.28,99.13,111.84,115.60,125.83,145.77,81.31,95.55,93.47,93.30,97.56,103.88,116.49,123.81,131.68,150.64,81.31,95.55,93.47,93.30,97.56,103.88,116.49,123.81,131.68,150.64,81.31,95.55,93.47,93.30,97.56,103.88,116.49,123.81,131.68,150.64,81.31,95.55,93.47,93.30,97.56,103.88,116.49,123.81,131.68,150.64,81.31,95.55,93.47,93.30,97.56,103.88,116.49,123.81,131.68,150.64
0.35,10920.00,2.90,1.00,5.00,3.00,6.00,86300000000000000000.00,21.28,24.35,25.14,27.01,29.92,34.07,42.69,49.17,54.18,64.25,35.55,40.23,39.77,40.49,44.52,47.26,56.07,62.92,67.73,83.08,45.62,49.45,50.00,50.28,54.95,56.73,66.89,75.71,82.00,96.87,52.48,56.45,57.70,56.97,58.78,63.79,75.68,81.24,89.75,105.26,55.77,61.11,62.93,62.24,65.48,67.52,80.86,87.94,95.57,116.61,55.77,61.11,62.93,62.24,65.48,67.52,80.86,87.94,95.57,116.61,55.77,61.11,62.93,62.24,65.48,67.52,80.86,87.94,95.57,116.61,55.77,61.11,62.93,62.24,65.48,67.52,80.86,87.94,95.57,116.61,55.77,61.11,62.93,62.24,65.48,67.52,80.86,87.94,95.57,116.61
0.35,10920.00,2.90,1.00,5.00,3.00,5.00,86300000000000000000.00,23.41,26.62,28.35,29.88,34.71,43.43,54.56,60.99,69.16,83.73,44.43,50.02,50.81,51.69,56.21,61.69,73.79,80.31,88.51,109.09,55.93,63.45,64.73,66.11,69.29,75.79,88.36,96.50,105.73,125.53,63.47,73.26,74.40,75.26,76.88,84.67,99.36,106.72,115.20,135.67,69.47,80.30,80.34,79.34,83.24,92.27,106.33,112.47,125.37,147.87,69.47,80.30,80.34,79.34,83.24,92.27,106.33,112.47,125.37,147.87,69.47,80.30,80.34,79.34,83.24,92.27,106.33,112.47,125.37,147.87,69.47,80.30,80.34,79.34,83.24,92.27,106.33,112.47,125.37,147.87,69.47,80.30,80.34,79.34,83.24,92.27,106.33,112.47,125.37,147.87
0.35,10920.00,2.90,1.00,5.00,3.00,4.00,86300000000000000000.00,30.00,34.67,36.93,38.68,46.21,57.28,71.60,79.52,90.43,108.98,58.93,68.79,71.30,71.62,76.84,89.92,101.53,111.85,120.16,143.51,73.53,88.81,89.23,91.64,93.35,104.00,117.96,128.26,139.79,164.95,83.94,99.55,102.21,102.85,105.63,116.78,133.59,142.82,154.04,181.99,91.40,107.21,109.58,109.54,112.89,122.45,138.87,148.26,161.54,187.93,91.40,107.21,109.58,109.54,112.89,122.45,138.87,148.26,161.54,187.93,91.40,107.21,109.58,109.54,112.89,122.45,138.87,148.26,161.54,187.93,91.40,107.21,109.58,109.54,112.89,122.45,138.87,148.26,161.54,187.93,91.40,107.21,109.58,109.54,112.89,122.45,138.87,148.26,161.54,187.93
0.35,10920.00,2.90,1.00,5.00,3.00,3.00,86300000000000000000.00,32.96,40.40,43.13,46.42,56.77,70.59,88.25,97.84,112.36,131.93,72.31,88.85,91.79,90.81,97.72,112.51,128.31,138.19,153.28,174.84,91.79,111.45,112.60,115.82,120.47,130.61,149.41,160.86,177.96,202.59,103.72,128.43,129.12,130.38,134.18,147.12,163.50,176.11,190.83,216.28,109.47,134.44,137.31,138.35,141.32,153.90,171.91,182.88,200.79,230.16,109.47,134.44,137.31,138.35,141.32,153.90,171.91,182.88,200.79,230.16,109.47,134.44,137.31,138.35,141.32,153.90,171.91,182.88,200.79,230.16,109.47,134.44,137.31,138.35,141.32,153.90,171.91,182.88,200.79,230.16,109.47,134.44,137.31,138.35,141.32,153.90,171.91,182.88,200.79,230.16
0.35,10920.00,2.90,1.00,5.00,3.00,2.00,86300000000000000000.00,39.48,48.86,52.64,57.18,72.21,90.37,116.47,126.63,143.82,158.86,88.29,111.55,113.88,115.56,123.51,136.25,158.34,171.60,187.71,208.51,114.19,144.10,143.52,144.30,151.54,162.54,185.70,199.78,217.50,237.15,130.68,159.59,163.13,162.67,166.76,177.63,202.40,214.67,231.97,251.36,135.39,167.61,169.22,167.91,173.55,182.13,205.49,217.79,236.96,256.27,135.39,167.61,169.22,167.91,173.55,182.13,205.49,217.79,236.96,256.27,135.39,167.61,169.22,167.91,173.55,182.13,205.49,217.79,236.96,256.27,135.39,167.61,169.22,167.91,173.55,182.13,205.49,217.79,236.96,256.27,135.39,167.61,169.22,167.91,173.55,182.13,205.49,217.79,236.96,256.27
0.35,10920.00,2.90,1.00,5.00,3.00,1.00,86300000000000000000.00,46.01,57.83,61.56,68.59,85.61,110.66,138.77,155.06,169.97,185.03,113.06,139.47,141.34,143.35,151.57,168.79,198.45,211.59,227.27,239.39,141.40,176.69,175.65,177.32,183.62,196.81,228.60,240.28,253.87,268.20,156.53,194.26,194.65,190.81,195.62,211.67,239.99,253.15,268.21,280.03,161.41,199.57,201.47,197.68,202.17,218.90,245.57,259.81,274.72,289.11,161.41,199.57,201.47,197.68,202.17,218.90,245.57,259.81,274.72,289.11,161.41,199.57,201.47,197.68,202.17,218.90,245.57,259.81,274.72,289.11,161.41,199.57,201.47,197.68,202.17,218.90,245.57,259.81,274.72,289.11,161.41,199.57,201.47,197.68,202.17,218.90,245.57,259.81,274.72,289.11
0.35,10920.00,2.90,1.00,5.00,2.00,6.00,86300000000000000000.00,63.88,80.05,90.09,100.79,137.29,174.38,212.26,224.97,235.76,246.57,183.62,230.58,228.52,228.47,240.37,262.22,285.99,294.56,304.05,305.01,221.54,280.76,274.33,270.81,276.18,298.85,321.78,328.18,332.08,331.92,232.25,295.31,290.93,290.29,290.67,310.24,329.49,335.18,339.40,340.28,238.09,300.14,298.99,290.72,302.03,316.45,328.49,331.12,335.94,336.52,238.09,300.14,298.99,290.72,302.03,316.45,328.49,331.12,335.94,336.52,238.09,300.14,298.99,290.72,302.03,316.45,328.49,331.12,335.94,336.52,238.09,300.14,298.99,290.72,302.03,316.45,328.49,331.12,335.94,336.52,238.09,300.14,298.99,290.72,302.03,316.45,328.49,331.12,335.94,336.52
0.35,10920.00,2.90,1.00,5.00,2.00,5.00,86300000000000000000.00,65.34,87.10,96.02,108.51,148.91,186.61,222.82,238.08,248.57,255.40,197.46,256.06,251.54,249.06,259.60,283.68,300.94,303.53,308.10,313.83,235.47,298.60,294.70,292.27,296.73,312.81,327.24,329.02,333.77,332.42,244.26,317.32,310.60,303.13,304.57,321.67,334.30,338.16,342.84,337.91,250.51,320.63,314.44,306.32,310.66,324.79,338.63,340.14,342.04,344.80,250.51,320.63,314.44,306.32,310.66,324.79,338.63,340.14,342.04,344.80,250.51,320.63,314.44,306.32,310.66,324.79,338.63,340.14,342.04,344.80,250.51,320.63,314.44,306.32,310.66,324.79,338.63,340.14,342.04,344.80,250.51,320.63,314.44,306.32,310.66,324.79,338.63,340.14,342.04,344.80
0.35,10920.00,2.90,1.00,5.00,2.00,4.00,86300000000000000000.00,70.34,91.71,101.73,115.87,161.32,199.39,233.60,246.94,256.60,263.35,210.28,270.64,264.73,262.17,275.07,295.80,311.74,317.73,320.50,323.60,256.47,322.26,314.07,310.37,309.41,323.70,335.63,338.54,343.82,339.86,257.82,331.38,325.39,313.17,318.32,334.11,344.16,346.45,346.57,345.13,266.13,338.90,328.69,329.38,326.07,336.02,342.17,345.91,341.32,344.89,266.13,338.90,328.69,329.38,326.07,336.02,342.17,345.91,341.32,344.89,266.13,338.90,328.69,329.38,326.07,336.02,342.17,345.91,341.32,344.89,266.13,338.90,328.69,329.38,326.07,336.02,342.17,345.91,341.32,344.89,266.13,338.90,328.69,329.38,326.07,336.02,342.17,345.91,341.32,344.89
0.35,10920.00,2.90,1.00,5.00,2.00,3.00,86300000000000000000.00,73.30,97.88,105.73,119.85,163.76,209.23,242.18,257.31,267.28,272.05,225.34,285.32,278.59,272.72,283.14,297.64,313.87,319.12,322.56,326.02,256.29,326.57,315.68,311.00,315.26,325.54,344.16,349.37,349.83,346.23,271.12,347.05,337.11,329.44,329.36,336.65,347.16,351.20,352.59,348.23,271.82,343.47,335.52,324.06,327.31,339.27,349.09,354.47,351.49,346.37,271.82,343.47,335.52,324.06,327.31,339.27,349.09,354.47,351.49,346.37,271.82,343.47,335.52,324.06,327.31,339.27,349.09,354.47,351.49,346.37,271.82,343.47,335.52,324.06,327.31,339.27,349.09,354.47,351.49,346.37,271.82,343.47,335.52,324.06,327.31,339.27,349.09,354.47,351.49,346.37
0.35,10920.00,2.90,1.00,5.00,2.00,2.00,86300000000000000000.00,70.32,92.43,102.17,116.23,158.81,201.31,240.11,256.80,260.32,267.04,221.59,276.78,271.01,266.95,278.60,296.21,312.96,318.34,322.13,327.17,257.79,326.51,318.73,309.11,314.84,325.19,339.89,342.96,347.38,343.53,270.89,343.51,333.35,324.73,327.07,344.42,352.89,354.54,358.38,351.82,277.02,347.23,341.02,332.93,327.85,338.99,354.22,355.19,358.37,356.09,277.02,347.23,341.02,332.93,327.85,338.99,354.22,355.19,358.37,356.09,277.02,347.23,341.02,332.93,327.85,338.99,354.22,355.19,358.37,356.09,277.02,347.23,341.02,332.93,327.85,338.99,354.22,355.19,358.37,356.09,277.02,347.23,341.02,332.93,327.85,338.99,354.22,355.19,358.37,356.09
0.35,10920.00,2.90,1.00,5.00,2.00,1.00,86300000000000000000.00,69.36,89.38,98.11,111.58,152.39,195.75,230.86,242.54,254.54,257.85,214.75,266.45,261.16,257.82,270.16,289.25,311.51,314.23,317.86,321.02,252.56,314.18,304.64,299.80,301.46,316.43,332.76,340.30,339.95,342.69,261.42,329.01,319.36,313.78,316.19,324.50,339.94,346.94,346.19,343.39,267.68,330.74,324.93,319.29,317.75,329.59,338.61,344.45,346.49,348.01,267.68,330.74,324.93,319.29,317.75,329.59,338.61,344.45,346.49,348.01,267.68,330.74,324.93,319.29,317.75,329.59,338.61,344.45,346.49,348.01,267.68,330.74,324.93,319.29,317.75,329.59,338.61,344.45,346.49,348.01,267.68,330.74,324.93,319.29,317.75,329.59,338.61,344.45,346.49,348.01
0.35,10920.00,2.90,1.00,5.00,1.00,6.00,86300000000000000000.00,58.61,72.75,77.73,85.02,112.12,141.37,176.08,189.98,202.18,213.90,153.17,185.27,181.87,181.97,192.16,214.62,239.92,248.79,256.70,267.76,189.60,222.40,222.54,219.75,225.68,244.86,271.46,279.08,283.38,292.67,201.63,240.62,240.20,236.72,246.55,260.20,281.26,290.38,299.89,303.99,208.44,251.99,246.61,241.63,248.26,263.54,285.36,295.35,302.97,311.06,208.44,251.99,246.61,241.63,248.26,263.54,285.36,295.35,302.97,311.06,208.44,251.99,246.61,241.63,248.26,263.54,285.36,295.35,302.97,311.06,208.44,251.99,246.61,241.63,248.26,263.54,285.36,295.35,302.97,311.06,208.44,251.99,246.61,241.63,248.26,263.54,285.36,295.35,302.97,311.06
0.35,10920.00,2.90,1.00,5.00,1.00,5.00,86300000000000000000.00,50.87,64.15,66.89,74.95,95.79,120.41,149.68,162.00,176.08,189.63,128.91,155.09,157.09,156.12,166.67,185.04,207.50,221.14,231.63,242.51,157.81,190.60,192.46,191.49,195.48,211.73,237.54,249.75,256.69,268.19,175.23,211.59,210.67,207.03,211.44,226.78,248.96,260.33,271.19,282.82,184.58,220.12,217.00,218.51,217.60,232.64,253.91,266.42,273.07,289.33,184.58,220.12,217.00,218.51,217.60,232.64,253.91,266.42,273.07,289.33,184.58,220.12,217.00,218.51,217.60,232.64,253.91,266.42,273.07,289.33,184.58,220.12,217.00,218.51,217.60,232.64,253.91,266.42,273.07,289.33,184.58,220.12,217.00,218.51,217.60,232.64,253.91,266.42,273.07,289.33
0.35,10920.00,2.90,1.00,5.00,1.00,4.00,86300000000000000000.00,44.07,53.76,57.93,62.90,78.21,97.54,121.71,134.51,146.77,163.25,104.40,128.38,127.94,130.01,136.33,149.70,172.99,183.32,198.05,211.95,130.63,158.79,159.40,159.05,164.33,175.01,197.61,209.70,223.82,237.20,147.10,176.60,176.36,176.50,181.44,190.17,213.18,224.26,236.95,250.70,150.21,183.40,183.36,182.05,186.87,195.63,216.72,232.12,241.94,258.97,150.21,183.40,183.36,182.05,186.87,195.63,216.72,232.12,241.94,258.97,150.21,183.40,183.36,182.05,186.87,195.63,216.72,232.12,241.94,258.97,150.21,183.40,183.36,182.05,186.87,195.63,216.72,232.12,241.94,258.97,150.21,183.40,183.36,182.05,186.87,195.63,216.72,232.12,241.94,258.97
0.35,10920.00,2.90,1.00,5.00,1.00,3.00,86300000000000000000.00,39.32,46.50,50.42,53.25,67.60,82.99,103.16,113.48,126.72,142.76,87.17,103.56,105.52,104.41,111.60,123.88,142.42,154.62,168.15,185.75,111.32,133.27,133.04,133.23,139.59,150.66,168.49,179.57,193.93,209.66,123.90,148.51,149.12,149.93,153.06,163.07,177.97,187.18,199.50,221.31,129.90,156.30,157.43,153.94,158.56,169.22,186.01,197.30,212.09,233.80,129.90,156.30,157.43,153.94,158.56,169.22,186.01,197.30,212.09,233.80,129.90,156.30,157.43,153.94,158.56,169.22,186.01,197.30,212.09,233.80,129.90,156.30,157.43,153.94,158.56,169.22,186.01,197.30,212.09,233.80,129.90,156.30,157.43,153.94,158.56,169.22,186.01,197.30,212.09,233.80
0.35,10920.00,2.90,1.00,5.00,1.00,2.00,86300000000000000000.00,32.90,37.82,40.53,44.76,53.93,67.00,81.31,91.73,99.00,115.40,68.30,79.71,81.44,84.41,89.37,99.91,115.84,125.50,134.08,152.71,87.85,102.51,103.12,105.48,108.37,118.11,132.64,141.01,150.17,173.18,98.97,117.96,117.68,116.53,121.28,132.12,146.48,157.49,168.75,191.13,105.13,122.63,124.82,123.08,129.13,140.14,152.01,163.86,175.29,198.23,105.13,122.63,124.82,123.08,129.13,140.14,152.01,163.86,175.29,198.23,105.13,122.63,124.82,123.08,129.13,140.14,152.01,163.86,175.29,198.23,105.13,122.63,124.82,123.08,129.13,140.14,152.01,163.86,175.29,198.23,105.13,122.63,124.82,123.08,129.13,140.14,152.01,163.86,175.29,198.23
0.35,10920.00,2.90,1.00,5.00,1.00,1.00,86300000000000000000.00,28.60,34.47,35.51,37.30,45.10,53.09,66.32,75.39,81.49,96.15,57.28,64.36,67.00,67.01,70.76,77.84,90.91,97.94,107.19,125.11,71.04,81.91,82.39,82.69,86.20,93.70,107.80,114.10,123.79,141.63,78.86,90.94,90.65,91.19,95.02,103.87,117.20,125.85,136.49,157.44,84.22,96.62,98.15,98.77,101.39,110.32,124.29,129.64,140.94,161.28,84.22,96.62,98.15,98.77,101.39,110.32,124.29,129.64,140.94,161.28,84.22,96.62,98.15,98.77,101.39,110.32,124.29,129.64,140.94,161.28,84.22,96.62,98.15,98.77,101.39,110.32,124.29,129.64,140.94,161.28,84.22,96.62,98.15,98.77,101.39,110.32,124.29,129.64,140.94,161.28
