U%,Density,Thermal_Conductivity,IV,Digit1,Digit2,Digit3,0,1,5,10,15,20,25,25.001,26,30,35,40,45,50,50.001,51,55,60,65,70,75,75.001,76,80,85,90,95,100,100.001,101,105,110,115,120,125,125.001,126,130,135,140,145,150,150.001,151,155,160,165,170,175,175.001,176,180,185,190,195,200,200.001,201,205,210,215,220,225,225.001,226,230,235,240,245,250,250.001,251,255,260,265,270,275,275.001,276,280,285,290,295,300
0.711,12970,20.9,1,1,1,1,0,0.038134709,0.207092297,0.432340826,0.688751031,0.994192994,1.446403051,1.446403051,1.500548889,1.767259972,2.105201954,2.472597235,2.890712632,3.478655434,3.478655434,3.545505197,3.865072619,4.27144447,4.699601918,5.176758036,5.843274648,5.843274648,5.918215068,6.277101782,6.729879413,7.195966321,7.725039452,8.44979337,8.44979337,8.531185949,8.91429512,9.402640289,9.910288537,10.47042527,11.25133314,11.25133314,11.33770936,11.74147126,12.25067549,12.7812784,13.36393078,14.16385254,14.16385254,14.25022875,14.65399066,15.16319489,15.69379779,16.27645018,17.07637194,17.07637194,17.16274815,17.56651006,18.07571429,18.60631719,19.18896958,19.98889133,19.98889133,20.07526755,20.47902945,20.98823368,21.51883659,22.10148897,22.90141073,22.90141073,22.98778694,23.39154885,23.90075308,24.43135598,25.01400837,25.81393013,25.81393013,25.90030634,26.30406825,26.81327248,27.34387538,27.92652777,28.72644952,28.72644952,28.81282574,29.21658764,29.72579187,30.25639478,30.83904716,31.63880897
0.711,12970,20.9,1,1,1,2,0,0.044117023,0.244587156,0.51661484,0.833808487,1.220964434,1.775756981,1.775756981,1.843025852,2.186591042,2.625848928,3.101885806,3.64651048,4.392845582,4.392845582,4.477826638,4.905115206,5.449144905,6.021461643,6.659759737,7.520145905,7.520145905,7.61584603,8.090532756,8.691127786,9.319323299,10.01879222,10.94642689,10.94642689,11.04884354,11.55971353,12.20088248,12.87580516,13.6174827,14.59191268,14.59191268,14.69943399,15.23060679,15.8912493,16.59111087,17.35918772,18.37014075,18.37014075,18.47766205,19.00883486,19.66947737,20.36933894,21.13741578,22.14836881,22.14836881,22.25589012,22.78706292,23.44770543,24.147567,24.91564385,25.92659688,25.92659688,26.03411818,26.56529099,27.2259335,27.92579507,28.69387191,29.70482494,29.70482494,29.81234625,30.34351905,31.00416156,31.70402313,32.47209997,33.48305301,33.48305301,33.59057431,34.12174712,34.78238963,35.4822512,36.25032804,37.26128107,37.26128107,37.36880238,37.89997518,38.56061769,39.26047926,40.0285561,41.03930698
0.711,12970,20.9,1,1,1,3,0,0.052649252,0.297328886,0.634106397,1.036822127,1.524094099,2.233471274,2.233471274,2.318755151,2.778153153,3.356942566,3.978108748,4.674777673,5.633732942,5.633732942,5.741598835,6.304732933,7.013610277,7.751688902,8.557522961,9.644489996,9.644489996,9.765079374,10.38142242,11.15204662,11.95371689,12.82298205,13.97049007,13.97049007,14.09683562,14.74562032,15.55842985,16.3923882,17.29614798,18.49969059,18.49969059,18.63370263,19.32055744,20.17395435,21.03977312,21.9715955,23.20996718,23.20996718,23.34397921,24.03083403,24.88423094,25.75004971,26.68187208,27.92024377,27.92024377,28.0542558,28.74111062,29.59450753,30.4603263,31.39214867,32.63052036,32.63052036,32.76453239,33.45138721,34.30478412,35.17060288,36.10242526,37.34079694,37.34079694,37.47480898,38.16166379,39.0150607,39.88087947,40.81270185,42.05107353,42.05107353,42.18508556,42.87194038,43.72533729,44.59115606,45.52297843,46.76135012,46.76135012,46.89536215,47.58221697,48.43561388,49.30143265,50.23325502,51.47137908
0.711,12970,20.9,1,1,1,4,0,0.064133028,0.35686162,0.765334122,1.255490049,1.850779793,2.729737677,2.729737677,2.839830895,3.416663322,4.154205359,4.935120003,5.799123643,6.981236301,6.981236301,7.118830294,7.821758775,8.700244838,9.612307597,10.60229162,11.93583972,11.93583972,12.08912338,12.86254471,13.81739481,14.79566587,15.84386863,17.23259707,17.23259707,17.3929035,18.20359163,19.19869558,20.21678529,21.30601532,22.75823443,22.75823443,22.92277907,23.75405269,24.77025264,25.80531841,26.91595308,28.37559828,28.37559828,28.54014291,29.37141653,30.38761649,31.42268225,32.53331693,33.99296212,33.99296212,34.15750676,34.98878037,36.00498033,37.0400461,38.15068077,39.61032597,39.61032597,39.7748706,40.60614422,41.62234418,42.65740994,43.76804462,45.22768981,45.22768981,45.39223444,46.22350806,47.23970802,48.27477379,49.38540846,50.84505366,50.84505366,51.00959829,51.84087191,52.85707187,53.89213763,55.00277231,56.4624175,56.4624175,56.62696213,57.45823575,58.47443571,59.50950147,60.62013615,62.07948947
0.711,12970,20.9,1,1,1,5,0,0.076591866,0.417346869,0.89079387,1.467952595,2.187521712,3.215158782,3.215158782,3.349600638,4.048268244,4.919906103,5.841245445,6.865003764,8.233225377,8.233225377,8.401405945,9.256416933,10.2947943,11.37106802,12.53245752,14.04964261,14.04964261,14.23262589,15.13725615,16.25691795,17.40282717,18.6373303,20.23481866,20.23481866,20.42632892,21.37423981,22.53175402,23.71483553,25.00709658,26.63700673,26.63700673,26.83469125,27.79741851,28.97599553,30.17774879,31.46500517,33.11207829,33.11207829,33.30976281,34.27249006,35.45106708,36.65282035,37.94007673,39.58714985,39.58714985,39.78483437,40.74756162,41.92613864,43.12789191,44.41514829,46.0622214,46.0622214,46.25990593,47.22263318,48.4012102,49.60296347,50.89021984,52.53729296,52.53729296,52.73497748,53.69770474,54.87628176,56.07803502,57.3652914,59.01236452,59.01236452,59.21004904,60.1727763,61.35135331,62.55310658,63.84036296,65.48743608,65.48743608,65.6851206,66.64784785,67.82642487,69.02817814,70.31543452,71.96217829
0.711,12970,20.9,1,1,1,6,0,0.087539664,0.479748794,1.034845163,1.727765592,2.60764761,3.779298204,3.779298204,3.939238474,4.777591808,5.811123178,6.910044486,8.148249427,9.679963786,9.679963786,9.877189842,10.87469307,12.0870508,13.34971731,14.72663731,16.42411896,16.42411896,16.63609845,17.7027246,19.00311413,20.3431279,21.80041123,23.57815705,23.57815705,23.80174647,24.90755695,26.25262491,27.61875034,29.1128726,30.91636439,30.91636439,31.14101004,32.24780169,33.59117615,34.96478762,36.45113653,38.25093925,38.25093925,38.47558489,39.58237655,40.92575101,42.29936247,43.78571139,45.5855141,45.5855141,45.81015975,46.9169514,48.26032586,49.63393733,51.12028625,52.92008896,52.92008896,53.14473461,54.25152626,55.59490072,56.96851218,58.4548611,60.25466382,60.25466382,60.47930946,61.58610111,62.92947558,64.30308704,65.78943596,67.58923867,67.58923867,67.81388432,68.92067597,70.26405043,71.6376619,73.12401081,74.92381353,74.92381353,75.14845917,76.25525083,77.59862529,78.97223675,80.45858567,82.25802849
0.711,12970,20.9,1,1,2,1,0,0.124297234,0.699403605,1.522828809,2.57511067,3.866956648,5.363998261,5.363998261,5.605781287,6.922034471,8.495443419,10.14636433,11.93863782,13.82663748,13.82663748,14.11759627,15.65307498,17.46869343,19.30235391,21.23514548,23.23608939,23.23608939,23.53790344,25.11293928,26.97309248,28.85228912,30.81084466,32.84965034,32.84965034,33.1533325,34.72687897,36.58789434,38.45445563,40.40141346,42.41000912,42.41000912,42.7131731,44.28602066,46.14556704,48.01880862,49.96398404,51.98001721,51.98001721,52.28318119,53.85602874,55.71557512,57.58881671,59.53399213,61.55002529,61.55002529,61.85318927,63.42603683,65.28558321,67.15882479,69.10400021,71.12003338,71.12003338,71.42319736,72.99604491,74.85559129,76.72883288,78.6740083,80.69004146,80.69004146,80.99320544,82.566053,84.42559938,86.29884096,88.24401638,90.26004955,90.26004955,90.56321353,92.13606108,93.99560746,95.86884904,97.81402447,99.83005763,99.83005763,100.1332216,101.7060692,103.5656155,105.4388571,107.3840325,109.3996626
0.711,12970,20.9,1,1,2,2,0,0.130777725,0.722672076,1.579396836,2.676166642,4.006140647,5.521075581,5.521075581,5.781025479,7.160186426,8.795919784,10.47819106,12.27781071,14.15646009,14.15646009,14.45940739,16.01301639,17.84949648,19.72115885,21.67604079,23.68402882,23.68402882,24.00191287,25.62539634,27.53658469,29.44475827,31.43579139,33.46782478,33.46782478,33.79080341,35.43356412,37.35993508,39.28808597,41.29710235,43.34386312,43.34386312,43.66582587,45.30023793,47.21930578,49.13160315,51.10486552,53.12134924,53.12134924,53.44331199,55.07772406,56.99679191,58.90908927,60.88235164,62.89883536,62.89883536,63.22079811,64.85521018,66.77427803,68.6865754,70.65983777,72.67632149,72.67632149,72.99828424,74.6326963,76.55176415,78.46406152,80.43732389,82.45380761,82.45380761,82.77577036,84.41018242,86.32925027,88.24154764,90.21481001,92.23129373,92.23129373,92.55325648,94.18766854,96.10673639,98.01903376,99.99229613,102.0087798,102.0087798,102.3307426,103.9651547,105.8842225,107.7965199,109.7697823,111.7858628
0.711,12970,20.9,1,1,2,3,0,0.132435894,0.728636874,1.592679132,2.68862693,4.017117573,5.53497594,5.53497594,5.796309286,7.171131056,8.811069518,10.51568125,12.34259563,14.24984822,14.24984822,14.55897512,16.14849042,18.03007557,19.93208083,21.89948395,23.90956594,23.90956594,24.23194511,25.8744529,27.80822555,29.7455566,31.75475208,33.78900093,33.78900093,34.11549834,35.7615147,37.70492991,39.64593826,41.65799809,43.70165272,43.70165272,44.02851135,45.6846153,47.6157143,49.54567514,51.5443716,53.59641375,53.59641375,53.92327238,55.57937633,57.51047533,59.44043617,61.43913263,63.49117479,63.49117479,63.81803342,65.47413736,67.40523637,69.33519721,71.33389367,73.38593582,73.38593582,73.71279445,75.3688984,77.2999974,79.22995824,81.2286547,83.28069685,83.28069685,83.60755548,85.26365943,87.19475843,89.12471927,91.12341573,93.17545788,93.17545788,93.50231652,95.15842046,97.08951946,99.01948031,101.0181768,103.0702189,103.0702189,103.3970775,105.0531815,106.9842805,108.9142413,110.9129378,112.9645696
0.711,12970,20.9,1,1,2,4,0,0.126318184,0.706397254,1.547014533,2.62136823,3.928138429,5.422054547,5.422054547,5.669984429,7.004097801,8.609899735,10.27195362,12.05488503,13.93058901,13.93058901,14.22097359,15.73670777,17.54601009,19.38579154,21.3223898,23.31813151,23.31813151,23.62722289,25.24430399,27.15126282,29.06388478,31.04891389,33.09330123,33.09330123,33.40360483,35.02215079,36.92838778,38.83318444,40.80960478,42.83339208,42.83339208,43.14327475,44.743427,46.63231833,48.52756215,50.48568745,52.4867067,52.4867067,52.79658937,54.39674163,56.28563295,58.18087677,60.13900208,62.14002132,62.14002132,62.44990399,64.05005625,65.93894757,67.8341914,69.7923167,71.79333595,71.79333595,72.10321862,73.70337088,75.5922622,77.48750602,79.44563132,81.44665057,81.44665057,81.75653324,83.3566855,85.24557682,87.14082065,89.09894595,91.09996519,91.09996519,91.40984786,93.01000012,94.89889144,96.79413527,98.75226057,100.7532798,100.7532798,101.0631625,102.6633147,104.5522061,106.4474499,108.4055752,110.4061943
0.711,12970,20.9,1,1,2,5,0,0.111636483,0.653989156,1.439651387,2.453009741,3.715991957,5.185547974,5.185547974,5.407031296,6.66632244,8.186997856,9.776644757,11.51210546,13.37150314,13.37150314,13.63362822,15.08045547,16.81261226,18.59448113,20.46147449,22.43212835,22.43212835,22.708151,24.21453748,26.01392519,27.82701141,29.74869083,31.76224606,31.76224606,32.04164805,33.57785386,35.40503553,37.24397671,39.16583155,41.17862095,41.17862095,41.45956618,42.99192252,44.80340769,46.62801569,48.5360877,50.51852673,50.51852673,50.79947195,52.33182829,54.14331346,55.96792147,57.87599347,59.8584325,59.8584325,60.13937772,61.67173406,63.48321924,65.30782724,67.21589925,69.19833827,69.19833827,69.4792835,71.01163984,72.82312501,74.64773301,76.55580502,78.53824405,78.53824405,78.81918927,80.35154561,82.16303078,83.98763879,85.89571079,87.87814982,87.87814982,88.15909504,89.69145138,91.50293656,93.32754456,95.23561657,97.21805559,97.21805559,97.49900082,99.03135716,100.8428423,102.6674503,104.5755223,106.557565
0.711,12970,20.9,1,1,2,6,0,0.097192609,0.579735748,1.278902391,2.176580413,3.322477756,4.708999805,4.708999805,4.897859913,5.996250253,7.349070903,8.790210843,10.40535854,12.18431035,12.18431035,12.41305613,13.69906381,15.27125003,16.90535435,18.68954204,20.63755801,20.63755801,20.88284128,22.23999064,23.8930673,25.58764546,27.42175565,29.40198973,29.40198973,29.64902757,31.01089224,32.67073671,34.39940727,36.25914316,38.26019402,38.26019402,38.51079132,39.87950299,41.54421972,43.25211053,45.09354149,47.08044382,47.08044382,47.33104113,48.6997528,50.36446952,52.07236033,53.9137913,55.90069363,55.90069363,56.15129094,57.5200026,59.18471933,60.89261014,62.73404111,64.72094344,64.72094344,64.97154074,66.34025241,68.00496914,69.71285995,71.55429091,73.54119324,73.54119324,73.79179055,75.16050221,76.82521894,78.53310975,80.37454072,82.36144305,82.36144305,82.61204036,83.98075202,85.64546875,87.35335956,89.19479053,91.18169286,91.18169286,91.43229016,92.80100183,94.46571856,96.17360937,98.01504033,100.0015454
0.711,12970,20.9,1,1,3,1,0,0.06521151,0.362019691,0.77733758,1.283491445,1.915664073,2.931930159,2.931930159,3.047364939,3.652114858,4.423054451,5.24392868,6.171032514,7.546798346,7.546798346,7.695142505,8.446304502,9.378212111,10.35822788,11.42660439,12.97709218,12.97709218,13.14146307,13.96480284,14.97939127,16.03075571,17.17895841,18.82405542,18.82405542,18.99612577,19.85655174,20.91973436,22.00878135,23.19902162,24.9175572,24.9175572,25.09545006,25.98092637,27.06855684,28.18680911,29.39484975,31.12011756,31.12011756,31.29801043,32.18348674,33.27111721,34.38936947,35.59741011,37.32267793,37.32267793,37.50057079,38.3860471,39.47367757,40.59192983,41.79997047,43.52523829,43.52523829,43.70313115,44.58860746,45.67623793,46.7944902,48.00253084,49.72779865,49.72779865,49.90569152,50.79116783,51.8787983,52.99705056,54.2050912,55.93035902,55.93035902,56.10825188,56.99372819,58.08135866,59.19961092,60.40765156,62.13291938,62.13291938,62.31081224,63.19628855,64.28391902,65.40217129,66.61021193,68.33513476
0.711,12970,20.9,1,1,3,2,0,0.051242284,0.298817248,0.638516782,1.047733138,1.548675173,2.37471228,2.37471228,2.461090946,2.944875901,3.555456089,4.215403704,4.95119048,6.069840202,6.069840202,6.180759525,6.779573289,7.52526376,8.312826339,9.176199645,10.46699218,10.46699218,10.59341928,11.26489955,12.09645936,12.97578761,13.93925121,15.33980886,15.33980886,15.47669671,16.20516081,17.09979634,18.02182352,19.01233773,20.47777564,20.47777564,20.61660186,21.34623952,22.26204114,23.20845541,24.22804632,25.71085623,25.71085623,25.84968245,26.5793201,27.49512172,28.441536,29.46112691,30.94393681,30.94393681,31.08276303,31.81240069,32.72820231,33.67461658,34.69420749,36.1770174,36.1770174,36.31584362,37.04548127,37.96128289,38.90769717,39.92728808,41.41009798,41.41009798,41.5489242,42.27856186,43.19436348,44.14077775,45.16036866,46.64317857,46.64317857,46.78200479,47.51164244,48.42744406,49.37385833,50.39344924,51.87625915,51.87625915,52.01508537,52.74472303,53.66052465,54.60693892,55.62652983,57.10904323
0.711,12970,20.9,1,1,3,3,0,0.040333496,0.239505311,0.513754519,0.843121033,1.254194031,1.902907272,1.902907272,1.969259333,2.342829051,2.825646203,3.352243894,3.947179271,4.826155706,4.826155706,4.911974515,5.381740515,5.976525045,6.615867308,7.319957251,8.347458925,8.347458925,8.444454058,8.96741613,9.632857887,10.34175746,11.12301162,12.24586305,12.24586305,12.34959422,12.91543534,13.63060063,14.37988877,15.20469153,16.37486788,16.37486788,16.48291304,17.06910437,17.80793476,18.59237123,19.44399701,20.65423044,20.65423044,20.76227559,21.34846693,22.08729732,22.87173379,23.72335957,24.93359299,24.93359299,25.04163815,25.62782948,26.36665987,27.15109635,28.00272213,29.21295555,29.21295555,29.3210007,29.90719204,30.64602243,31.4304589,32.28208468,33.49231811,33.49231811,33.60036326,34.18655459,34.92538498,35.70982146,36.56144724,37.77168066,37.77168066,37.87972582,38.46591715,39.20474754,39.98918401,40.84080979,42.05104322,42.05104322,42.15908837,42.74527971,43.48411009,44.26854657,45.12017235,46.33016378
0.711,12970,20.9,1,1,3,4,0,0.033105091,0.185668835,0.393326982,0.63932103,0.952707204,1.425480687,1.425480687,1.475100698,1.731051527,2.065586777,2.4330938,2.876504427,3.51750394,3.51750394,3.581822538,3.906184821,4.31830378,4.768462986,5.302831078,6.054780277,6.054780277,6.127786424,6.493491472,6.963050456,7.465473657,8.058876791,8.88685951,8.88685951,8.967607905,9.369592633,9.87856719,10.42919491,11.06124475,11.94787317,11.94787317,12.03320713,12.4589349,12.99637426,13.57453507,14.24599049,15.18016535,15.18016535,15.26549931,15.69122708,16.22866644,16.80682724,17.47828267,18.41245752,18.41245752,18.49779149,18.92351925,19.46095862,20.03911942,20.71057484,21.6447497,21.6447497,21.73008366,22.15581143,22.69325079,23.2714116,23.94286702,24.87704188,24.87704188,24.96237584,25.38810361,25.92554297,26.50370377,27.1751592,28.10933405,28.10933405,28.19466802,28.62039578,29.15783515,29.73599595,30.40745137,31.34162623,31.34162623,31.42696019,31.85268796,32.39012732,32.96828813,33.63974355,34.57373161
0.711,12970,20.9,1,1,3,5,0,0.028039903,0.150911963,0.31545958,0.501435251,0.732611036,1.105352933,1.105352933,1.145582435,1.338460816,1.587386454,1.855448424,2.173831479,2.673359335,2.673359335,2.723956056,2.960501615,3.262270637,3.582160488,3.957971972,4.537023091,4.537023091,4.595071329,4.865900177,5.210801202,5.572342888,5.989267445,6.631981909,6.631981909,6.695689515,6.990595919,7.361881298,7.751545103,8.200218943,8.898825394,8.898825394,8.966947827,9.279391003,9.673617592,10.08331347,10.56037627,11.28115276,11.28115276,11.34927519,11.66171837,12.05594496,12.46564084,12.94270364,13.66348012,13.66348012,13.73160256,14.04404573,14.43827232,14.8479682,15.325031,16.04580749,16.04580749,16.11392992,16.4263731,16.82059968,17.23029557,17.70735836,18.42813485,18.42813485,18.49625728,18.80870046,19.20292705,19.61262293,20.08968573,20.81046222,20.81046222,20.87858465,21.19102782,21.58525441,21.9949503,22.47201309,23.19278958,23.19278958,23.26091201,23.57335519,23.96758178,24.37727766,24.85434046,25.57497282
0.711,12970,20.9,1,1,3,6,0,0.025153716,0.132531804,0.2724044,0.42684907,0.609347803,0.923717129,0.923717129,0.957478311,1.113443444,1.3105467,1.521928968,1.758001496,2.155189949,2.155189949,2.195638439,2.381192399,2.615303952,2.865139552,3.137340419,3.591554854,3.591554854,3.637852749,3.846017977,4.10606606,4.376720766,4.678560259,5.176735431,5.176735431,5.227374241,5.456121522,5.741654887,6.036757793,6.359225444,6.901441926,6.901441926,6.954834877,7.192577173,7.495229066,7.806006679,8.142223061,8.702752488,8.702752488,8.75614544,8.993887736,9.296539629,9.607317242,9.943533624,10.50406305,10.50406305,10.557456,10.7951983,11.09785019,11.4086278,11.74484419,12.30537361,12.30537361,12.35876657,12.59650886,12.89916076,13.20993837,13.54615475,14.10668418,14.10668418,14.16007713,14.39781943,14.70047132,15.01124893,15.34746531,15.90799474,15.90799474,15.96138769,16.19912999,16.50178188,16.81255949,17.14877588,17.7093053,17.7093053,17.76269825,18.00044055,18.30309244,18.61387006,18.95008644,19.51050378
0.711,12970,20.9,1,2,1,1,0,0.045665176,0.245987311,0.511850801,0.809668422,1.161219611,1.662425758,1.662425758,1.725651916,2.039548563,2.434644394,2.853230809,3.326963258,3.967973459,3.967973459,4.046444968,4.41660849,4.884901475,5.377675223,5.919766992,6.647623872,6.647623872,6.7338587,7.143002056,7.658558036,8.189806944,8.771295026,9.554184367,9.554184367,9.647161979,10.08119464,10.62161112,11.18478858,11.802235,12.61861004,12.61861004,12.71492019,13.16304436,13.72637645,14.31227755,14.94394875,15.77604148,15.77604148,15.87235163,16.3204758,16.88380789,17.46970898,18.10138018,18.93347292,18.93347292,19.02978307,19.47790724,20.04123933,20.62714042,21.25881162,22.09090436,22.09090436,22.18721451,22.63533868,23.19867077,23.78457186,24.41624306,25.2483358,25.2483358,25.34464595,25.79277012,26.35610221,26.9420033,27.5736745,28.40576724,28.40576724,28.50207739,28.95020155,29.51353365,30.09943474,30.73110594,31.56319868,31.56319868,31.65950883,32.10763299,32.67096509,33.25686618,33.88853738,34.72046373
0.711,12970,20.9,1,2,1,2,0,0.052626599,0.288130719,0.607192292,0.975380359,1.411522356,2.024682793,2.024682793,2.103398924,2.499699291,3.001199747,3.545038281,4.155269335,4.971389403,4.971389403,5.070025114,5.558297241,6.168930717,6.806538767,7.509580816,8.429590735,8.429590735,8.539357135,9.073135612,9.742968448,10.43318437,11.19115122,12.17616805,12.17616805,12.29298641,12.85659311,13.56416659,14.29544796,15.09457353,16.12917377,16.12917377,16.25058781,16.82830784,17.55108366,18.30227482,19.10539742,20.13653923,20.13653923,20.25795327,20.8356733,21.55844912,22.30964028,23.11276288,24.14390469,24.14390469,24.26531873,24.84303876,25.56581458,26.31700575,27.12012834,28.15127015,28.15127015,28.27268419,28.85040422,29.57318004,30.32437121,31.1274938,32.15863561,32.15863561,32.28004965,32.85776968,33.5805455,34.33173667,35.13485926,36.16600108,36.16600108,36.28741511,36.86513515,37.58791096,38.33910213,39.14222472,40.17336654,40.17336654,40.29478057,40.87250061,41.59527642,42.34646759,43.14959018,44.18052581
0.711,12970,20.9,1,2,1,3,0,0.062264512,0.344291128,0.73183869,1.188735543,1.736031302,2.509804735,2.509804735,2.609434996,3.124663475,3.771873286,4.461888089,5.228879663,6.241704334,6.241704334,6.365422977,6.994196398,7.779752489,8.592327617,9.472706875,10.61335314,10.61335314,10.74852225,11.42640686,12.26414664,13.13067276,14.06526939,15.26739468,15.26739468,15.40968366,16.11628288,16.99312224,17.89716851,18.86966679,20.10635495,20.10635495,20.25443459,20.98958655,21.88970792,22.81871201,23.80627763,25.06884481,25.06884481,25.21692445,25.95207641,26.85219778,27.78120187,28.76876749,30.03133467,30.03133467,30.1794143,30.91456627,31.81468764,32.74369173,33.73125735,34.99382452,34.99382452,35.14190416,35.87705612,36.7771775,37.70618159,38.6937472,39.95631438,39.95631438,40.10439402,40.83954598,41.73966735,42.66867144,43.65623706,44.91880424,44.91880424,45.06688388,45.80203584,46.70215721,47.6311613,48.61872692,49.8812941,49.8812941,50.02937373,50.7645257,51.66464707,52.59365116,53.58121678,54.84353149
0.711,12970,20.9,1,2,1,4,0,0.074300276,0.411847625,0.871340284,1.417250555,2.078292944,3.009187393,3.009187393,3.132931905,3.77405507,4.568355579,5.414080528,6.34894121,7.573806532,7.573806532,7.72730004,8.499459883,9.454232266,10.44010912,11.50398371,12.87737254,12.87737254,13.04551737,13.88360561,14.91457931,15.96666577,17.09247008,18.53185697,18.53185697,18.70722553,19.57841931,20.6517099,21.74014272,22.90560632,24.36644709,24.36644709,24.54694088,25.43281967,26.52505658,27.63281988,28.81121538,30.29014356,30.29014356,30.47063735,31.35651614,32.44875305,33.55651635,34.73491185,36.21384003,36.21384003,36.39433382,37.2802126,38.37244952,39.48021282,40.65860831,42.1375365,42.1375365,42.31803029,43.20390907,44.29614599,45.40390929,46.58230478,48.06123297,48.06123297,48.24172675,49.12760554,50.21984246,51.32760576,52.50600125,53.98492944,53.98492944,54.16542322,55.05130201,56.14353892,57.25130223,58.42969772,59.90862591,59.90862591,60.08911969,60.97499848,62.06723539,63.17499869,64.35339419,65.83202665
0.711,12970,20.9,1,2,1,5,0,0.086673765,0.47213197,1.010236888,1.657628901,2.454273177,3.532159725,3.532159725,3.680296083,4.44477361,5.391543974,6.383568555,7.487305375,8.886121755,8.886121755,9.068833486,9.977748277,11.09703098,12.24893288,13.49696183,15.05164811,15.05164811,15.25108239,16.22856047,17.41966491,18.6398062,19.9523358,21.56908127,21.56908127,21.77500198,22.78283125,24.01589217,25.27789807,26.62570958,28.27356929,28.27356929,28.48138779,29.50186726,30.74811118,32.01572533,33.35154282,34.99788715,34.99788715,35.20570565,36.22618512,37.47242904,38.74004319,40.07586068,41.72220501,41.72220501,41.93002351,42.95050298,44.1967469,45.46436105,46.80017854,48.44652287,48.44652287,48.65434137,49.67482084,50.92106476,52.18867891,53.5244964,55.17084074,55.17084074,55.37865924,56.39913871,57.64538263,58.91299677,60.24881427,61.8951586,61.8951586,62.1029771,63.12345657,64.36970049,65.63731464,66.97313213,68.61947646,68.61947646,68.82729496,69.84777443,71.09401835,72.3616325,73.69744999,75.34346512
0.711,12970,20.9,1,2,1,6,0,0.09929303,0.540167188,1.157219012,1.911455866,2.851834674,4.086077708,4.086077708,4.263215248,5.178530911,6.300371772,7.481308376,8.799842921,10.39068269,10.39068269,10.60287877,11.6668239,12.97037847,14.30645957,15.75319612,17.48269171,17.48269171,17.71099406,18.84787727,20.22501744,21.62102791,23.12648471,24.90832218,24.90832218,25.14493778,26.3162959,27.7334997,29.16610937,30.70873678,32.51183115,32.51183115,32.7494138,33.92081959,35.3360299,36.76846647,38.30006282,40.0880914,40.0880914,40.32567405,41.49707983,42.91229015,44.34472671,45.87632307,47.66435164,47.66435164,47.90193429,49.07334008,50.48855039,51.92098696,53.45258331,55.24061189,55.24061189,55.47819454,56.64960032,58.06481064,59.4972472,61.02884356,62.81687213,62.81687213,63.05445478,64.22586057,65.64107088,67.07350745,68.6051038,70.39313238,70.39313238,70.63071503,71.80212081,73.21733113,74.64976769,76.18136405,77.96939262,77.96939262,78.20697527,79.37838106,80.79359137,82.22602794,83.75762429,85.54529533
0.711,12970,20.9,1,2,2,1,0,0.135219453,0.749798921,1.62383476,2.722266322,4.062076549,5.608243228,5.608243228,5.862731434,7.219346858,8.834048731,10.51347493,12.32461043,14.23807482,14.23807482,14.53572713,16.07606095,17.90215723,19.75094113,21.6867577,23.71738487,23.71738487,24.02967499,25.62416188,27.51086589,29.41271023,31.39721687,33.46434835,33.46434835,33.78121787,35.39091878,37.29296773,39.20213281,41.17740261,43.22236583,43.22236583,43.53810208,45.14962342,47.04395816,48.95032352,50.92800263,52.9733357,52.9733357,53.28907195,54.90059329,56.79492803,58.70129339,60.6789725,62.72430557,62.72430557,63.04004182,64.65156316,66.5458979,68.45226326,70.42994237,72.47527544,72.47527544,72.79101169,74.40253303,76.29686777,78.20323313,80.18091224,82.22624531,82.22624531,82.54198156,84.1535029,86.04783764,87.954203,89.93188211,91.97721518,91.97721518,92.29295143,93.90447277,95.79880751,97.70517287,99.68285198,101.7281851,101.7281851,102.0439213,103.6554426,105.5497774,107.4561427,109.4338219,111.4787459
0.711,12970,20.9,1,2,2,2,0,0.140884322,0.77263696,1.67406736,2.806446357,4.179712491,5.723562567,5.723562567,5.989063942,7.380036436,9.035092225,10.7495011,12.58764626,14.52173525,14.52173525,14.83435617,16.43933039,18.3256715,20.21923368,22.20619395,24.24946412,24.24946412,24.57552219,26.22985405,28.17223055,30.13279303,32.16480846,34.2424702,34.2424702,34.57358911,36.24968342,38.21004101,40.16874413,42.18438945,44.23572788,44.23572788,44.56476374,46.22111928,48.15883251,50.09987993,52.09933097,54.14831876,54.14831876,54.47735462,56.13371016,58.07142339,60.01247081,62.01192185,64.06090964,64.06090964,64.3899455,66.04630104,67.98401427,69.92506169,71.92451273,73.97350052,73.97350052,74.30253638,75.95889192,77.89660515,79.83765257,81.83710361,83.8860914,83.8860914,84.21512726,85.8714828,87.80919603,89.75024345,91.74969449,93.79868228,93.79868228,94.12771814,95.78407368,97.72178691,99.66283434,101.6622854,103.7112732,103.7112732,104.040309,105.6966646,107.6343778,109.5754252,111.5748763,113.6234543
0.711,12970,20.9,1,2,2,3,0,0.142631939,0.779168454,1.682719881,2.81448534,4.188174566,5.745974516,5.745974516,6.01680697,7.44132733,9.128147128,10.87700492,12.73108714,14.66118036,14.66118036,14.97723068,16.60298766,18.52131908,20.45103205,22.44959398,24.51590116,24.51590116,24.84791915,26.53212764,28.51061976,30.49035762,32.52327929,34.60316891,34.60316891,34.93689349,36.61408786,38.58780276,40.56223964,42.59095962,44.67227781,44.67227781,45.00373827,46.67859965,48.64260237,50.61039054,52.64260721,54.72805565,54.72805565,55.05951611,56.73437749,58.69838021,60.66616838,62.69838505,64.78383349,64.78383349,65.11529395,66.79015533,68.75415805,70.72194622,72.75416289,74.83961133,74.83961133,75.17107179,76.84593317,78.80993589,80.77772406,82.80994073,84.89538917,84.89538917,85.22684963,86.90171101,88.86571373,90.8335019,92.86571857,94.95116701,94.95116701,95.28262747,96.95748885,98.92149157,100.8892797,102.9214964,105.0069448,105.0069448,105.3384053,107.0132667,108.9772694,110.9450576,112.9772743,115.0623057
0.711,12970,20.9,1,2,2,4,0,0.136900223,0.759072291,1.648866461,2.778816012,4.138763352,5.691696543,5.691696543,5.950938762,7.335919309,8.993781133,10.71545856,12.55865099,14.49050595,14.49050595,14.7966047,16.3945291,18.27399545,20.17233598,22.14132182,24.18253734,24.18253734,24.50290778,26.15250758,28.08670801,30.04487486,32.07239753,34.15353864,34.15353864,34.47586504,36.13864696,38.08968021,40.04898691,42.07995634,44.16328474,44.16328474,44.48530801,46.14560189,48.08449137,50.02418169,52.03242596,54.09095122,54.09095122,54.41297449,56.07326837,58.01215785,59.95184817,61.96009244,64.01861771,64.01861771,64.34064098,66.00093486,67.93982434,69.87951466,71.88775893,73.94628419,73.94628419,74.26830746,75.92860134,77.86749082,79.80718114,81.81542541,83.87395067,83.87395067,84.19597394,85.85626782,87.79515731,89.73484762,91.74309189,93.80161716,93.80161716,94.12364043,95.78393431,97.72282379,99.66251411,101.6707584,103.7292836,103.7292836,104.0513069,105.7116008,107.6504903,109.5901806,111.5984249,113.6565385
0.711,12970,20.9,1,2,2,5,0,0.124642213,0.712892467,1.551882253,2.615734084,3.915108777,5.4238244,5.4238244,5.658482249,6.948139336,8.499203317,10.1216667,11.8751004,13.76095999,13.76095999,14.03747341,15.52783313,17.30646658,19.11217812,21.01280337,23.01836491,23.01836491,23.31204792,24.87741005,26.74047355,28.62095348,30.5948781,32.65313219,32.65313219,32.94950624,34.51606696,36.37201746,38.25152246,40.19856952,42.23200702,42.23200702,42.52689787,44.08947967,45.93059893,47.7968497,49.75004407,51.77400192,51.77400192,52.06889277,53.63147458,55.47259384,57.3388446,59.29203897,61.31599682,61.31599682,61.61088768,63.17346948,65.01458874,66.8808395,68.83403387,70.85799172,70.85799172,71.15288258,72.71546438,74.55658364,76.42283441,78.37602878,80.39998662,80.39998662,80.69487748,82.25745928,84.09857854,85.96482931,87.91802368,89.94198153,89.94198153,90.23687238,91.79945418,93.64057344,95.50682421,97.46001858,99.48397643,99.48397643,99.77886728,101.3414491,103.1825683,105.0488191,107.0020135,109.0255666
0.711,12970,20.9,1,2,2,6,0,0.111411021,0.638221488,1.394229563,2.356598482,3.564070731,5.005767531,5.005767531,5.214469272,6.372598097,7.794765977,9.300079534,10.95715481,12.76949976,12.76949976,13.02020375,14.36261539,15.98705512,17.66477641,19.46384245,21.42657071,21.42657071,21.69251301,23.10177129,24.81685993,26.56437109,28.44479698,30.45615331,30.45615331,30.72493482,32.16414454,33.89311188,35.65291622,37.54228133,39.56844544,39.56844544,39.84035543,41.28496688,43.01854217,44.78366952,46.66393933,48.68616743,48.68616743,48.95807741,50.40268887,52.13626416,53.9013915,55.78166131,57.80388942,57.80388942,58.0757994,59.52041085,61.25398614,63.01911349,64.8993833,66.9216114,66.9216114,67.19352138,68.63813284,70.37170813,72.13683548,74.01710528,76.03933339,76.03933339,76.31124337,77.75585482,79.48943011,81.25455746,83.13482727,85.15705537,85.15705537,85.42896536,86.87357681,88.6071521,90.37227945,92.25254926,94.27477736,94.27477736,94.54668734,95.99129879,97.72487409,99.49000143,101.3702712,103.392095
0.711,12970,20.9,1,2,3,1,0,0.076546923,0.42385978,0.903677867,1.490830748,2.223669811,3.305315045,3.305315045,3.439436206,4.138880414,5.008615459,5.92603129,6.957405711,8.379550534,8.379550534,8.544967632,9.381174818,10.42005505,11.50347376,12.68750917,14.2893441,14.2893441,14.47394291,15.39143426,16.51853728,17.67338771,18.92981224,20.61890243,20.61890243,20.81056481,21.76581525,22.92584513,24.11200894,25.39184084,27.11230406,27.11230406,27.30706248,28.27223569,29.45152147,30.64939282,31.94911988,33.66135713,33.66135713,33.85611554,34.82128876,36.00057453,37.19844588,38.49817294,40.21041019,40.21041019,40.4051686,41.37034182,42.54962759,43.74749894,45.047226,46.75946325,46.75946325,46.95422166,47.91939488,49.09868065,50.296552,51.59627907,53.30851631,53.30851631,53.50327472,54.46844794,55.64773371,56.84560506,58.14533213,59.85756937,59.85756937,60.05232778,61.017501,62.19678677,63.39465813,64.69438519,66.40662243,66.40662243,66.60138085,67.56655406,68.74583984,69.94371119,71.24343825,72.95533312
0.711,12970,20.9,1,2,3,2,0,0.061997731,0.351421983,0.750255533,1.226833083,1.806453371,2.682897241,2.682897241,2.785517571,3.335389358,4.023326922,4.762275803,5.58242303,6.73982856,6.73982856,6.869231837,7.53745212,8.378686743,9.254212059,10.20908374,11.54510949,11.54510949,11.69205865,12.43815712,13.36859283,14.32938482,15.3681236,16.79068303,16.79068303,16.94583181,17.73857228,18.72599759,19.7398862,20.81630689,22.29884256,22.29884256,22.45866241,23.27080179,24.27479581,25.30547024,26.41849832,27.92932261,27.92932261,28.08914247,28.90128184,29.90527586,30.93595029,32.04897838,33.55980267,33.55980267,33.71962252,34.5317619,35.53575592,36.56643035,37.67945844,39.19028272,39.19028272,39.35010258,40.16224196,41.16623597,42.19691041,43.30993849,44.82076278,44.82076278,44.98058263,45.79272201,46.79671603,47.82739046,48.94041855,50.45124283,50.45124283,50.61106269,51.42320207,52.42719609,53.45787052,54.5708986,56.08172289,56.08172289,56.24154274,57.05368212,58.05767614,59.08835057,60.20137866,61.71190084
0.711,12970,20.9,1,2,3,3,0,0.050455878,0.287808797,0.612783491,0.997272675,1.465412796,2.170294323,2.170294323,2.250855828,2.681302907,3.231647834,3.823180826,4.492468992,5.424080455,5.424080455,5.526288941,6.06246145,6.731974345,7.438871525,8.225935576,9.296249597,9.296249597,9.411895472,10.00172026,10.74765303,11.52340958,12.375009,13.53530085,13.53530085,13.65687999,14.28884146,15.07318805,15.89374289,16.7800663,17.9962679,17.9962679,18.12307332,18.77759092,19.59599155,20.44359936,21.35780386,22.60133599,22.60133599,22.72814141,23.38265902,24.20105965,25.04866746,25.96287196,27.20640409,27.20640409,27.33320951,27.98772711,28.80612774,29.65373555,30.56794005,31.81147218,31.81147218,31.9382776,32.59279521,33.41119584,34.25880365,35.17300815,36.41654028,36.41654028,36.5433457,37.1978633,38.01626393,38.86387174,39.77807624,41.02160837,41.02160837,41.14841379,41.8029314,42.62133203,43.46893984,44.38314434,45.62667647,45.62667647,45.75348189,46.40799949,47.22640012,48.07400793,48.98821243,50.23149591
0.711,12970,20.9,1,2,3,4,0,0.042055818,0.233696474,0.490829173,0.789971578,1.154962305,1.690790263,1.690790263,1.75331361,2.070581187,2.477688181,2.919167915,3.426152147,4.142401647,4.142401647,4.222198427,4.616459092,5.118442523,5.650957155,6.252389487,7.077433716,7.077433716,7.16780307,7.602856325,8.159325336,8.742386554,9.406970574,10.30767108,10.30767108,10.40356343,10.87697899,11.47006291,12.09331053,12.7983617,13.75515887,13.75515887,13.85697911,14.35294097,14.97481734,15.62651034,16.3557708,17.34238287,17.34238287,17.44420311,17.94016497,18.56204135,19.21373435,19.94299481,20.92960687,20.92960687,21.03142711,21.52738898,22.14926535,22.80095835,23.53021881,24.51683088,24.51683088,24.61865112,25.11461298,25.73648935,26.38818235,27.11744281,28.10405488,28.10405488,28.20587512,28.70183698,29.32371335,29.97540636,30.70466681,31.69127888,31.69127888,31.79309912,32.28906099,32.91093736,33.56263036,34.29189082,35.27850289,35.27850289,35.38032312,35.87628499,36.49816136,37.14985436,37.87911482,38.86552961
0.711,12970,20.9,1,2,3,5,0,0.035629344,0.193814337,0.400622401,0.634779788,0.917843314,1.345177621,1.345177621,1.3949378,1.633158048,1.939953476,2.267765734,2.642665964,3.189642687,3.189642687,3.251453182,3.544065697,3.91515961,4.306612367,4.74943493,5.389788918,5.389788918,5.461186741,5.793045209,6.209477068,6.645458691,7.130171393,7.828422874,7.828422874,7.904538363,8.258101498,8.708742744,9.175537155,9.694360711,10.44172046,10.44172046,10.52210807,10.89575781,11.36945395,11.85834446,12.40357039,13.17217392,13.17217392,13.25256153,13.62621127,14.09990741,14.58879792,15.13402385,15.90262738,15.90262738,15.983015,16.35666474,16.83036088,17.31925138,17.86447731,18.63308085,18.63308085,18.71346846,19.0871182,19.56081434,20.04970484,20.59493077,21.36353431,21.36353431,21.44392192,21.81757166,22.2912678,22.78015831,23.32538424,24.09398777,24.09398777,24.17437538,24.54802512,25.02172126,25.51061177,26.0558377,26.82444123,26.82444123,26.90482885,27.27847858,27.75217472,28.24106523,28.78629116,29.554741
0.711,12970,20.9,1,2,3,6,0,0.032687616,0.171700274,0.352797149,0.549337711,0.775930922,1.131799305,1.131799305,1.17339163,1.367846784,1.613477297,1.874037642,2.160196764,2.596120363,2.596120363,2.646844784,2.874516715,3.165139239,3.467391335,3.798905987,4.302556915,4.302556915,4.358549415,4.61245316,4.929762914,5.260296702,5.62310147,6.166429734,6.166429734,6.226807378,6.499555637,6.840898817,7.192352544,7.574503639,8.148276621,8.148276621,8.212216148,8.495016016,8.850751598,9.215289274,9.614361725,10.20998533,10.20998533,10.27392486,10.55672473,10.91246031,11.27699798,11.67607044,12.27169404,12.27169404,12.33563357,12.61843344,12.97416902,13.33870669,13.73777914,14.33340275,14.33340275,14.39734228,14.68014215,15.03587773,15.4004154,15.79948785,16.39511146,16.39511146,16.45905099,16.74185086,17.09758644,17.46212411,17.86119656,18.45682017,18.45682017,18.5207597,18.80355956,19.15929515,19.52383282,19.92290527,20.51852888,20.51852888,20.58246841,20.86526827,21.22100386,21.58554153,21.98461398,22.58011849
0.711,12970,20.9,1,3,1,1,0,0.051668188,0.277797912,0.575106652,0.90451967,1.284344124,1.797443064,1.797443064,1.866788066,2.204802109,2.626153185,3.071525364,3.560476133,4.196633672,4.196633672,4.279601857,4.673649657,5.171574479,5.681580678,6.231270818,6.934186416,6.934186416,7.025584981,7.458014671,7.986396025,8.530402533,9.113049123,9.857219524,9.857219524,9.952789583,10.40125923,10.95496943,11.52067084,12.13682427,12.90877435,12.90877435,13.00882777,13.47142927,14.04390618,14.63440986,15.25969236,16.04931023,16.04931023,16.14936365,16.61196515,17.18444205,17.77494574,18.40022824,19.1898461,19.1898461,19.28989952,19.75250102,20.32497793,20.91548161,21.54076411,22.33038198,22.33038198,22.4304354,22.8930369,23.4655138,24.05601749,24.68129999,25.47091785,25.47091785,25.57097127,26.03357277,26.60604968,27.19655336,27.82183586,28.61145373,28.61145373,28.71150715,29.17410865,29.74658555,30.33708924,30.96237174,31.7519896,31.7519896,31.85204302,32.31464452,32.88712143,33.47762511,34.10290761,34.89236759
0.711,12970,20.9,1,3,1,2,0,0.059217929,0.321180362,0.67047456,1.065876184,1.526810498,2.145949333,2.145949333,2.231215054,2.655123197,3.186667727,3.745777405,4.365488959,5.154398622,5.154398622,5.257988638,5.763456351,6.396355385,7.041477612,7.738919385,8.619797365,8.619797365,8.733857749,9.283975349,9.963436271,10.65842586,11.40188119,12.33028879,12.33028879,12.44908903,13.02071588,13.72425551,14.44445499,15.217126,16.18374074,16.18374074,16.30747883,16.89813001,17.62858431,18.36888702,19.15561733,20.13520588,20.13520588,20.25894397,20.84959515,21.58004945,22.32035216,23.10708247,24.08667102,24.08667102,24.21040911,24.80106028,25.53151459,26.2718173,27.05854761,28.03813616,28.03813616,28.16187425,28.75252542,29.48297973,30.22328244,31.01001275,31.9896013,31.9896013,32.11333939,32.70399056,33.43444487,34.17474758,34.96147789,35.94106644,35.94106644,36.06480453,36.6554557,37.38591001,38.12621272,38.91294303,39.89253158,39.89253158,40.01626967,40.60692084,41.33737515,42.07767786,42.86440817,43.84380084
0.711,12970,20.9,1,3,1,3,0,0.069241278,0.376422725,0.789733,1.26550451,1.820963787,2.566082633,2.566082633,2.670102302,3.194279616,3.846681467,4.535724291,5.284936749,6.230345745,6.230345745,6.357097927,6.976299324,7.741807532,8.53052433,9.382020345,10.43156852,10.43156852,10.57032935,11.23735766,12.06668673,12.91945982,13.82602166,14.94188395,14.94188395,15.08764944,15.78982549,16.64495748,17.51603292,18.4484075,19.59220246,19.59220246,19.74259955,20.46419034,21.34791955,22.24213382,23.19565075,24.36355963,24.36355963,24.51395673,25.23554751,26.11927673,27.01349099,27.96700793,29.13491681,29.13491681,29.2853139,30.00690469,30.89063391,31.78484817,32.73836511,33.90627399,33.90627399,34.05667108,34.77826187,35.66199108,36.55620535,37.50972228,38.67763116,38.67763116,38.82802826,39.54961904,40.43334826,41.32756252,42.28107946,43.44898834,43.44898834,43.59938543,44.32097622,45.20470544,46.0989197,47.05243664,48.22034552,48.22034552,48.37074261,49.0923334,49.97606261,50.87027688,51.82379381,52.99146916
0.711,12970,20.9,1,3,1,4,0,0.081117783,0.440468268,0.925118266,1.494102491,2.164911008,3.05842464,3.05842464,3.186730769,3.829998618,4.631687348,5.465875682,6.379645411,7.507357402,7.507357402,7.661088328,8.420554728,9.350693599,10.30998758,11.33524358,12.5856701,12.5856701,12.75498219,13.58360586,14.59281609,15.61885095,16.70553413,18.01707208,18.01707208,18.19223102,19.03982967,20.07151736,21.11849708,22.23318853,23.56804353,23.56804353,23.74519968,24.60286702,25.65022002,26.71325263,27.83278791,29.17733535,29.17733535,29.3544915,30.21215884,31.25951184,32.32254444,33.44207973,34.78662717,34.78662717,34.96378331,35.82145065,36.86880366,37.93183626,39.05137155,40.39591898,40.39591898,40.57307513,41.43074247,42.47809547,43.54112808,44.66066336,46.0052108,46.0052108,46.18236694,47.04003429,48.08738729,49.15041989,50.26995518,51.61450262,51.61450262,51.79165876,52.6493261,53.69667911,54.75971171,55.879247,57.22379443,57.22379443,57.40095058,58.25861792,59.30597092,60.36900353,61.48853881,62.83281739
0.711,12970,20.9,1,3,1,5,0,0.093224861,0.501234637,1.064497324,1.731154093,2.526997228,3.555586375,3.555586375,3.706593707,4.473021601,5.418150467,6.398569673,7.471088867,8.759163788,8.759163788,8.940856636,9.837194989,10.92846634,12.04510205,13.23974059,14.65656003,14.65656003,14.85247485,15.81103568,16.9661051,18.14271248,19.38507636,20.85473772,20.85473772,21.05536594,22.0333208,23.21204518,24.41367432,25.68881296,27.19577868,27.19577868,27.40166796,28.40132875,29.60200836,30.81481341,32.09624004,33.5967202,33.5967202,33.80260949,34.80227027,36.00294988,37.21575494,38.49718157,39.99766172,39.99766172,40.20355101,41.20321179,42.40389141,43.61669646,44.89812309,46.39860324,46.39860324,46.60449253,47.60415331,48.80483293,50.01763798,51.29906461,52.79954476,52.79954476,53.00543405,54.00509484,55.20577445,56.4185795,57.70000613,59.20048628,59.20048628,59.40637557,60.40603636,61.60671597,62.81952102,64.10094765,65.60142781,65.60142781,65.80731709,66.80697788,68.00765749,69.22046254,70.50188917,72.00206929
0.711,12970,20.9,1,3,1,6,0,0.105548603,0.568184311,1.210679267,1.984305788,2.915336183,4.077930816,4.077930816,4.253525242,5.159420651,6.258380603,7.405709507,8.654748398,10.10668606,10.10668606,10.31648929,11.3629305,12.62612768,13.92152257,15.2948487,16.86577772,16.86577772,17.09164422,18.19818862,19.52484868,20.87033921,22.30102965,23.92058064,23.92058064,24.14960803,25.27655241,26.628397,27.99489547,29.43969219,31.07464462,31.07464462,31.30711408,32.43733298,33.79168968,35.16090452,36.59976567,38.22931825,38.22931825,38.4617877,39.5920066,40.9463633,42.31557814,43.75443929,45.38399187,45.38399187,45.61646132,46.74668022,48.10103692,49.47025176,50.90911291,52.53866549,52.53866549,52.77113495,53.90135385,55.25571054,56.62492538,58.06378654,59.69333911,59.69333911,59.92580857,61.05602747,62.41038417,63.77959901,65.21846016,66.84801274,66.84801274,67.08048219,68.21070109,69.56505779,70.93427263,72.37313378,74.00268636,74.00268636,74.23515581,75.36537471,76.71973141,78.08894625,79.5278074,81.15703414
0.711,12970,20.9,1,3,2,1,0,0.138842047,0.756183563,1.615973722,2.681147361,3.949473128,5.395958077,5.395958077,5.64128356,6.919701185,8.428461449,9.989566291,11.65388874,13.42102314,13.42102314,13.70387052,15.13370901,16.81419979,18.51777648,20.28573807,22.13899285,22.13899285,22.43371634,23.91141158,25.65197065,27.39779348,29.20231952,31.08256611,31.08256611,31.38000018,32.87091163,34.63472382,36.39746544,38.23942105,40.14299362,40.14299362,40.44387911,41.9470851,43.71550823,45.47423797,47.2939812,49.16733302,49.16733302,49.46821851,50.9714245,52.73984763,54.49857737,56.3183206,58.19167242,58.19167242,58.49255791,59.9957639,61.76418703,63.52291677,65.34266,67.21601182,67.21601182,67.51689731,69.0201033,70.78852643,72.54725617,74.3669994,76.24035122,76.24035122,76.54123671,78.0444427,79.81286583,81.57159557,83.3913388,85.26469062,85.26469062,85.56557611,87.0687821,88.83720523,90.59593497,92.4156782,94.28903002,94.28903002,94.58991551,96.0931215,97.86154463,99.62027437,101.4400176,103.3129948
0.711,12970,20.9,1,3,2,2,0,0.14164121,0.770414437,1.642738192,2.722735047,4.005273527,5.450562278,5.450562278,5.70213783,7.01302479,8.564360042,10.16161388,11.84930019,13.6175642,13.6175642,13.9086571,15.38445013,17.10954164,18.84048888,20.64727107,22.50925108,22.50925108,22.81311957,24.33617915,26.11666016,27.89473109,29.72982162,31.60127309,31.60127309,31.90293801,33.41307169,35.18418186,36.94328902,38.76264915,40.63662578,40.63662578,40.94119009,42.46150467,44.24716885,46.01537035,47.84600833,49.72082124,49.72082124,50.02538556,51.54570013,53.33136432,55.09956581,56.93020379,58.80501671,58.80501671,59.10958102,60.6298956,62.41555978,64.18376128,66.01439926,67.88921217,67.88921217,68.19377649,69.71409106,71.49975525,73.26795674,75.09859472,76.97340764,76.97340764,77.27797195,78.79828653,80.58395071,82.35215221,84.18279019,86.0576031,86.0576031,86.36216742,87.88248199,89.66814618,91.43634767,93.26698565,95.14179857,95.14179857,95.44636288,96.96667746,98.75234164,100.5205431,102.3511811,104.2256191
0.711,12970,20.9,1,3,2,3,0,0.142885027,0.773157598,1.652039455,2.734156157,4.016571165,5.463540094,5.463540094,5.714346148,7.011939746,8.558719324,10.15373494,11.8489242,13.61966585,13.61966585,13.91260359,15.39431275,17.13949557,18.89336771,20.70988292,22.59727759,22.59727759,22.906125,24.45947567,26.26850394,28.07167178,29.93335279,31.8454312,31.8454312,32.15571166,33.71423386,35.540031,37.3636013,39.24458084,41.17157251,41.17157251,41.48226963,43.04212413,44.85507315,46.65489653,48.49669979,50.3882987,50.3882987,50.69899582,52.25885032,54.07179934,55.87162272,57.71342598,59.60502489,59.60502489,59.91572201,61.47557651,63.28852554,65.08834892,66.93015217,68.82175109,68.82175109,69.13244821,70.69230271,72.50525173,74.30507511,76.14687837,78.03847728,78.03847728,78.3491744,79.9090289,81.72197792,83.5218013,85.36360456,87.25520347,87.25520347,87.56590059,89.12575509,90.93870412,92.7385275,94.58033075,96.47192967,96.47192967,96.78262679,98.34248129,100.1554303,101.9552537,103.7970569,105.6882776
0.711,12970,20.9,1,3,2,4,0,0.138502758,0.756848699,1.618722744,2.676123027,3.933832901,5.359462474,5.359462474,5.601957914,6.875016321,8.389304888,9.960369658,11.63709167,13.40572,13.40572,13.69180331,15.14765455,16.86105924,18.59407695,20.39177211,22.27226553,22.27226553,22.57244444,24.09591508,25.87490965,27.64202176,29.48750368,31.37497158,31.37497158,31.67919694,33.21193229,35.00477182,36.8040706,38.66878435,40.58341326,40.58341326,40.88725157,42.41392407,44.20131481,45.99192617,47.81689775,49.70108144,49.70108144,50.00491975,51.53159225,53.31898299,55.10959435,56.93456593,58.81874962,58.81874962,59.12258793,60.64926043,62.43665117,64.22726253,66.05223411,67.93641779,67.93641779,68.24025611,69.76692861,71.55431935,73.34493071,75.16990229,77.05408597,77.05408597,77.35792429,78.88459678,80.67198752,82.46259888,84.28757046,86.17175415,86.17175415,86.47559246,88.00226496,89.7896557,91.58026706,93.40523864,95.28942233,95.28942233,95.59326064,97.11993314,98.90732388,100.6979352,102.5229068,104.4067137
0.711,12970,20.9,1,3,2,5,0,0.12988094,0.71941609,1.540307349,2.548659082,3.753533907,5.142095209,5.142095209,5.369150878,6.578919618,8.023242081,9.519871494,11.13615761,12.85907385,12.85907385,13.1263498,14.49473037,16.1259091,17.77580923,19.52652118,21.3627492,21.3627492,21.64512527,23.08286163,24.78716099,26.49972794,28.28586884,30.1563272,30.1563272,30.44012034,31.87906007,33.57606991,35.29003788,37.06630676,38.92525686,38.92525686,39.20895243,40.65331116,42.35831226,44.07367723,45.85511027,47.69491136,47.69491136,47.97860693,49.42296566,51.12796677,52.84333174,54.62476477,56.46456587,56.46456587,56.74826144,58.19262017,59.89762127,61.61298624,63.39441928,65.23422037,65.23422037,65.51791595,66.96227468,68.66727578,70.38264075,72.16407379,74.00387488,74.00387488,74.28757045,75.73192918,77.43693029,79.15229525,80.93372829,82.77352939,82.77352939,83.05722496,84.50158369,86.20658479,87.92194976,89.7033828,91.54318389,91.54318389,91.82687947,93.27123819,94.9762393,96.69160427,98.47303731,100.3124705
0.711,12970,20.9,1,3,2,6,0,0.120083885,0.662913601,1.417856343,2.340010406,3.457533505,4.793943816,4.793943816,5.001267715,6.106761686,7.444968777,8.83939374,10.35380606,12.02128471,12.02128471,12.26798098,13.54238344,15.0559237,16.6089632,18.26552086,20.06799061,20.06799061,20.33285354,21.69470838,23.3088694,24.94497526,26.66327431,28.50253839,28.50253839,28.76984087,30.13658047,31.75546912,33.39439117,35.11719275,36.96067552,36.96067552,37.22759444,38.59187207,40.20633444,41.83658724,43.56134242,45.40597289,45.40597289,45.67289181,47.03716944,48.65163181,50.28188461,52.00663979,53.85127026,53.85127026,54.11818918,55.48246681,57.09692918,58.72718198,60.45193717,62.29656763,62.29656763,62.56348656,63.92776419,65.54222656,67.17247935,68.89723454,70.74186501,70.74186501,71.00878393,72.37306156,73.98752393,75.61777673,77.34253191,79.18716238,79.18716238,79.4540813,80.81835893,82.4328213,84.0630741,85.78782928,87.63245975,87.63245975,87.89937867,89.2636563,90.87811867,92.50837147,94.23312666,96.07738827
0.711,12970,20.9,1,3,3,1,0,0.08552137,0.465822612,0.979540736,1.586098955,2.323136482,3.330122655,3.330122655,3.470125437,4.176584568,5.04942682,5.965814613,6.979214944,8.268064097,8.268064097,8.437545309,9.282572332,10.30991069,11.37325788,12.51363033,13.92922355,13.92922355,14.11205153,15.01244728,16.10694861,17.22081347,18.42287402,19.91401542,19.91401542,20.10486384,21.04183614,22.1761803,23.33108908,24.56375873,26.08677164,26.08677164,26.28207805,27.2373152,28.39396099,29.56200753,30.80819079,32.34547172,32.34547172,32.54077812,33.49601527,34.65266106,35.82070761,37.06689086,38.60417179,38.60417179,38.79947819,39.75471534,40.91136113,42.07940768,43.32559094,44.86287186,44.86287186,45.05817827,46.01341542,47.17006121,48.33810775,49.58429101,51.12157194,51.12157194,51.31687834,52.27211549,53.42876128,54.59680783,55.84299108,57.38027201,57.38027201,57.57557841,58.53081556,59.68746135,60.8555079,62.10169116,63.63897208,63.63897208,63.83427849,64.78951564,65.94616143,67.11420797,68.36039123,69.89736476
0.711,12970,20.9,1,3,3,2,0,0.071233962,0.394081737,0.83022297,1.341312532,1.954526995,2.810592198,2.810592198,2.923889934,3.509254461,4.237587726,5.008292141,5.853615788,6.956126569,6.956126569,7.095925052,7.793233427,8.649050517,9.535646268,10.4935884,11.71240819,11.71240819,11.86536348,12.61650473,13.53002539,14.46658592,15.47452691,16.7564694,16.7564694,16.91635485,17.69782131,18.66162972,19.63931321,20.684015,21.99838174,21.99838174,22.1615884,22.95711969,23.93445799,24.92823861,25.98463884,27.32110172,27.32110172,27.48430838,28.27983967,29.25717797,30.2509586,31.30735882,32.6438217,32.6438217,32.80702837,33.60255966,34.57989795,35.57367858,36.6300788,37.96654169,37.96654169,38.12974835,38.92527964,39.90261794,40.89639856,41.95279879,43.28926167,43.28926167,43.45246834,44.24799963,45.22533792,46.21911855,47.27551877,48.61198166,48.61198166,48.77518832,49.57071961,50.54805791,51.54183853,52.59823876,53.93470164,53.93470164,54.0979083,54.89343959,55.87077789,56.86455851,57.92095874,59.25715438
0.711,12970,20.9,1,3,3,3,0,0.060038748,0.332906526,0.698032567,1.122645068,1.625517082,2.328971459,2.328971459,2.420979687,2.88605817,3.475513051,4.097768682,4.785925698,5.684704999,5.684704999,5.796409222,6.355135326,7.047047774,7.764989331,8.550724485,9.562591186,9.562591186,9.68658656,10.2946433,11.05184392,11.83199145,12.67696311,13.75742384,13.75742384,13.88987393,14.53822848,15.33892919,16.16231436,17.03884396,18.15626348,18.15626348,18.29244297,18.9554031,19.76781931,20.59953109,21.49034474,22.62250543,22.62250543,22.75868492,23.42164505,24.23406126,25.06577304,25.95658669,27.08874739,27.08874739,27.22492688,27.887887,28.70030321,29.53201499,30.42282865,31.55498934,31.55498934,31.69116883,32.35412895,33.16654516,33.99825695,34.8890706,36.02123129,36.02123129,36.15741078,36.8203709,37.63278711,38.4644989,39.35531255,40.48747324,40.48747324,40.62365273,41.28661286,42.09902907,42.93074085,43.8215545,44.95371519,44.95371519,45.08989468,45.75285481,46.56527102,47.3969828,48.28779645,49.41973076
0.711,12970,20.9,1,3,3,4,0,0.050971228,0.274872378,0.574577495,0.916227771,1.319184829,1.879919396,1.879919396,1.953167184,2.313770063,2.772810851,3.259860955,3.804921335,4.520671921,4.520671921,4.609857661,5.043158323,5.584512569,6.151568986,6.775589519,7.583399113,7.583399113,7.68312419,8.161858156,8.756219998,9.376354103,10.04754654,10.91393776,10.91393776,11.01870084,11.51901242,12.14362028,12.78608967,13.48584375,14.3968824,14.3968824,14.50659499,15.02805718,15.6719689,16.34229998,17.06421186,17.99552526,17.99552526,18.10523786,18.62670005,19.27061177,19.94094284,20.66285472,21.59416813,21.59416813,21.70388072,22.22534291,22.86925463,23.53958571,24.26149759,25.192811,25.192811,25.30252359,25.82398578,26.4678975,27.13822858,27.86014045,28.79145386,28.79145386,28.90116646,29.42262865,30.06654036,30.73687144,31.45878332,32.39009673,32.39009673,32.49980932,33.02127151,33.66518323,34.33551431,35.05742619,35.98873959,35.98873959,36.09845219,36.61991438,37.2638261,37.93415717,38.65606905,39.58719623
0.711,12970,20.9,1,3,3,5,0,0.043495398,0.233669671,0.48062851,0.753788966,1.074179148,1.52191499,1.52191499,1.580194431,1.861068338,2.212081128,2.588161169,3.008963984,3.576650614,3.576650614,3.648467087,3.985251195,4.407410286,4.848433729,5.328511475,5.974086366,5.974086366,6.05257521,6.418068134,6.872534921,7.34759923,7.863155026,8.540685747,8.540685747,8.623403462,9.013878949,9.498281402,9.998062689,10.53573981,11.24185122,11.24185122,11.32847786,11.73224232,12.23236979,12.74276436,13.29764177,14.03180084,14.03180084,14.11842748,14.52219193,15.02231941,15.53271398,16.08759139,16.82175045,16.82175045,16.9083771,17.31214155,17.81226902,18.32266359,18.877541,19.61170007,19.61170007,19.69832672,20.10209117,20.60221864,21.11261321,21.66749062,22.40164969,22.40164969,22.48827633,22.89204079,23.39216826,23.90256283,24.45744024,25.1915993,25.1915993,25.27822595,25.6819904,26.18211788,26.69251245,27.24738985,27.98154892,27.98154892,28.06817557,28.47194002,28.97206749,29.48246206,30.03733947,30.77135174
0.711,12970,20.9,1,3,3,6,0,0.038862157,0.205811661,0.421202281,0.652620411,0.91577711,1.285226971,1.285226971,1.333472672,1.555215322,1.83834241,2.133801042,2.454112462,2.895962779,2.895962779,2.953387827,3.212204577,3.532361932,3.870781893,4.232569112,4.723120319,4.723120319,4.786048941,5.06873468,5.420522319,5.784388649,6.17541058,6.706277972,6.706277972,6.77132092,7.068161611,7.437357202,7.81178858,8.216612499,8.766006768,8.766006768,8.834294442,9.141504758,9.527466535,9.917542206,10.33747634,10.90654811,10.90654811,10.97483579,11.2820461,11.66800788,12.05808355,12.47801768,13.04708946,13.04708946,13.11537713,13.42258745,13.80854923,14.1986249,14.61855903,15.18763081,15.18763081,15.25591848,15.5631288,15.94909057,16.33916624,16.75910038,17.32817215,17.32817215,17.39645983,17.70367014,18.08963192,18.47970759,18.89964172,19.4687135,19.4687135,19.53700117,19.84421149,20.23017326,20.62024894,21.04018307,21.60925484,21.60925484,21.67754252,21.98475283,22.37071461,22.76079028,23.18072441,23.7496824
0.711,12970,20.9,1,4,1,1,0,0.048894928,0.262144641,0.544259729,0.854023526,1.209293947,1.683773331,1.683773331,1.748854726,2.063673105,2.460655291,2.87978644,3.340833713,3.935795946,3.935795946,4.014338668,4.383909512,4.84501743,5.326071882,5.839867778,6.502025021,6.502025021,6.587859483,6.989563609,7.48913573,8.00527361,8.556501025,9.261040694,9.261040694,9.352323492,9.780769508,10.30968434,10.85156943,11.42706675,12.15755028,12.15755028,12.25228798,12.69107601,13.23166422,13.78251358,14.36867114,15.10123877,15.10123877,15.19597647,15.6347645,16.17535271,16.72620207,17.31235963,18.04492726,18.04492726,18.13966496,18.57845299,19.1190412,19.66989056,20.25604812,20.98861575,20.98861575,21.08335345,21.52214148,22.06272969,22.61357905,23.19973661,23.93230424,23.93230424,24.02704194,24.46582997,25.00641818,25.55726754,26.1434251,26.87599273,26.87599273,26.97073043,27.40951846,27.95010667,28.50095603,29.08711359,29.81968122,29.81968122,29.91441892,30.35320695,30.89379516,31.44464452,32.03080208,32.76322322
0.711,12970,20.9,1,4,1,2,0,0.056611486,0.30363259,0.6319141,1.00112935,1.427828068,1.99942533,1.99942533,2.07853767,2.466573367,2.955886046,3.479690244,4.055680912,4.784309206,4.784309206,4.881000156,5.346352439,5.922792441,6.521454763,7.17048052,7.980940799,7.980940799,8.087174317,8.592402841,9.219265102,9.857256374,10.54194244,11.39479076,11.39479076,11.50590056,12.0349296,12.68797454,13.35754571,14.07087524,14.95167482,14.95167482,15.06557276,15.60327333,16.26502344,16.94075929,17.65592136,18.54351066,18.54351066,18.6574086,19.19510917,19.85685928,20.53259513,21.2477572,22.13534649,22.13534649,22.24924444,22.78694501,23.44869512,24.12443096,24.83959304,25.72718233,25.72718233,25.84108028,26.37878084,27.04053095,27.7162668,28.43142887,29.31901817,29.31901817,29.43291612,29.97061668,30.63236679,31.30810264,32.02326471,32.91085401,32.91085401,33.02475195,33.56245252,34.22420263,34.89993848,35.61510055,36.50268985,36.50268985,36.61658779,37.15428836,37.81603847,38.49177432,39.20693639,40.09434821
0.711,12970,20.9,1,4,1,3,0,0.066171695,0.356616554,0.747082604,1.192152818,1.71180581,2.409541468,2.409541468,2.507472308,3.003854689,3.620042867,4.269805582,4.97714233,5.856899555,5.856899555,5.975780472,6.557960395,7.275264235,8.010618313,8.801824678,9.778052226,9.778052226,9.90764616,10.54357056,11.31883267,12.11154924,12.95595126,13.99009047,13.99009047,14.12633603,14.78345762,15.59228802,16.41045914,17.28350787,18.35147296,18.35147296,18.49177753,19.16408707,19.98327458,20.81583662,21.69349282,22.7607562,22.7607562,22.90106078,23.57337031,24.39255783,25.22511987,26.10277606,27.17003945,27.17003945,27.31034403,27.98265356,28.80184108,29.63440312,30.51205931,31.5793227,31.5793227,31.71962727,32.39193681,33.21112433,34.04368637,34.92134256,35.98860595,35.98860595,36.12891052,36.80122006,37.62040758,38.45296962,39.33062581,40.3978892,40.3978892,40.53819377,41.21050331,42.02969082,42.86225287,43.73990906,44.80717245,44.80717245,44.94747702,45.61978655,46.43897407,47.27153611,48.14919231,49.21624228
0.711,12970,20.9,1,4,1,4,0,0.076216233,0.41226747,0.868353194,1.401757029,2.028994753,2.857371992,2.857371992,2.977437775,3.585229064,4.337544483,5.121843619,5.976514663,7.038203121,7.038203121,7.181769742,7.889658723,8.760575898,9.647616648,10.59456896,11.7511301,11.7511301,11.90663315,12.66459003,13.58831386,14.53077124,15.52910932,16.73406835,16.73406835,16.89549218,17.67590187,18.62820306,19.59379822,20.61807517,21.84873084,21.84873084,22.01286213,22.80607177,23.7714775,24.74744307,25.77182563,26.99484378,26.99484378,27.15897507,27.95218471,28.91759043,29.89355601,30.91793857,32.14095671,32.14095671,32.305088,33.09829764,34.06370337,35.03966894,36.06405151,37.28706965,37.28706965,37.45120094,38.24441058,39.20981631,40.18578188,41.21016444,42.43318259,42.43318259,42.59731388,43.39052352,44.35592924,45.33189482,46.35627738,47.57929552,47.57929552,47.74342681,48.53663645,49.50204218,50.47800776,51.50239032,52.72540846,52.72540846,52.88953975,53.68274939,54.64815512,55.62412069,56.64850325,57.87127684
0.711,12970,20.9,1,4,1,5,0,0.0877985,0.473166134,0.997948573,1.620563035,2.360841594,3.305959385,3.305959385,3.446027149,4.15836125,5.031964396,5.947711256,6.953649584,8.164720136,8.164720136,8.335061626,9.179960245,10.20076987,11.24743062,12.35339283,13.66535338,13.66535338,13.84913701,14.7387702,15.81700592,16.92092166,18.07731133,19.43195917,19.43195917,19.61874802,20.52676821,21.62117998,22.72829887,23.89729124,25.26206167,25.26206167,25.45081537,26.367629,27.46917771,28.59058196,29.77849403,31.17255853,31.17255853,31.36131223,32.27812586,33.37967457,34.50107882,35.68899089,37.08305539,37.08305539,37.27180909,38.18862272,39.29017143,40.41157568,41.59948775,42.99355225,42.99355225,43.18230595,44.09911958,45.20066829,46.32207254,47.50998461,48.90404911,48.90404911,49.09280281,50.00961644,51.11116515,52.2325694,53.42048147,54.81454597,54.81454597,55.00329967,55.9201133,57.02166201,58.14306626,59.33097833,60.72504283,60.72504283,60.91379653,61.83061016,62.93215887,64.05356311,65.24147519,66.63526093
0.711,12970,20.9,1,4,1,6,0,0.099306764,0.534365858,1.131277156,1.85048645,2.705145236,3.771717118,3.771717118,3.935613694,4.776991448,5.796533803,6.864265441,8.017651552,9.357747979,9.357747979,9.553171389,10.52065955,11.68332318,12.8723325,14.15251189,15.60630355,15.60630355,15.81465742,16.84055783,18.07388461,19.32558372,20.65592709,22.16825357,22.16825357,22.38423056,23.43945113,24.70037941,25.96300025,27.30873789,28.82195803,28.82195803,29.03880262,30.10463961,31.37605719,32.65595249,33.99737337,35.51120296,35.51120296,35.72804756,36.79388455,38.06530213,39.34519743,40.6866183,42.2004479,42.2004479,42.4172925,43.48312949,44.75454707,46.03444237,47.37586324,48.88969284,48.88969284,49.10653744,50.17237443,51.443792,52.7236873,54.06510818,55.57893778,55.57893778,55.79578238,56.86161936,58.13303694,59.41293224,60.75435312,62.26818272,62.26818272,62.48502731,63.5508643,64.82228188,66.10217718,67.44359806,68.95742766,68.95742766,69.17427225,70.24010924,71.51152682,72.79142212,74.132843,75.64636989
0.711,12970,20.9,1,4,2,1,0,0.131345188,0.709369245,1.517120242,2.507731766,3.683777387,5.022822287,5.022822287,5.249813824,6.427574099,7.830895087,9.284259866,10.82963227,12.46699717,12.46699717,12.73037215,14.07034656,15.63795213,17.21472713,18.84853325,20.54074896,20.54074896,20.81249208,22.18690542,23.80241103,25.42276889,27.10096101,28.84725105,28.84725105,29.12493941,30.51664937,32.14415701,33.77957118,35.47022034,37.21467491,37.21467491,37.4931645,38.88757601,40.51254924,42.14094382,43.83255203,45.58256889,45.58256889,45.86105848,47.25547,48.88044322,50.5088378,52.20044602,53.95046288,53.95046288,54.22895247,55.62336399,57.24833721,58.87673179,60.56834001,62.31835686,62.31835686,62.59684646,63.99125797,65.6162312,67.24462577,68.93623399,70.68625085,70.68625085,70.96474044,72.35915196,73.98412518,75.61251976,77.30412798,79.05414483,79.05414483,79.33263443,80.72704594,82.35201917,83.98041375,85.67202196,87.42203882,87.42203882,87.70052841,89.09493993,90.71991315,92.34830773,94.03991595,95.78958287
0.711,12970,20.9,1,4,2,2,0,0.133720254,0.725036096,1.544175078,2.546175933,3.73122046,5.073260008,5.073260008,5.309267438,6.53127909,7.969984392,9.450419908,11.01293208,12.65455879,12.65455879,12.92557314,14.30270555,15.90780623,17.53546513,19.23219563,20.97481525,20.97481525,21.25783261,22.67100407,24.32908592,25.99513769,27.7111257,29.45973858,29.45973858,29.74664085,31.16818038,32.82874856,34.49353307,36.20700845,37.96816452,37.96816452,38.25390056,39.68090702,41.34768094,43.01247235,44.7163298,46.45316719,46.45316719,46.73890323,48.16590969,49.83268361,51.49747502,53.20133247,54.93816986,54.93816986,55.2239059,56.65091236,58.31768628,59.98247769,61.68633514,63.42317253,63.42317253,63.70890857,65.13591503,66.80268895,68.46748036,70.17133781,71.9081752,71.9081752,72.19391124,73.6209177,75.28769162,76.95248303,78.65634048,80.39317787,80.39317787,80.67891391,82.10592037,83.77269429,85.4374857,87.14134315,88.87818054,88.87818054,89.16391658,90.59092304,92.25769696,93.92248837,95.62634582,97.36283591
0.711,12970,20.9,1,4,2,3,0,0.134572385,0.727415844,1.557963307,2.575862234,3.776513686,5.123310904,5.123310904,5.358397288,6.576582058,8.020339572,9.502217304,11.06893791,12.70732371,12.70732371,12.97900567,14.35169937,15.96057303,17.58446039,19.27026875,21.00592158,21.00592158,21.28961231,22.71390871,24.37999927,26.04534673,27.7597274,29.51933618,29.51933618,29.80565749,31.24115616,32.91691489,34.58908499,36.31231533,38.08352138,38.08352138,38.37379981,39.84203853,41.54354213,43.22824219,44.95903415,46.7236229,46.7236229,47.01390133,48.48214005,50.18364365,51.86834371,53.59913567,55.36372442,55.36372442,55.65400285,57.12224157,58.82374517,60.50844523,62.23923719,64.00382594,64.00382594,64.29410437,65.76234309,67.46384669,69.14854675,70.87933871,72.64392746,72.64392746,72.93420589,74.40244461,76.10394821,77.78864827,79.51944023,81.28402898,81.28402898,81.57430741,83.04254613,84.74404973,86.42874979,88.15954175,89.9241305,89.9241305,90.21440893,91.68264765,93.38415125,95.06885131,96.79964327,98.56387917
0.711,12970,20.9,1,4,2,4,0,0.130381258,0.713386907,1.520430672,2.508347707,3.681984879,5.017624398,5.017624398,5.24639228,6.446085354,7.871107512,9.342752146,10.89857378,12.54287731,12.54287731,12.80995736,14.16089874,15.75145267,17.36047468,19.02396388,20.7590769,20.7590769,21.03654722,22.4371246,24.07609925,25.71491567,27.41027963,29.15342138,29.15342138,29.43177204,30.83049442,32.4599877,34.10650194,35.79160716,37.53082968,37.53082968,37.80983008,39.21314653,40.84976032,42.48996705,44.18422714,45.92767347,45.92767347,46.20667387,47.60999033,49.24660411,50.88681085,52.58107094,54.32451727,54.32451727,54.60351767,56.00683412,57.64344791,59.28365464,60.97791473,62.72136106,62.72136106,63.00036146,64.40367792,66.0402917,67.68049844,69.37475853,71.11820486,71.11820486,71.39720526,72.80052171,74.4371355,76.07734223,77.77160232,79.51504865,79.51504865,79.79404905,81.19736551,82.83397929,84.47418603,86.16844612,87.91189245,87.91189245,88.19089285,89.5942093,91.23082309,92.87102982,94.56528991,96.30838762
0.711,12970,20.9,1,4,2,5,0,0.122725866,0.676019264,1.445118245,2.384464305,3.510916267,4.807853134,4.807853134,5.020572405,6.143377113,7.485918573,8.881822284,10.37175656,11.97503752,11.97503752,12.22627077,13.5135812,15.03077061,16.57777591,18.19701998,19.88331448,19.88331448,20.14350114,21.46567596,23.026955,24.60762086,26.25745265,27.99366824,27.99366824,28.25921447,29.61573847,31.20967707,32.80492618,34.46512679,36.18322965,36.18322965,36.44935001,37.79951123,39.38904818,40.98537287,42.64125437,44.3709429,44.3709429,44.63706327,45.98722448,47.57676143,49.17308612,50.82896762,52.55865616,52.55865616,52.82477652,54.17493773,55.76447469,57.36079937,59.01668088,60.74636941,60.74636941,61.01248977,62.36265098,63.95218794,65.54851263,67.20439413,68.93408266,68.93408266,69.20020302,70.55036423,72.13990119,73.73622588,75.39210738,77.12179591,77.12179591,77.38791627,78.73807749,80.32761444,81.92393913,83.57982063,85.30950916,85.30950916,85.57562953,86.92579074,88.5153277,90.11165238,91.76753388,93.49687655
0.711,12970,20.9,1,4,2,6,0,0.113291766,0.624325577,1.333496454,2.204830603,3.261503532,4.514257489,4.514257489,4.711044568,5.757686162,7.017298275,8.312693599,9.723093161,11.27654686,11.27654686,11.50780976,12.70329092,14.12819016,15.58211965,17.11844774,18.7784746,18.7784746,19.02302971,20.27016017,21.75873325,23.26742611,24.84975319,26.54010242,26.54010242,26.78496369,28.03853451,29.51961294,31.01334135,32.58648711,34.27755988,34.27755988,34.5246197,35.78311592,37.27295671,38.7738377,40.3418733,42.00003894,42.00003894,42.24709877,43.50559498,44.99543577,46.49631676,48.06435237,49.72251801,49.72251801,49.96957784,51.22807405,52.71791484,54.21879583,55.78683144,57.44499708,57.44499708,57.6920569,58.95055312,60.44039391,61.9412749,63.5093105,65.16747614,65.16747614,65.41453597,66.67303218,68.16287297,69.66375396,71.23178957,72.88995521,72.88995521,73.13701504,74.39551125,75.88535204,77.38623303,78.95426863,80.61243428,80.61243428,80.8594941,82.11799031,83.60783111,85.1087121,86.6767477,88.33458178
0.711,12970,20.9,1,4,3,1,0,0.080713614,0.440884701,0.931954844,1.509341878,2.199912662,3.139125908,3.139125908,3.268880883,3.930952871,4.751867913,5.609441512,6.551171276,7.738322729,7.738322729,7.897683472,8.684350332,9.64909929,10.64711231,11.70920195,13.03160776,13.03160776,13.20474527,14.0490694,15.08255685,16.1374016,17.27046189,18.66024525,18.66024525,18.83925086,19.71372157,20.77211503,21.84402479,22.98535982,24.39602991,24.39602991,24.57684545,25.46179382,26.53362387,27.61941113,28.78406027,30.20929942,30.20929942,30.39011496,31.27506333,32.34689338,33.43268064,34.59732978,36.02256893,36.02256893,36.20338447,37.08833284,38.16016289,39.24595015,40.41059929,41.83583844,41.83583844,42.01665398,42.90160235,43.9734324,45.05921966,46.2238688,47.64910795,47.64910795,47.82992349,48.71487186,49.78670191,50.87248917,52.03713831,53.46237746,53.46237746,53.643193,54.52814137,55.59997142,56.68575868,57.85040782,59.27564697,59.27564697,59.45646251,60.34141088,61.41324093,62.49902819,63.66367733,65.08863149
0.711,12970,20.9,1,4,3,2,0,0.06783538,0.371775214,0.784498063,1.26994452,1.848805523,2.641529363,2.641529363,2.74870963,3.295195726,3.971971345,4.690369728,5.47398158,6.484868771,6.484868771,6.615674896,7.267570479,8.063136034,8.890234842,9.776951405,10.90936541,10.90936541,11.05276569,11.75538322,12.61832445,13.50453627,14.45403075,15.65047383,15.65047383,15.80041229,16.53679088,17.43646755,18.3566025,19.32921276,20.56477009,20.56477009,20.71896821,21.46637215,22.37769103,23.30117714,24.27727137,25.50921976,25.50921976,25.66341788,26.41082183,27.3221407,28.24562681,29.22172104,30.45366944,30.45366944,30.60786756,31.3552715,32.26659038,33.19007649,34.16617072,35.39811912,35.39811912,35.55231723,36.29972118,37.21104005,38.13452616,39.11062039,40.34256879,40.34256879,40.49676691,41.24417085,42.15548973,43.07897584,44.05507007,45.28701847,45.28701847,45.44121658,46.18862053,47.0999394,48.02342551,48.99951974,50.23146814,50.23146814,50.38566626,51.1330702,52.04438908,52.96787519,53.94396942,55.17567148
0.711,12970,20.9,1,4,3,3,0,0.057252211,0.315256212,0.660185032,1.057970418,1.532333327,2.183242194,2.183242194,2.26959763,2.704919195,3.250629118,3.830205025,4.468277402,5.306029921,5.306029921,5.411578967,5.931066758,6.574436839,7.244671489,7.971799086,8.912915075,8.912915075,9.028467886,9.591618676,10.29245148,11.01514397,11.79244536,12.77396555,12.77396555,12.89604263,13.48989047,14.22375164,14.97013296,15.77595113,16.7978747,16.7978747,16.92449398,17.54099203,18.29129848,19.05996096,19.88275184,20.92912511,20.92912511,21.0557444,21.67224245,22.4225489,23.19121137,24.01400226,25.06037553,25.06037553,25.18699481,25.80349286,26.55379931,27.32246179,28.14525268,29.19162595,29.19162595,29.31824523,29.93474328,30.68504973,31.4537122,32.27650309,33.32287636,33.32287636,33.44949564,34.06599369,34.81630015,35.58496262,36.40775351,37.45412678,37.45412678,37.58074606,38.19724411,38.94755056,39.71621303,40.53900392,41.58537719,41.58537719,41.71199647,42.32849453,43.07880098,43.84746345,44.67025434,45.71641838
0.711,12970,20.9,1,4,3,4,0,0.048085367,0.262172838,0.544854765,0.867704404,1.25098223,1.776363172,1.776363172,1.845559157,2.185363356,2.617002329,3.072312176,3.580746708,4.242896355,4.242896355,4.326740523,4.73204234,5.239155206,5.771668417,6.353414198,7.105223186,7.105223186,7.198375963,7.645503539,8.204011858,8.77924018,9.409645252,10.21450148,10.21450148,10.31309954,10.78291971,11.36922457,11.97609064,12.62793844,13.46198259,13.46198259,13.56507705,14.05221271,14.65333039,15.27146978,15.93988259,16.79941924,16.79941924,16.9025137,17.38964936,17.99076704,18.60890643,19.27731924,20.13685589,20.13685589,20.23995035,20.72708601,21.32820369,21.94634308,22.61475589,23.47429254,23.47429254,23.577387,24.06452266,24.66564034,25.28377973,25.95219254,26.81172919,26.81172919,26.91482365,27.40195931,28.00307699,28.62121637,29.28962919,30.14916584,30.14916584,30.2522603,30.73939596,31.34051364,31.95865302,32.62706584,33.48660249,33.48660249,33.58969695,34.07683261,34.67795029,35.29608967,35.96450249,36.82386726
0.711,12970,20.9,1,4,3,5,0,0.041200599,0.22051944,0.456092055,0.719448466,1.02720504,1.452799607,1.452799607,1.509203407,1.775534276,2.11100241,2.465204837,2.860506244,3.388099641,3.388099641,3.455553147,3.76934364,4.161437804,4.570499413,5.016319877,5.610271295,5.610271295,5.684266008,6.029111574,6.460464593,6.910040896,7.394563085,8.033446211,8.033446211,8.113216681,8.479810466,8.937961892,9.410940385,9.926513993,10.60166961,10.60166961,10.6849068,11.06740776,11.54328041,12.03103447,12.55614015,13.24668151,13.24668151,13.3299187,13.71241966,14.18829231,14.67604637,15.20115205,15.8916934,15.8916934,15.9749306,16.35743156,16.83330421,17.32105827,17.84616395,18.5367053,18.5367053,18.6199425,19.00244346,19.4783161,19.96607017,20.49117585,21.1817172,21.1817172,21.26495439,21.64745536,22.123328,22.61108207,23.13618775,23.8267291,23.8267291,23.90996629,24.29246726,24.7683399,25.25609397,25.78119965,26.471741,26.471741,26.55497819,26.93747916,27.4133518,27.90110587,28.42621155,29.11661482
0.711,12970,20.9,1,4,3,6,0,0.037044621,0.195449616,0.400324552,0.625051735,0.876743429,1.230124278,1.230124278,1.276847784,1.489987354,1.759438069,2.041532218,2.347807117,2.761466856,2.761466856,2.815710968,3.063367566,3.370172708,3.688390898,4.031341007,4.492628346,4.492628346,4.551611274,4.818316727,5.153110866,5.494934318,5.863511756,6.353537079,6.353537079,6.4158041,6.695322874,7.041691733,7.403976591,7.787961802,8.300214129,8.300214129,8.365046251,8.658908805,9.023395022,9.3946163,9.792922713,10.32379932,10.32379932,10.38863145,10.682494,11.04698022,11.41820149,11.81650791,12.34738452,12.34738452,12.41221664,12.70607919,13.07056541,13.44178669,13.8400931,14.37096971,14.37096971,14.43580184,14.72966439,15.09415061,15.46537188,15.8636783,16.39455491,16.39455491,16.45938703,16.75324958,17.1177358,17.48895708,17.88726349,18.4181401,18.4181401,18.48297223,18.77683478,19.141321,19.51254227,19.91084869,20.4417253,20.4417253,20.50655742,20.80041997,21.16490619,21.53612747,21.93443388,22.46520434
0.711,12970,20.9,1,5,1,1,0,0.044484704,0.240381459,0.496263372,0.784349661,1.124059022,1.600329306,1.600329306,1.661715257,1.962037275,2.343511858,2.747041401,3.19492011,3.79979893,3.79979893,3.874212308,4.232630534,4.680887051,5.143091573,5.662687086,6.347352496,6.347352496,6.429889216,6.824366439,7.318981758,7.824960064,8.379046843,9.104793318,9.104793318,9.192298301,9.60762426,10.12647124,10.654385,11.23399874,11.99360535,11.99360535,12.08616568,12.52013708,13.0559967,13.61026056,14.20508438,14.9847724,14.9847724,15.07733272,15.51130413,16.04716374,16.60142761,17.19625143,17.97593945,17.97593945,18.06849977,18.50247118,19.03833079,19.59259466,20.18741848,20.9671065,20.9671065,21.05966682,21.49363823,22.02949784,22.5837617,23.17858552,23.95827354,23.95827354,24.05083387,24.48480527,25.02066489,25.57492875,26.16975257,26.94944059,26.94944059,27.04200091,27.47597232,28.01183193,28.5660958,29.16091962,29.94060764,29.94060764,30.03316796,30.46713937,31.00299898,31.55726285,32.15208667,32.93161878
0.711,12970,20.9,1,5,1,2,0,0.051372313,0.280252293,0.589047264,0.940287239,1.35810198,1.94143235,1.94143235,2.016720518,2.398721697,2.880144734,3.390610442,3.962410581,4.716436417,4.716436417,4.809681782,5.268331344,5.844083634,6.442469874,7.094051484,7.940559748,7.940559748,8.043522752,8.542631145,9.168776383,9.81919295,10.52622132,11.44322023,11.44322023,11.55278005,12.08363523,12.74351466,13.43191934,14.18032331,15.13050201,15.13050201,15.24451391,15.79358975,16.48027552,17.1811868,17.93846942,18.89984056,18.89984056,19.01385246,19.5629283,20.24961408,20.95052535,21.70780797,22.66917911,22.66917911,22.78319102,23.33226685,24.01895263,24.7198639,25.47714652,26.43851767,26.43851767,26.55252957,27.1016054,27.78829118,28.48920246,29.24648507,30.20785622,30.20785622,30.32186812,30.87094395,31.55762973,32.25854101,33.01582362,33.97719477,33.97719477,34.09120667,34.6402825,35.32696828,36.02787956,36.78516217,37.74653332,37.74653332,37.86054522,38.40962105,39.09630683,39.79721811,40.55450072,41.51567963
0.711,12970,20.9,1,5,1,3,0,0.060745528,0.333969619,0.705374877,1.144895834,1.666758822,2.390872167,2.390872167,2.485791047,2.975434079,3.589379855,4.238142008,4.95899383,5.911446323,5.911446323,6.028121163,6.613282358,7.343808054,8.100575395,8.916920987,9.975033879,9.975033879,10.1036964,10.74153944,11.53289386,12.35212274,13.22049326,14.33328693,14.33328693,14.46779925,15.12752286,15.95032777,16.79999822,17.70981437,18.86079365,18.86079365,19.00001455,19.68533335,20.52593716,21.39181324,22.32261263,23.49003635,23.49003635,23.62925725,24.31457604,25.15517986,26.02105594,26.95185533,28.11927905,28.11927905,28.25849995,28.94381874,29.78442256,30.65029863,31.58109802,32.74852174,32.74852174,32.88774264,33.57306144,34.41366525,35.27954133,36.21034072,37.37776444,37.37776444,37.51698534,38.20230413,39.04290795,39.90878403,40.83958342,42.00700714,42.00700714,42.14622804,42.83154683,43.67215065,44.53802672,45.46882611,46.63624984,46.63624984,46.77547074,47.46078953,48.30139334,49.16726942,50.09806881,51.26525909
0.711,12970,20.9,1,5,1,4,0,0.072214111,0.395394301,0.835808955,1.360620699,1.995080166,2.873899365,2.873899365,2.99249295,3.607076854,4.364482931,5.162934252,6.045814474,7.182463291,7.182463291,7.32684631,8.047750667,8.938368761,9.853613189,10.8396937,12.09796526,12.09796526,12.25506945,13.04216771,14.00332485,14.99059703,16.04820703,17.37987378,17.37987378,17.54519236,18.36585392,19.35829651,20.37563529,21.45634449,22.81592766,22.81592766,22.98549587,23.8121066,24.82518699,25.85173982,26.94432207,28.31992948,28.31992948,28.48949769,29.31610842,30.32918881,31.35574164,32.44832388,33.8239313,33.8239313,33.9934995,34.82011024,35.83319062,36.85974345,37.9523257,39.32793311,39.32793311,39.49750132,40.32411206,41.33719244,42.36374527,43.45632752,44.83193493,44.83193493,45.00150314,45.82811387,46.84119426,47.86774709,48.96032933,50.33593675,50.33593675,50.50550495,51.33211569,52.34519608,53.3717489,54.46433115,55.83993856,55.83993856,56.00950677,56.83611751,57.84919789,58.87575072,59.96833297,61.34366531
0.711,12970,20.9,1,5,1,5,0,0.083797957,0.454322917,0.967290329,1.584680152,2.33098971,3.33659395,3.33659395,3.478427718,4.208409345,5.108124196,6.054308831,7.095126319,8.406520072,8.406520072,8.579545034,9.443675052,10.4995883,11.57869828,12.74860379,14.19261917,14.19261917,14.38133009,15.30866008,16.43619208,17.57621043,18.79600348,20.29145124,20.29145124,20.4851268,21.44428272,22.59442544,23.76867281,25.02056573,26.53874503,26.53874503,26.735684,27.70704724,28.86664222,30.04762405,31.31576083,32.85166823,32.85166823,33.0486072,34.01997045,35.17956543,36.36054726,37.62868404,39.16459144,39.16459144,39.3615304,40.33289365,41.49248863,42.67347046,43.94160724,45.47751464,45.47751464,45.67445361,46.64581686,47.80541184,48.98639367,50.25453045,51.79043785,51.79043785,51.98737681,52.95874006,54.11833504,55.29931687,56.56745365,58.10336105,58.10336105,58.30030002,59.27166327,60.43125825,61.61224008,62.88037685,64.41628425,64.41628425,64.61322322,65.58458647,66.74418145,67.92516328,69.19330006,70.72890034
0.711,12970,20.9,1,5,1,6,0,0.095938213,0.520310444,1.108414507,1.831156282,2.723562682,3.869832093,3.869832093,4.035813787,4.90040882,5.958184449,7.062956278,8.28187019,9.75136408,9.75136408,9.953847823,10.97187143,12.20778343,13.48228571,14.85580776,16.47772258,16.47772258,16.69588414,17.78261431,19.08649904,20.40900103,21.82697166,23.47295785,23.47295785,23.69568404,24.79854047,26.12413323,27.46683027,28.90604657,30.57023581,30.57023581,30.79477722,31.90153409,33.23443845,34.58499676,36.01699989,37.68475436,37.68475436,37.90929577,39.01605264,40.348957,41.69951531,43.13151844,44.79927292,44.79927292,45.02381432,46.13057119,47.46347555,48.81403386,50.24603699,51.91379147,51.91379147,52.13833287,53.24508974,54.5779941,55.92855241,57.36055555,59.02831002,59.02831002,59.25285142,60.35960829,61.69251265,63.04307096,64.4750741,66.14282857,66.14282857,66.36736997,67.47412684,68.8070312,70.15758951,71.58959265,73.25734712,73.25734712,73.48188852,74.58864539,75.92154975,77.27210806,78.7041112,80.37153218
0.711,12970,20.9,1,5,2,1,0,0.129800296,0.716110758,1.544905833,2.580603355,3.830567552,5.272688162,5.272688162,5.510842056,6.771543527,8.283910555,9.852352063,11.53367907,13.3057327,13.3057327,13.58236162,15.0153063,16.69835756,18.40892429,20.21629471,22.10012097,22.10012097,22.39166636,23.88168075,25.63125474,27.38599044,29.22309524,31.13274861,31.13274861,31.42631091,32.92880618,34.69541348,36.47346132,38.32613159,40.23391425,40.23391425,40.53043386,42.04212899,43.83021637,45.62260268,47.48176367,49.39714613,49.39714613,49.69366574,51.20536087,52.99344825,54.78583456,56.64499554,58.56037801,58.56037801,58.85689762,60.36859274,62.15668012,63.94906643,65.80822742,67.72360988,67.72360988,68.02012949,69.53182462,71.319912,73.11229831,74.9714593,76.88684176,76.88684176,77.18336137,78.6950565,80.48314388,82.27553019,84.13469117,86.05007363,86.05007363,86.34659325,87.85828837,89.64637575,91.43876206,93.29792305,95.21330551,95.21330551,95.50982512,97.02152025,98.80960763,100.6019939,102.4611549,104.3761544
0.711,12970,20.9,1,5,2,2,0,0.13499858,0.736501665,1.585158529,2.646728706,3.921657366,5.375831477,5.375831477,5.624508723,6.937154332,8.499506114,10.11385453,11.81838054,13.62369332,13.62369332,13.91707166,15.41558289,17.1778081,18.96110754,20.80330664,22.69718284,22.69718284,23.00080635,24.54264609,26.33890948,28.13962947,30.01667233,31.93992181,31.93992181,32.24742929,33.79769875,35.60364825,37.42446932,39.30567583,41.22747822,41.22747822,41.53586335,43.08795452,44.89761406,46.71544059,48.58617652,50.49342206,50.49342206,50.80180719,52.35389836,54.16355789,55.98138443,57.85212036,59.7593659,59.7593659,60.06775102,61.6198422,63.42950173,65.24732826,67.1180642,69.02530974,69.02530974,69.33369486,70.88578604,72.69544557,74.5132721,76.38400804,78.29125358,78.29125358,78.5996387,80.15172988,81.96138941,83.77921594,85.64995188,87.55719741,87.55719741,87.86558254,89.41767372,91.22733325,93.04515978,94.91589571,96.82314125,96.82314125,97.13152638,98.68361756,100.4932771,102.3111036,104.1818396,106.0887037
0.711,12970,20.9,1,5,2,3,0,0.136011147,0.741978188,1.599180265,2.673464147,3.953402971,5.409644143,5.409644143,5.661237613,6.979593128,8.541534162,10.16379172,11.8818535,13.67940415,13.67940415,13.97331261,15.48553228,17.25749194,19.04610142,20.90905546,22.81722926,22.81722926,23.12722781,24.69475994,26.53033503,28.37433363,30.27414875,32.21817686,32.21817686,32.52813024,34.09632668,35.93241113,37.77099242,39.66863614,41.61062985,41.61062985,41.92298036,43.49812718,45.33420778,47.16596148,49.04259624,50.94837573,50.94837573,51.26072624,52.83587307,54.67195366,56.50370736,58.38034212,60.28612161,60.28612161,60.59847212,62.17361895,64.00969954,65.84145325,67.718088,69.6238675,69.6238675,69.93621801,71.51136483,73.34744542,75.17919913,77.05583389,78.96161338,78.96161338,79.27396389,80.84911072,82.68519131,84.51694501,86.39357977,88.29935926,88.29935926,88.61170977,90.1868566,92.02293719,93.8546909,95.73132565,97.63710514,97.63710514,97.94945565,99.52460248,101.3606831,103.1924368,105.0690715,106.9744699
0.711,12970,20.9,1,5,2,4,0,0.130594519,0.721411034,1.56112826,2.61227948,3.871314397,5.30297935,5.30297935,5.543457803,6.821640202,8.350536777,9.929023956,11.62954183,13.40736609,13.40736609,13.69125514,15.16216462,16.89110405,18.64229788,20.46606724,22.34939238,22.34939238,22.64554259,24.1648201,25.9492493,27.73542145,29.59228544,31.49997949,31.49997949,31.79750416,33.31941841,35.10971205,36.9017685,38.7569191,40.66484193,40.66484193,40.96323289,42.48224347,44.26948985,46.04417269,47.88744443,49.78273424,49.78273424,50.08112519,51.60013577,53.38738215,55.162065,57.00533674,58.90062654,58.90062654,59.1990175,60.71802808,62.50527445,64.2799573,66.12322904,68.01851884,68.01851884,68.3169098,69.83592038,71.62316676,73.39784961,75.24112134,77.13641115,77.13641115,77.4348021,78.95381269,80.74105906,82.51574191,84.35901365,86.25430345,86.25430345,86.55269441,88.07170499,89.85895137,91.63363422,93.47690595,95.37219576,95.37219576,95.67058671,97.1895973,98.97684367,100.7515265,102.5947983,104.4897091
0.711,12970,20.9,1,5,2,5,0,0.119554397,0.679630795,1.469632017,2.459720659,3.666703505,5.054741952,5.054741952,5.275292843,6.483253141,7.937887583,9.442978722,11.08105206,12.82584328,12.82584328,13.08846433,14.47904502,16.13177009,17.80256988,19.56816013,21.41463445,21.41463445,21.68874989,23.11311564,24.81688307,26.54836077,28.3575688,30.24965791,30.24965791,30.52440028,31.97616617,33.70198451,35.43946181,37.24755982,39.12817226,39.12817226,39.4034203,40.85135755,42.556271,44.29003462,46.08930334,47.97176152,47.97176152,48.24700955,49.69494681,51.39986025,53.13362387,54.9328926,56.81535078,56.81535078,57.09059881,58.53853607,60.24344951,61.97721313,63.77648186,65.65894003,65.65894003,65.93418807,67.38212532,69.08703877,70.82080239,72.62007111,74.50252929,74.50252929,74.77777732,76.22571458,77.93062802,79.66439164,81.46366037,83.34611855,83.34611855,83.62136658,85.06930384,86.77421728,88.5079809,90.30724963,92.1897078,92.1897078,92.46495584,93.91289309,95.61780654,97.35157016,99.15083888,101.0329206
0.711,12970,20.9,1,5,2,6,0,0.108653526,0.616279683,1.332549087,2.236568281,3.361000702,4.704507113,4.704507113,4.902123464,5.985603585,7.311636242,8.710159377,10.25472148,11.95761314,11.95761314,12.19231598,13.44150314,14.95637254,16.5098927,18.17426585,19.99571836,19.99571836,20.24378726,21.55015491,23.12073814,24.73239935,26.46119088,28.32717006,28.32717006,28.58105246,29.91783334,31.51970857,33.15240605,34.89597384,36.76750654,36.76750654,37.02421568,38.37993956,40.00530591,41.65334898,43.41137427,45.28214994,45.28214994,45.53885907,46.89458295,48.5199493,50.16799237,51.92601766,53.79679333,53.79679333,54.05350246,55.40922634,57.0345927,58.68263576,60.44066105,62.31143672,62.31143672,62.56814586,63.92386973,65.54923609,67.19727915,68.95530444,70.82608011,70.82608011,71.08278925,72.43851313,74.06387948,75.71192255,77.46994784,79.34072351,79.34072351,79.59743264,80.95315652,82.57852287,84.22656594,85.98459123,87.8553669,87.8553669,88.11207603,89.46779991,91.09316627,92.74120933,94.49923462,96.36963621
0.711,12970,20.9,1,5,3,1,0,0.074741464,0.409075002,0.874674045,1.439806706,2.131353019,3.138529018,3.138529018,3.265644865,3.92924085,4.752453534,5.619279096,6.598826116,7.906462028,7.906462028,8.063147343,8.854387509,9.825217689,10.83820949,11.94144809,13.41017182,13.41017182,13.58298857,14.44005271,15.50194074,16.57705102,17.75446402,19.29157827,19.29157827,19.47153512,20.3657176,21.44983502,22.56478354,23.7684382,25.34938238,25.34938238,25.53358078,26.44334053,27.54653906,28.67337503,29.88196677,31.45485536,31.45485536,31.63905376,32.54881351,33.65201205,34.77884801,35.98743975,37.56032834,37.56032834,37.74452675,38.65428649,39.75748503,40.884321,42.09291273,43.66580133,43.66580133,43.84999973,44.75975948,45.86295801,46.98979398,48.19838572,49.77127431,49.77127431,49.95547271,50.86523246,51.968431,53.09526696,54.3038587,55.87674729,55.87674729,56.0609457,56.97070544,58.07390398,59.20073995,60.40933168,61.98222028,61.98222028,62.16641868,63.07617843,64.17937696,65.30621293,66.51480467,68.08737875
0.711,12970,20.9,1,5,3,2,0,0.06110602,0.342573838,0.727471842,1.187463276,1.748643918,2.584316351,2.584316351,2.685649645,3.221837404,3.89283012,4.603764793,5.395761108,6.49086173,6.49086173,6.616422598,7.263931613,8.058655801,8.89679409,9.798660897,11.03582077,11.03582077,11.17512403,11.88360446,12.75415102,13.65446862,14.62554924,15.94214978,15.94214978,16.08914452,16.83511507,17.75765017,18.69471762,19.70331334,21.06402279,21.06402279,21.21556333,21.98294303,22.92053345,23.87745821,24.90973899,26.28832933,26.28832933,26.43986987,27.20724957,28.14483999,29.10176476,30.13404554,31.51263588,31.51263588,31.66417642,32.43155611,33.36914653,34.3260713,35.35835208,36.73694242,36.73694242,36.88848296,37.65586266,38.59345308,39.55037784,40.58265863,41.96124896,41.96124896,42.1127895,42.8801692,43.81775962,44.77468439,45.80696517,47.18555551,47.18555551,47.33709605,48.10447575,49.04206617,49.99899093,51.03127172,52.40986205,52.40986205,52.56140259,53.32878229,54.26637271,55.22329748,56.25557826,57.63389293
0.711,12970,20.9,1,5,3,3,0,0.050172317,0.282851952,0.601087277,0.97468894,1.433139379,2.104340898,2.104340898,2.183458136,2.599810343,3.13208693,3.700477441,4.336219178,5.207382751,5.207382751,5.30653203,5.818657858,6.462477416,7.134309444,7.872718346,8.880034856,8.880034856,8.99092444,9.54960568,10.25041241,10.98471405,11.79057444,12.87908349,12.87908349,12.99592486,13.59364246,14.34198514,15.11339171,15.95180534,17.07515754,17.07515754,17.19860469,17.81626639,18.59357286,19.3947486,20.25973164,21.41581628,21.41581628,21.53926343,22.15692514,22.9342316,23.73540734,24.60039038,25.75647502,25.75647502,25.87992217,26.49758388,27.27489034,28.07606608,28.94104912,30.09713376,30.09713376,30.22058091,30.83824262,31.61554908,32.41672482,33.28170786,34.4377925,34.4377925,34.56123965,35.17890136,35.95620783,36.75738356,37.6223666,38.77845124,38.77845124,38.9018984,39.5195601,40.29686657,41.0980423,41.96302535,43.11910999,43.11910999,43.24255714,43.86021884,44.63752531,45.43870104,46.30368409,47.45953756
0.711,12970,20.9,1,5,3,4,0,0.041341825,0.230005045,0.481945474,0.774512524,1.129968098,1.649884273,1.649884273,1.71128859,2.021289472,2.420564588,2.855857288,3.355018662,4.036763015,4.036763015,4.114695052,4.496080112,4.98578336,5.504155855,6.083686776,6.872130611,6.872130611,6.960159174,7.389216783,7.930888896,8.49721326,9.134221384,9.985935955,9.985935955,10.07852273,10.53333569,11.10290388,11.70011964,12.363021,13.25578182,13.25578182,13.35439855,13.82806325,14.42367096,15.04847108,15.73944043,16.66129969,16.66129969,16.75991642,17.23358112,17.82918883,18.45398895,19.1449583,20.06681756,20.06681756,20.16543429,20.63909899,21.2347067,21.85950682,22.55047617,23.47233543,23.47233543,23.57095216,24.04461686,24.64022457,25.26502469,25.95599404,26.8778533,26.8778533,26.97647003,27.45013473,28.04574244,28.67054256,29.36151191,30.28337117,30.28337117,30.3819879,30.8556526,31.45126031,32.07606043,32.76702978,33.68888904,33.68888904,33.78750577,34.26117047,34.85677818,35.4815783,36.17254765,37.09422257
0.711,12970,20.9,1,5,3,5,0,0.035192891,0.189313424,0.393024041,0.62308708,0.898901711,1.307058699,1.307058699,1.355794195,1.589110171,1.889939969,2.207659397,2.574594325,3.104962203,3.104962203,3.164831,3.449732327,3.810880352,4.192722859,4.623699906,5.232258477,5.232258477,5.300657948,5.620473186,6.023161422,6.443982313,6.91023165,7.563774628,7.563774628,7.636554917,7.978058459,8.402008105,8.848399834,9.339185675,10.03196748,10.03196748,10.10889907,10.46521641,10.91441337,11.37867212,11.89715612,12.60881424,12.60881424,12.68574583,13.04206317,13.49126013,13.95551888,14.47400289,15.185661,15.185661,15.26259259,15.61890993,16.06810689,16.53236564,17.05084965,17.76250776,17.76250776,17.83943935,18.19575669,18.64495365,19.1092124,19.62769641,20.33935452,20.33935452,20.41628611,20.77260345,21.22180041,21.68605916,22.20454317,22.91620128,22.91620128,22.99313288,23.34945021,23.79864717,24.26290592,24.78138993,25.49304804,25.49304804,25.56997964,25.92629697,26.37549393,26.83975268,27.35823669,28.0697525
0.711,12970,20.9,1,5,3,6,0,0.031637121,0.168423177,0.346250076,0.540927343,0.763703701,1.104458386,1.104458386,1.145255593,1.333077515,1.573624879,1.82852485,2.110739212,2.526650448,2.526650448,2.575751352,2.799634436,3.078509872,3.372559801,3.692002103,4.160725633,4.160725633,4.215387592,4.46185173,4.768111304,5.088479392,5.439485887,5.947461747,5.947461747,6.00603131,6.267101328,6.593993171,6.935364989,7.309014318,7.848735816,7.848735816,7.909615625,8.185349988,8.526220858,8.881242108,9.262850678,9.817335402,9.817335402,9.878215212,10.15394957,10.49482044,10.84984169,11.23145026,11.78593499,11.78593499,11.8468148,12.12254916,12.46342003,12.81844128,13.20004985,13.75453458,13.75453458,13.81541438,14.09114875,14.43201962,14.78704087,15.16864944,15.72313416,15.72313416,15.78401397,16.05974833,16.4006192,16.75564045,17.13724902,17.69173375,17.69173375,17.75261356,18.02834792,18.36921879,18.72424004,19.10584861,19.66033334,19.66033334,19.72121314,19.99694751,20.33781838,20.69283963,21.0744482,21.62882205
