U%,Density,Thermal_Conductivity,IV,Digit1,Digit2,Digit3,0,1,3,5,10,15,20,22,24,26,26,27,29,31,36,41,46,48,50,52,52,53,55,57,62,67,72,74,76,78,78,79,81,83,88,93,98,100,102,104,104,105,107,109,114,119,124,126,128,130,130,131,133,135,140,145,150,152,154,156,156,157,159,161,166,171,176,178,180,182,182,183,185,187,192,197,202,204,206,208,208,209,211,213,218,223,228,230,232,234
0.35,9664,2.9,1,1,3,6,0,0.01866103,0.058819809,0.100604842,0.216112721,0.354027138,0.533289479,0.623938184,0.729601377,0.85740284,0.85740284,0.891020266,0.96545799,1.040720828,1.23664267,1.453199916,1.720954166,1.851937523,2.001807624,2.180893745,2.180893745,2.226053604,2.323941721,2.42235003,2.676477116,2.954139063,3.286527674,3.446907111,3.62831415,3.840521867,3.840521867,3.893673423,4.007945026,4.122791925,4.415931339,4.731888584,5.112890473,5.296455528,5.505114881,5.750712943,5.750712943,5.811200334,5.941271832,6.071879537,6.402645442,6.757733223,7.177957735,7.379193863,7.607163905,7.872140839,7.872140839,7.93262823,8.062699727,8.193307433,8.524073337,8.879161119,9.299385631,9.500621759,9.728591801,9.993568735,9.993568735,10.05405613,10.18412762,10.31473533,10.64550123,11.00058901,11.42081353,11.62204965,11.8500197,12.11499663,12.11499663,12.17548402,12.30555552,12.43616322,12.76692913,13.12201691,13.54224142,13.74347755,13.97144759,14.23642453,14.23642453,14.29691192,14.42698342,14.55759112,14.88835703,15.24344481,15.66366932,15.86490545,16.09287549,16.35785242
0.35,9664,2.9,1,1,3,5,0,0.020832656,0.067305053,0.116460791,0.257649166,0.434939543,0.671945864,0.791376433,0.927578862,1.09635983,1.09635983,1.139494685,1.236559386,1.335461739,1.595772058,1.89179694,2.262611394,2.439712808,2.636332143,2.873967081,2.873967081,2.9320587,3.059473407,3.188885175,3.525345244,3.897973364,4.352239525,4.565248647,4.799986406,5.081305948,5.081305948,5.149790856,5.301329389,5.454779511,5.852213914,6.288088224,6.814957914,7.061673654,7.329529301,7.651084948,7.651084948,7.728034353,7.896760779,8.067237011,8.505547221,8.983921291,9.566537559,9.839847424,10.13609161,10.49314395,10.49314395,10.57009335,10.73881978,10.90929601,11.34760622,11.82598029,12.40859656,12.68190642,12.9781506,13.33520294,13.33520294,13.41215235,13.58087877,13.75135501,14.18966522,14.66803929,15.25065555,15.52396542,15.8202096,16.17726194,16.17726194,16.25421135,16.42293777,16.59341401,17.03172421,17.51009828,18.09271455,18.36602442,18.6622686,19.01932094,19.01932094,19.09627035,19.26499677,19.435473,19.87378321,20.35215728,20.93477355,21.20808342,21.5043276,21.86137994
0.35,9664,2.9,1,1,3,4,0,0.025046952,0.08257233,0.144925795,0.330061535,0.573235476,0.894768836,1.050391085,1.228777627,1.452005377,1.452005377,1.509047553,1.64266023,1.780722699,2.147930709,2.571113529,3.084865049,3.321218739,3.585587235,3.910293005,3.910293005,3.988952108,4.168282765,4.352929988,4.841532026,5.389080143,6.034230566,6.327183743,6.650298994,7.040477186,7.040477186,7.13406431,7.347044364,7.562855853,8.121977189,8.748863843,9.48535312,9.815379954,10.17700977,10.61244341,10.61244341,10.71620091,10.95059072,11.18906959,11.809978,12.48810802,13.27065515,13.62633859,14.01675202,14.48632139,14.48632139,14.59007889,14.8244687,15.06294757,15.68385598,16.361986,17.14453313,17.50021657,17.89063,18.36019936,18.36019936,18.46395686,18.69834668,18.93682555,19.55773396,20.23586398,21.01841111,21.37409455,21.76450798,22.23407734,22.23407734,22.33783484,22.57222466,22.81070353,23.43161194,24.10974196,24.89228909,25.24797253,25.63838596,26.10795532,26.10795532,26.21171282,26.44610263,26.68458151,27.30548991,27.98361993,28.76616707,29.12185051,29.51226394,29.9818333
0.35,9664,2.9,1,1,3,3,0,0.03049563,0.103125297,0.182513349,0.421744767,0.736588698,1.150063149,1.351799895,1.588921222,1.87905507,1.87905507,1.955838719,2.145101695,2.340119364,2.855600514,3.436333833,4.118771932,4.431325906,4.78513738,5.204649127,5.204649127,5.311023059,5.569374068,5.833169527,6.506674755,7.244303187,8.09556325,8.474725176,8.896221872,9.393971514,9.393971514,9.517935857,9.815483587,10.11808979,10.88956259,11.72316613,12.66824783,13.08811652,13.55561926,14.10837632,14.10837632,14.24579767,14.5730992,14.90537874,15.7485206,16.6613959,17.68779407,18.14007823,18.6450968,19.23843924,19.23843924,19.3758606,19.70316212,20.03544166,20.87858352,21.79145882,22.81785699,23.27014116,23.77515972,24.36850216,24.36850216,24.50592352,24.83322505,25.16550458,26.00864644,26.92152175,27.94791992,28.40020408,28.90522264,29.49856509,29.49856509,29.63598644,29.96328797,30.29556751,31.13870937,32.05158467,33.07798284,33.530267,34.03528557,34.62862801,34.62862801,34.76604936,35.09335089,35.42563043,36.26877229,37.18164759,38.20804576,38.66032992,39.16534849,39.75869093
0.35,9664,2.9,1,1,3,2,0,0.036729776,0.126040657,0.22490128,0.529729781,0.938354754,1.490024392,1.764434829,2.084549226,2.459764166,2.459764166,2.56466313,2.823153229,3.083488385,3.764346259,4.521139612,5.402496524,5.806083839,6.263802596,6.782218896,6.782218896,6.920857655,7.256315857,7.593958115,8.467714613,9.39845455,10.44236763,10.9175956,11.45438511,12.05592712,12.05592712,12.21184947,12.59017268,12.9688584,13.93465242,14.96478715,16.11736965,16.63718319,17.21978971,17.87111953,17.87111953,18.03909194,18.44284297,18.84728329,19.87848157,20.97620325,22.20313481,22.751903,23.36165926,24.04538191,24.04538191,24.21335432,24.61710535,25.02154567,26.05274394,27.15046563,28.37739718,28.92616537,29.53592163,30.21964428,30.21964428,30.38761669,30.79136772,31.19580804,32.22700632,33.324728,34.55165955,35.10042775,35.71018401,36.39390665,36.39390665,36.56187906,36.9656301,37.37007042,38.40126869,39.49899038,40.72592193,41.27469012,41.88444638,42.56816903,42.56816903,42.73614144,43.13989247,43.54433279,44.57553107,45.67325275,46.9001843,47.44895249,48.05870876,48.7424314
0.35,9664,2.9,1,1,3,1,0,0.044686076,0.152126264,0.272872803,0.658222259,1.184438602,1.906710769,2.270162229,2.684981701,3.144383347,3.144383347,3.279970744,3.612532174,3.947558571,4.816833655,5.775768182,6.91518843,7.447187895,8.032832193,8.666292008,8.666292008,8.844138461,9.271428499,9.698971756,10.77917278,11.93601328,13.28434429,13.9056283,14.58166494,15.30318091,15.30318091,15.50466139,15.9842515,16.46131435,17.66705368,18.94866239,20.41078079,21.07871227,21.8021812,22.5706782,22.5706782,22.78220981,23.28105917,23.78013793,25.04472533,26.37409307,27.87482836,28.54745905,29.2718939,30.04263928,30.04263928,30.25417089,30.75302025,31.25209901,32.51668642,33.84605415,35.34678944,36.01942013,36.74385498,37.51460037,37.51460037,37.72613197,38.22498133,38.72406009,39.9886475,41.31801523,42.81875053,43.49138121,44.21581607,44.98656145,44.98656145,45.19809305,45.69694241,46.19602118,47.46060858,48.78997632,50.29071161,50.9633423,51.68777715,52.45852253,52.45852253,52.67005414,53.1689035,53.66798226,54.93256966,56.2619374,57.76267269,58.43530338,59.15973823,59.93048362
0.35,9664,2.9,1,1,2,6,0,0.069080944,0.240773042,0.438160106,1.098995086,2.031016137,3.235838382,3.787807075,4.371612499,4.986117911,4.986117911,5.220350455,5.793333687,6.365234802,7.850887293,9.483535232,11.29604114,12.06695892,12.85328253,13.65462034,13.65462034,13.94536415,14.6473462,15.34461273,17.1145373,19.00280746,21.03256316,21.88285203,22.75149928,23.62092868,23.62092868,23.93094856,24.68149714,25.42899127,27.31197083,29.29578684,31.4122629,32.29216254,33.18787197,34.08557708,34.08557708,34.40433496,35.17085005,35.93073672,37.84862749,39.87542924,42.02658214,42.91686229,43.82772388,44.74244798,44.74244798,45.06120586,45.82772095,46.58760762,48.50549839,50.53230014,52.68345304,53.57373319,54.48459477,55.39931888,55.39931888,55.71807676,56.48459185,57.24447851,59.16236929,61.18917104,63.34032394,64.23060409,65.14146567,66.05618978,66.05618978,66.37494765,67.14146274,67.90134941,69.81924018,71.84604193,73.99719484,74.88747498,75.79833657,76.71306067,76.71306067,77.03181855,77.79833364,78.55822031,80.47611108,82.50291283,84.65406573,85.54434588,86.45520747,87.36993157
0.35,9664,2.9,1,1,2,5,0,0.077101824,0.271825229,0.496594424,1.257960797,2.323494523,3.681711303,4.292764205,4.932662359,5.599746713,5.599746713,5.868067058,6.53105091,7.18917707,8.878857712,10.6993437,12.66185118,13.47974534,14.31499496,15.15650617,15.15650617,15.48278889,16.27479524,17.05087665,18.99903653,21.03299097,23.20258624,24.10482117,25.0114956,25.91922539,25.91922539,26.2682478,27.11509977,27.94337138,30.01487248,32.15492059,34.39898969,35.31725994,36.24092065,37.1683946,37.1683946,37.5191985,38.37067094,39.20419325,41.27056409,43.4173438,45.69594559,46.63648541,47.57699613,48.51463279,48.51463279,48.8654367,49.71690913,50.55043145,52.61680228,54.763582,57.04218378,57.9827236,58.92323433,59.86087099,59.86087099,60.2116749,61.06314733,61.89666964,63.96304048,66.10982019,68.38842198,69.3289618,70.26947253,71.20710918,71.20710918,71.55791309,72.40938552,73.24290784,75.30927868,77.45605839,79.73466017,80.67519999,81.61571072,82.55334738,82.55334738,82.90415129,83.75562372,84.58914603,86.65551687,88.80229658,91.08089837,92.02143819,92.96194892,93.89958557
0.35,9664,2.9,1,1,2,4,0,0.082742048,0.290467375,0.530467682,1.330677038,2.448196645,3.857225195,4.489446093,5.156939251,5.846845584,5.846845584,6.136914395,6.851006643,7.548903883,9.313662074,11.18310979,13.18312584,14.01938482,14.8715651,15.72762146,15.72762146,16.07781968,16.92230973,17.73849106,19.77249208,21.87644378,24.09720179,25.0147177,25.93457464,26.85422078,26.85422078,27.22627638,28.12088046,28.98946849,31.13984749,33.34839281,35.6385559,36.57454332,37.51322424,38.44752034,38.44752034,38.82667033,39.73321998,40.61198064,42.78019511,44.9872177,47.26382058,48.19172696,49.12814952,50.06508457,50.06508457,50.44423456,51.35078421,52.22954487,54.39775934,56.60478193,58.88138481,59.80929119,60.74571376,61.6826488,61.6826488,62.0617988,62.96834845,63.8471091,66.01532358,68.22234617,70.49894905,71.42685542,72.36327799,73.30021304,73.30021304,73.67936303,74.58591268,75.46467334,77.63288781,79.8399104,82.11651328,83.04441966,83.98084222,84.91777727,84.91777727,85.29692726,86.20347691,87.08223757,89.25045204,91.45747463,93.73407751,94.66198389,95.59840646,96.53534151
0.35,9664,2.9,1,1,2,3,0,0.086179668,0.299260663,0.544540589,1.366291843,2.496522676,3.910494908,4.544740587,5.210583518,5.901567188,5.901567188,6.202950455,6.927928388,7.637288335,9.446476851,11.36361712,13.40973626,14.25705031,15.11396494,15.97968057,15.97968057,16.34457399,17.20855744,18.05149548,20.15383584,22.31105804,24.55404904,25.47119445,26.39061423,27.30670071,27.30670071,27.68865491,28.59221258,29.46891347,31.6367481,33.85935327,36.17796049,37.12215118,38.06960334,39.01317082,39.01317082,39.4047959,40.32712564,41.22666966,43.47067107,45.73212172,48.05598266,49.00086435,49.94711855,50.89050867,50.89050867,51.28213375,52.20446349,53.10400751,55.34800891,57.60945957,59.93332051,60.8782022,61.8244564,62.76784652,62.76784652,63.1594716,64.08180134,64.98134536,67.22534676,69.48679742,71.81065836,72.75554005,73.70179425,74.64518437,74.64518437,75.03680945,75.95913918,76.85868321,79.10268461,81.36413527,83.68799621,84.6328779,85.5791321,86.52252222,86.52252222,86.9141473,87.83647703,88.73602106,90.98002246,93.24147312,95.56533406,96.51021575,97.45646995,98.39986007
0.35,9664,2.9,1,1,2,2,0,0.085866759,0.296082532,0.538096894,1.351091668,2.467304419,3.865549968,4.497633647,5.16174213,5.85016962,5.85016962,6.149752084,6.867916468,7.569467209,9.349820268,11.2310724,13.2403537,14.07889781,14.93081875,15.78631394,15.78631394,16.14540211,16.99719919,17.82650602,19.90206491,22.05449668,24.28861735,25.19825331,26.11788333,27.03774397,27.03774397,27.42060473,28.32326137,29.19495188,31.3357427,33.52090807,35.77993726,36.69561272,37.61315508,38.53303597,38.53303597,38.9160913,39.81660492,40.69085754,42.85118926,45.04201182,47.30411721,48.2262294,49.15613131,50.09019878,50.09019878,50.47325411,51.37376773,52.24802035,54.40835207,56.59917462,58.86128002,59.78339221,60.71329412,61.64736158,61.64736158,62.03041692,62.93093054,63.80518316,65.96551487,68.15633743,70.41844283,71.34055502,72.27045693,73.20452439,73.20452439,73.58757972,74.48809334,75.36234597,77.52267768,79.71350024,81.97560564,82.89771783,83.82761974,84.7616872,84.7616872,85.14474253,86.04525615,86.91950878,89.07984049,91.27066305,93.53276845,94.45488064,95.38478255,96.31885001
0.35,9664,2.9,1,1,2,1,0,0.082826805,0.286660729,0.522182886,1.304616,2.37768488,3.727764457,4.335863674,4.979412401,5.653612447,5.653612447,5.940935619,6.635107524,7.317458575,9.059153064,10.91521447,12.89678172,13.71558377,14.54904463,15.39364827,15.39364827,15.73727285,16.55292897,17.35000572,19.33135666,21.38085457,23.54156758,24.43383665,25.3330943,26.23433505,26.23433505,26.59966221,27.4629295,28.30156948,30.38087761,32.5214192,34.75958131,35.6788042,36.60714925,37.53386646,37.53386646,37.90925502,38.79133729,39.65025163,41.77834307,43.95391911,46.21181963,47.13332263,48.06258834,48.99653814,48.99653814,49.3719267,50.25400897,51.11292331,53.24101475,55.41659079,57.67449131,58.59599431,59.52526002,60.45920982,60.45920982,60.83459838,61.71668065,62.57559499,64.70368643,66.87926247,69.13716299,70.05866599,70.9879317,71.9218815,71.9218815,72.29727006,73.17935233,74.03826667,76.16635811,78.34193415,80.59983467,81.52133767,82.45060338,83.38455318,83.38455318,83.75994174,84.64202401,85.50093835,87.62902979,89.80460583,92.06250635,92.98400935,93.91327506,94.84722486
0.35,9664,2.9,1,1,1,6,0,0.060836035,0.20328532,0.362508073,0.873398699,1.579465606,2.529752462,2.982201408,3.470480456,3.991528155,3.991528155,4.182174799,4.628835524,5.072944258,6.226143606,7.500156936,8.966922414,9.615773881,10.29829325,11.00723074,11.00723074,11.25214219,11.81602544,12.37240041,13.78113952,15.2808402,16.96188179,17.69638052,18.45749409,19.23754183,19.23754183,19.50496077,20.11706248,20.71777632,22.23046966,23.83316741,25.61738827,26.38598352,27.17682275,27.9893952,27.9893952,28.26343844,28.8934185,29.5185646,31.08599239,32.73950106,34.57905558,35.36789314,36.17348643,36.99636457,36.99636457,37.27040781,37.90038787,38.52553398,40.09296176,41.74647043,43.58602496,44.37486252,45.18045581,46.00333395,46.00333395,46.27737719,46.90735724,47.53250335,49.09993114,50.75343981,52.59299433,53.38183189,54.18742518,55.01030332,55.01030332,55.28434656,55.91432662,56.53947272,58.10690051,59.76040918,61.5999637,62.38880126,63.19439455,64.01727269,64.01727269,64.29131593,64.92129599,65.5464421,67.11386988,68.76737855,70.60693308,71.39577064,72.20136393,73.02424207
0.35,9664,2.9,1,1,1,5,0,0.052206922,0.17520074,0.313494148,0.752061795,1.34674088,2.13426357,2.513089033,2.932571586,3.390473645,3.390473645,3.544994392,3.912283302,4.280930958,5.240362353,6.299288909,7.511942937,8.057419588,8.643912891,9.265054276,9.265054276,9.468259678,9.941484274,10.41017975,11.59401136,12.86663362,14.31238048,14.95698594,15.64018505,16.35249692,16.35249692,16.5824565,17.11397946,17.63662839,18.95537215,20.34556734,21.89289189,22.57421364,23.29296704,24.04242373,24.04242373,24.28164917,24.8356645,25.38578786,26.76406044,28.18735646,29.75478424,30.44071194,31.1610573,31.92217848,31.92217848,32.16140392,32.71541925,33.26554261,34.64381519,36.06711121,37.63453899,38.32046668,39.04081205,39.80193323,39.80193323,40.04115867,40.595174,41.14529736,42.52356994,43.94686596,45.51429374,46.20022143,46.9205668,47.68168798,47.68168798,47.92091342,48.47492875,49.02505211,50.40332469,51.82662071,53.39404849,54.07997618,54.80032154,55.56144272,55.56144272,55.80066817,56.3546835,56.90480685,58.28307944,59.70637546,61.27380324,61.95973093,62.68007629,63.44119747
0.35,9664,2.9,1,1,1,4,0,0.045145067,0.152019058,0.270097248,0.636823557,1.127283164,1.773559068,2.084416609,2.436019395,2.833646367,2.833646367,2.961844154,3.269527426,3.579858309,4.391805344,5.287051343,6.317713754,6.785086285,7.298474439,7.861995905,7.861995905,8.035017598,8.436395277,8.837795585,9.866368015,10.95158805,12.15342413,12.68680932,13.26803726,13.8988775,13.8988775,14.09091503,14.53754721,14.981868,16.10832506,17.29780195,18.60556588,19.17730745,19.79505838,20.46410928,20.46410928,20.66585333,21.13278726,21.59786312,22.77047285,23.99716242,25.34579128,25.94051663,26.5826982,27.2729775,27.2729775,27.47472155,27.94165548,28.40673134,29.57934107,30.80603064,32.1546595,32.74938486,33.39156642,34.08184572,34.08184572,34.28358977,34.7505237,35.21559956,36.38820929,37.61489886,38.96352772,39.55825308,40.20043464,40.89071394,40.89071394,41.09245799,41.55939192,42.02446778,43.19707751,44.42376708,45.77239594,46.3671213,47.00930286,47.69958216,47.69958216,47.90132621,48.36826014,48.833336,50.00594573,51.23263531,52.58126416,53.17598952,53.81817108,54.50845038
0.35,9664,2.9,1,1,1,3,0,0.038180758,0.127170775,0.223941761,0.517103477,0.903695537,1.406134474,1.648386486,1.923484648,2.2421203,2.2421203,2.340788611,2.575793725,2.814710959,3.439637385,4.136383656,4.945044618,5.309077401,5.709342306,6.160488824,6.160488824,6.294646283,6.608424787,6.92352165,7.72797642,8.595313667,9.567324278,9.994195251,10.46002754,10.98210203,10.98210203,11.13483348,11.49205639,11.85136817,12.76232508,13.72909453,14.80283332,15.27394318,15.78338691,16.35199466,16.35199466,16.51598334,16.89842041,17.28231379,18.24893057,19.27036679,20.39100517,20.88113929,21.41397241,22.00859258,22.00859258,22.17258126,22.55501833,22.93891171,23.90552849,24.9269647,26.04760308,26.53773721,27.07057033,27.6651905,27.6651905,27.82917917,28.21161624,28.59550963,29.56212641,30.58356262,31.704201,32.19433513,32.72716825,33.32178841,33.32178841,33.48577709,33.86821416,34.25210754,35.21872432,36.24016054,37.36079892,37.85093304,38.38376616,38.97838633,38.97838633,39.14237501,39.52481208,39.90870546,40.87532224,41.89675845,43.01739683,43.50753096,44.04036408,44.63498424
0.35,9664,2.9,1,1,1,2,0,0.03189864,0.105189001,0.184511011,0.420249313,0.726943501,1.124758715,1.314351629,1.529850314,1.78848864,1.78848864,1.865234264,2.044407468,2.227366208,2.711927643,3.256727468,3.895939919,4.184561877,4.498667984,4.863081092,4.863081092,4.967332115,5.206228861,5.449973453,6.077589619,6.758325926,7.532238427,7.875426402,8.248692922,8.678114647,8.678114647,8.79870985,9.074937824,9.3512285,10.05891738,10.81494687,11.65986435,12.03689496,12.44481833,12.90630667,12.90630667,13.03688232,13.33424433,13.63191824,14.38845368,15.20333203,16.11842317,16.51858386,16.95165992,17.44590561,17.44590561,17.57648126,17.87384328,18.17151718,18.92805262,19.74293097,20.65802212,21.0581828,21.49125887,21.98550456,21.98550456,22.11608021,22.41344222,22.71111613,23.46765156,24.28252991,25.19762106,25.59778175,26.03085781,26.5251035,26.5251035,26.65567915,26.95304116,27.25071507,28.00725051,28.82212885,29.73722,30.13738069,30.57045675,31.06470244,31.06470244,31.19527809,31.4926401,31.79031401,32.54684945,33.3617278,34.27681894,34.67697963,35.11005569,35.60430138
0.35,9664,2.9,1,1,1,1,0,0.027225481,0.087874908,0.152528366,0.33827365,0.572357128,0.881812826,1.032462841,1.201462094,1.404205767,1.404205767,1.463293373,1.596810228,1.732950662,2.090128827,2.491212002,2.970018035,3.190161311,3.432739346,3.714602093,3.714602093,3.793777721,3.970661351,4.149401094,4.6098181,5.108014864,5.681144307,5.940199271,6.22329111,6.550803063,6.550803063,6.641199123,6.841914108,7.046620205,7.573192629,8.137297846,8.783166165,9.073613475,9.388365605,9.749206418,9.749206418,9.848660517,10.07033765,10.29013361,10.84630704,11.45010886,12.14224784,12.45356555,12.78883975,13.17471426,13.17471426,13.27416836,13.49584549,13.71564145,14.27181488,14.8756167,15.56775568,15.87907339,16.21434759,16.6002221,16.6002221,16.6996762,16.92135333,17.14114929,17.69732272,18.30112454,18.99326352,19.30458123,19.63985543,20.02572994,20.02572994,20.12518404,20.34686118,20.56665714,21.12283056,21.72663238,22.41877137,22.73008908,23.06536327,23.45123779,23.45123779,23.55069189,23.77236902,23.99216498,24.5483384,25.15214022,25.84427921,26.15559692,26.49087112,26.87674563
0.35,9664,2.9,1,2,3,6,0,0.018557863,0.058741484,0.100918615,0.217243069,0.354177236,0.532594771,0.622227805,0.726531528,0.852174019,0.852174019,0.885199868,0.957517818,1.030953148,1.223289543,1.439136417,1.703643302,1.831812621,1.978594644,2.153364388,2.153364388,2.198015188,2.293942744,2.38988058,2.638127519,2.906140443,3.227861976,3.385172531,3.566004484,3.777368564,3.777368564,3.82892981,3.940669176,4.054205661,4.346474786,4.658040941,5.028203381,5.207845099,5.411394402,5.649040385,5.649040385,5.708142075,5.835132988,5.962911847,6.290048054,6.641547326,7.053215895,7.250940426,7.47579193,7.736019938,7.736019938,7.795121629,7.922112541,8.0498914,8.377027608,8.72852688,9.140195448,9.33791998,9.562771484,9.822999492,9.822999492,9.882101183,10.00909209,10.13687095,10.46400716,10.81550643,11.227175,11.42489953,11.64975104,11.90997905,11.90997905,11.96908074,12.09607165,12.22385051,12.55098672,12.90248599,13.31415456,13.51187909,13.73673059,13.9969586,13.9969586,14.05606029,14.1830512,14.31083006,14.63796627,14.98946554,15.40113411,15.59885864,15.82371014,16.08393815
0.35,9664,2.9,1,2,3,5,0,0.020935272,0.067318624,0.115846206,0.253979585,0.428070128,0.663938279,0.781052131,0.914209771,1.081814583,1.081814583,1.123784482,1.218245308,1.314782766,1.569941465,1.866644173,2.235977235,2.411490308,2.608425454,2.845517834,2.845517834,2.903574985,3.032947793,3.163240838,3.496843584,3.866982266,4.323511223,4.53951399,4.779057334,5.067715962,5.067715962,5.136551918,5.2867895,5.440418473,5.839460081,6.27905052,6.80856036,7.056133947,7.329041934,7.654675008,7.654675008,7.731062804,7.898915892,8.068632978,8.506188574,8.983935626,9.558989986,9.829167485,10.12570764,10.47774955,10.47774955,10.55413735,10.72199043,10.89170752,11.32926312,11.80701017,12.38206453,12.65224203,12.94878218,13.30082409,13.30082409,13.37721189,13.54506498,13.71478206,14.15233766,14.63008471,15.20513907,15.47531657,15.77185672,16.12389863,16.12389863,16.20028643,16.36813952,16.5378566,16.9754122,17.45315925,18.02821361,18.29839111,18.59493126,18.94697317,18.94697317,19.02336097,19.19121406,19.36093114,19.79848674,20.27623379,20.85128815,21.12146565,21.4180058,21.77004772
0.35,9664,2.9,1,2,3,4,0,0.024455768,0.080612361,0.142334056,0.325261695,0.562646083,0.877112539,1.030089632,1.2078074,1.431198145,1.431198145,1.487959896,1.61968012,1.754805021,2.115476792,2.534158963,3.041003375,3.27251305,3.528983302,3.84423376,3.84423376,3.920736014,4.096699106,4.27797126,4.754497423,5.290146859,5.923470469,6.211662104,6.530314342,6.914818369,6.914818369,7.007514546,7.219775248,7.435434462,7.993189366,8.618833985,9.349408527,9.675712576,10.03334926,10.46499823,10.46499823,10.56692647,10.79848522,11.0339999,11.64534536,12.32515662,13.11541402,13.46847099,13.85234712,14.31270366,14.31270366,14.4146319,14.64619065,14.88170532,15.49305078,16.17286204,16.96311945,17.31617642,17.70005254,18.16040908,18.16040908,18.26233732,18.49389607,18.72941075,19.3407562,20.02056746,20.81082487,21.16388184,21.54775797,22.00811451,22.00811451,22.11004274,22.34160149,22.57711617,23.18846163,23.86827289,24.65853029,25.01158727,25.39546339,25.85581993,25.85581993,25.95774817,26.18930692,26.42482159,27.03616705,27.71597831,28.50623572,28.85929269,29.24316882,29.70352535
0.35,9664,2.9,1,2,3,3,0,0.030464715,0.103436385,0.183168266,0.42511083,0.745122826,1.167301945,1.372717933,1.61328931,1.908227114,1.908227114,1.986000356,2.176693795,2.371876826,2.891177023,3.477491608,4.161520075,4.475259663,4.832031102,5.255523404,5.255523404,5.36249369,5.620123108,5.88215414,6.557837786,7.297099872,8.14711338,8.52878415,8.955085664,9.456532096,9.456532096,9.580851922,9.879769739,10.18477899,10.96353452,11.80147323,12.74916793,13.17368099,13.64271862,14.1886134,14.1886134,14.32319533,14.64563314,14.97383111,15.80995144,16.70535313,17.70191019,18.14319192,18.63562813,19.21058188,19.21058188,19.3451638,19.66760161,19.99579958,20.83191991,21.7273216,22.72387866,23.1651604,23.6575966,24.23255035,24.23255035,24.36713227,24.68957008,25.01776805,25.85388838,26.74929008,27.74584713,28.18712887,28.67956508,29.25451882,29.25451882,29.38910075,29.71153855,30.03973652,30.87585685,31.77125855,32.7678156,33.20909734,33.70153355,34.27648729,34.27648729,34.41106922,34.73350702,35.06170499,35.89782532,36.79322702,37.78978408,38.23106581,38.72350202,39.29845576
0.35,9664,2.9,1,2,3,2,0,0.036693653,0.125936888,0.22470537,0.531574232,0.943430898,1.501011307,1.779834809,2.107394894,2.492155241,2.492155241,2.597966313,2.861041908,3.128046305,3.825896711,4.59757922,5.496854734,5.910935882,6.376245131,6.901455389,6.901455389,7.040076048,7.378076169,7.717905412,8.592774593,9.533211242,10.59173702,11.07593065,11.6227338,12.23044306,12.23044306,12.38884055,12.77244825,13.15613816,14.13500614,15.1774235,16.35198004,16.88272364,17.47371067,18.13261907,18.13261907,18.30222482,18.71170627,19.12265376,20.16672528,21.27000846,22.49353526,23.04290236,23.65751758,24.34521429,24.34521429,24.51482005,24.92430149,25.33524898,26.3793205,27.48260369,28.70613048,29.25549758,29.8701128,30.55780951,30.55780951,30.72741527,31.13689672,31.5478442,32.59191572,33.69519891,34.9187257,35.4680928,36.08270802,36.77040473,36.77040473,36.94001049,37.34949194,37.76043942,38.80451094,39.90779413,41.13132093,41.68068802,42.29530324,42.98299996,42.98299996,43.15260571,43.56208716,43.97303464,45.01710617,46.12038935,47.34391615,47.89328325,48.50789846,49.19559518
0.35,9664,2.9,1,2,3,1,0,0.044340912,0.151472445,0.271166143,0.649080529,1.165301459,1.868868707,2.219526112,2.620271203,3.067204502,3.067204502,3.199421283,3.522031597,3.845289091,4.690475386,5.624342767,6.737346133,7.258314738,7.830870371,8.447328832,8.447328832,8.620906466,9.036677039,9.453032543,10.52208714,11.66626767,12.98956996,13.59721786,14.26153884,14.9713804,14.9713804,15.16800934,15.63415342,16.09783101,17.28128533,18.52988629,19.96055464,20.61223819,21.31609471,22.06900369,22.06900369,22.27721614,22.77253186,23.26765254,24.51728607,25.83228051,27.32314997,28.00703426,28.74920327,29.53457546,29.53457546,29.74278792,30.23810364,30.73322432,31.98285785,33.29785229,34.78872175,35.47260603,36.21477504,37.00014724,37.00014724,37.20835969,37.70367542,38.1987961,39.44842963,40.76342407,42.25429353,42.93817781,43.68034682,44.46571902,44.46571902,44.67393147,45.1692472,45.66436787,46.9140014,48.22899585,49.71986531,50.40374959,51.1459186,51.9312908,51.9312908,52.13950325,52.63481897,53.12993965,54.37957318,55.69456762,57.18543708,57.86932136,58.61149038,59.39686257
0.35,9664,2.9,1,2,2,6,0,0.068958571,0.240976293,0.43948676,1.103980837,2.039773566,3.245267391,3.798725053,4.387791984,5.005475794,5.005475794,5.238985719,5.813377898,6.388250481,7.876823423,9.509140322,11.32680971,12.0994568,12.89184715,13.69524881,13.69524881,13.98380543,14.67677063,15.36933395,17.13398214,18.99892363,21.01222082,21.85612344,22.71631465,23.58107761,23.58107761,23.88553013,24.62180308,25.35818674,27.22649258,29.2001901,31.3131272,32.19430646,33.09068892,33.98789758,33.98789758,34.30682166,35.07550125,35.8397191,37.75782612,39.78369153,41.95725072,42.85622842,43.76251319,44.66895322,44.66895322,44.98787729,45.75655688,46.52077473,48.43888175,50.46474716,52.63830635,53.53728405,54.44356882,55.35000885,55.35000885,55.66893293,56.43761252,57.20183037,59.11993739,61.1458028,63.31936199,64.21833969,65.12462446,66.03106449,66.03106449,66.34998856,67.11866816,67.882886,69.80099303,71.82685843,74.00041762,74.89939532,75.80568009,76.71212012,76.71212012,77.0310442,77.79972379,78.56394164,80.48204866,82.50791407,84.68147326,85.58045096,86.48673573,87.39317576
0.35,9664,2.9,1,2,2,5,0,0.076342328,0.268591027,0.489807731,1.231172506,2.262167133,3.569089282,4.162069156,4.792392503,5.451744599,5.451744599,5.718953014,6.381680583,7.036373568,8.711970951,10.51953838,12.48459128,13.30653005,14.14440892,14.99197641,14.99197641,15.32082116,16.11792154,16.89877798,18.86050821,20.89836944,23.05726808,23.94877466,24.85087367,25.75813663,25.75813663,26.10517253,26.94780771,27.77099222,29.82399957,31.95269123,34.20304018,35.13393426,36.06451221,36.98991049,36.98991049,37.34528715,38.20469516,39.04228944,41.12795766,43.27757957,45.5370131,46.46531617,47.40090416,48.34050113,48.34050113,48.69587779,49.5552858,50.39288008,52.4785483,54.62817022,56.88760374,57.81590682,58.7514948,59.69109177,59.69109177,60.04646843,60.90587644,61.74347072,63.82913894,65.97876086,68.23819438,69.16649746,70.10208544,71.04168241,71.04168241,71.39705907,72.25646709,73.09406136,75.17972958,77.3293515,79.58878502,80.5170881,81.45267608,82.39227305,82.39227305,82.74764971,83.60705773,84.44465201,86.53032022,88.67994214,90.93937566,91.86767874,92.80326672,93.74286369
0.35,9664,2.9,1,2,2,4,0,0.082031299,0.287761583,0.52416599,1.319477633,2.419403059,3.797821591,4.416622388,5.06599733,5.742208796,5.742208796,6.029474018,6.735059795,7.42663844,9.178036884,11.03097581,13.02276299,13.85709424,14.70453246,15.55783603,15.55783603,15.90652838,16.75110713,17.5731013,19.62012757,21.73771015,23.95454656,24.86378796,25.7763084,26.68976785,26.68976785,27.05831406,27.94955094,28.81353134,30.94833063,33.14158695,35.41024388,36.33520846,37.2637284,38.18860612,38.18860612,38.56283063,39.46205187,40.33643582,42.5035851,44.72105328,47.03812617,47.98791874,48.93805724,49.87824077,49.87824077,50.25246527,51.15168651,52.02607046,54.19321975,56.41068792,58.72776081,59.67755339,60.62769188,61.56787541,61.56787541,61.94209991,62.84132115,63.7157051,65.88285439,68.10032256,70.41739545,71.36718803,72.31732652,73.25751005,73.25751005,73.63173455,74.53095579,75.40533974,77.57248903,79.7899572,82.10703009,83.05682267,84.00696116,84.94714469,84.94714469,85.32136919,86.22059043,87.09497438,89.26212367,91.47959184,93.79666474,94.74645731,95.6965958,96.63677933
0.35,9664,2.9,1,2,2,3,0,0.085093957,0.295470113,0.538870362,1.358987436,2.493246552,3.91167293,4.549176583,5.219060362,5.911902639,5.911902639,6.214090417,6.939656815,7.646064024,9.438367636,11.34694207,13.38065189,14.22188193,15.07692557,15.93595063,15.93595063,16.29799023,17.15466066,17.9871591,20.05357378,22.17687576,24.40610398,25.32435606,26.24939197,27.17471042,27.17471042,27.55803777,28.4699753,29.35782071,31.56550506,33.82891426,36.1481811,37.08790961,38.03154669,38.96802383,38.96802383,39.356111,40.27347435,41.16759978,43.36578336,45.6012452,47.90382872,48.83571645,49.77187473,50.70968006,50.70968006,51.09776723,52.01513058,52.90925602,55.10743959,57.34290143,59.64548495,60.57737269,61.51353097,62.45133629,62.45133629,62.83942346,63.75678681,64.65091225,66.84909583,69.08455767,71.38714118,72.31902892,73.2551872,74.19299253,74.19299253,74.5810797,75.49844305,76.39256848,78.59075206,80.8262139,83.12879742,84.06068515,84.99684343,85.93464876,85.93464876,86.32273593,87.24009928,88.13422472,90.33240829,92.56787013,94.87045365,95.80234139,96.73849967,97.67630499
0.35,9664,2.9,1,2,2,2,0,0.08453986,0.293093473,0.534791609,1.347723186,2.474761543,3.891928955,4.525565005,5.189675716,5.877943324,5.877943324,6.176234752,6.894673178,7.599793615,9.389281306,11.29678705,13.34660374,14.19543157,15.05731169,15.92552809,15.92552809,16.2893237,17.14793115,17.98372105,20.06797511,22.20289354,24.41851394,25.32892648,26.25352202,27.18001793,27.18001793,27.5637974,28.46987032,29.35343275,31.54121521,33.77037441,36.07250634,37.00951641,37.94915815,38.88374262,38.88374262,39.26998365,40.17965165,41.05816097,43.23283137,45.46409698,47.76611609,48.69656553,49.62530214,50.55120105,50.55120105,50.93744208,51.84711007,52.7256194,54.90028979,57.1315554,59.43357451,60.36402395,61.29276057,62.21865948,62.21865948,62.6049005,63.5145685,64.39307782,66.56774822,68.79901383,71.10103294,72.03148238,72.96021899,73.8861179,73.8861179,74.27235893,75.18202692,76.06053625,78.23520664,80.46647225,82.76849136,83.6989408,84.62767742,85.55357633,85.55357633,85.93981736,86.84948535,87.72799468,89.90266507,92.13393068,94.43594979,95.36639923,96.29513584,97.22103475
0.35,9664,2.9,1,2,2,1,0,0.082197956,0.284023441,0.517175923,1.301780359,2.389641236,3.76363811,4.387365852,5.045655398,5.731684646,5.731684646,6.022495512,6.723543376,7.409868199,9.152905001,11.01325786,13.0167123,13.85356412,14.70927824,15.57341195,15.57341195,15.92458995,16.75522583,17.56367506,19.59000381,21.68574234,23.88988507,24.79962547,25.71685245,26.63667078,26.63667078,27.00809935,27.88878174,28.74292348,30.85545748,33.02705825,35.28310366,36.20699096,37.13684688,38.06450714,38.06450714,38.43887857,39.31839017,40.17406927,42.30531109,44.486156,46.74946246,47.66925118,48.59418593,49.52579524,49.52579524,49.90016667,50.77967828,51.63535737,53.7665992,55.94744411,58.21075056,59.13053929,60.05547404,60.98708335,60.98708335,61.36145478,62.24096638,63.09664548,65.2278873,67.40873222,69.67203867,70.5918274,71.51676215,72.44837145,72.44837145,72.82274288,73.70225449,74.55793358,76.68917541,78.87002032,81.13332677,82.0531155,82.97805025,83.90965956,83.90965956,84.28403099,85.16354259,86.01922169,88.15046351,90.33130843,92.59461488,93.51440361,94.43933836,95.37094767
0.35,9664,2.9,1,2,1,6,0,0.059563197,0.199863844,0.358422647,0.869493013,1.581620579,2.534833806,2.988250502,3.480648684,4.008084459,4.008084459,4.197633418,4.644129371,5.091683023,6.247896913,7.514670126,8.964609159,9.601390923,10.26469029,10.9514401,10.9514401,11.1902457,11.7375446,12.28007428,13.67359909,15.17234479,16.84603358,17.57288682,18.32666117,19.10152749,19.10152749,19.36569216,19.97332569,20.57606067,22.09865372,23.70643245,25.48656599,26.25382908,27.04071732,27.84440513,27.84440513,28.12001464,28.74957943,29.36860713,30.91977445,32.55191596,34.33326712,35.09534879,35.88805028,36.70390578,36.70390578,36.97951529,37.60908008,38.22810778,39.7792751,41.41141661,43.19276777,43.95484945,44.74755093,45.56340643,45.56340643,45.83901594,46.46858073,47.08760843,48.63877575,50.27091726,52.05226842,52.8143501,53.60705159,54.42290708,54.42290708,54.69851659,55.32808138,55.94710908,57.4982764,59.13041791,60.91176908,61.67385075,62.46655224,63.28240773,63.28240773,63.55801724,64.18758203,64.80660973,66.35777706,67.98991857,69.77126973,70.5333514,71.32605289,72.14190838
0.35,9664,2.9,1,2,1,5,0,0.051916026,0.173847425,0.309888097,0.741093445,1.325963977,2.110452675,2.493172869,2.918012715,3.381874496,3.381874496,3.539630065,3.912062197,4.2833311,5.245205269,6.307188065,7.5438545,8.102147681,8.701789633,9.335573251,9.335573251,9.540218792,10.01406613,10.48592658,11.6813436,12.95223587,14.38485169,15.02127206,15.69612512,16.40390572,16.40390572,16.62905242,17.15407411,17.67662492,18.9903988,20.3750273,21.90697276,22.57995098,23.28929636,24.0309053,24.0309053,24.26733142,24.81261554,25.35561834,26.71582951,28.14065929,29.71035388,30.39418267,31.11607628,31.87344597,31.87344597,32.10987209,32.65515622,33.19815902,34.55837019,35.98319997,37.55289455,38.23672335,38.95861695,39.71598665,39.71598665,39.95241277,40.49769689,41.0406997,42.40091086,43.82574064,45.39543523,46.07926402,46.80115763,47.55852732,47.55852732,47.79495344,48.34023757,48.88324037,50.24345154,51.66828132,53.2379759,53.9218047,54.6436983,55.401068,55.401068,55.63749412,56.18277825,56.72578105,58.08599221,59.51082199,61.08051658,61.76434537,62.48623898,63.24360868
0.35,9664,2.9,1,2,1,4,0,0.044437634,0.149880477,0.266089036,0.628242278,1.111543334,1.749548522,2.058831553,2.408341795,2.803125175,2.803125175,2.930137786,3.235318114,3.542155586,4.340165672,5.21663046,6.222648038,6.675800798,7.17206171,7.7157155,7.7157155,7.884021935,8.279037333,8.673612456,9.683876494,10.75263359,11.93850674,12.46602604,13.04045001,13.66305275,13.66305275,13.85044953,14.28830994,14.72533418,15.8275422,16.98988146,18.27546416,18.8454006,19.46195314,20.12471436,20.12471436,20.32747091,20.80498013,21.27690497,22.45414022,23.6798373,25.03148707,25.62756682,26.26314036,26.94203434,26.94203434,27.14479089,27.62230012,28.09422495,29.2714602,30.49715728,31.84880705,32.4448868,33.08046034,33.75935432,33.75935432,33.96211087,34.4396201,34.91154493,36.08878018,37.31447726,38.66612703,39.26220678,39.89778032,40.5766743,40.5766743,40.77943085,41.25694008,41.72886491,42.90610016,44.13179724,45.48344701,46.07952676,46.7151003,47.39399428,47.39399428,47.59675084,48.07426006,48.54618489,49.72342014,50.94911723,52.30076699,52.89684674,53.53242029,54.21131426
0.35,9664,2.9,1,2,1,3,0,0.038054009,0.126999852,0.223695904,0.522369395,0.915729627,1.426725383,1.672193615,1.953020555,2.278079374,2.278079374,2.377269777,2.613798503,2.854164891,3.48065184,4.176604389,4.985208945,5.349742225,5.750612524,6.20452624,6.20452624,6.339768672,6.652657793,6.966377468,7.776935518,8.64404212,9.609526547,10.03850826,10.507943,11.03065883,11.03065883,11.18305196,11.53624115,11.89155197,12.79831101,13.75712628,14.82156641,15.2910322,15.79850131,16.36592631,16.36592631,16.52998402,16.90686786,17.28313274,18.23915123,19.2476236,20.35321123,20.83752682,21.36477598,21.95317242,21.95317242,22.11723012,22.49411396,22.87037884,23.82639733,24.8348697,25.94045734,26.42477292,26.95202208,27.54041852,27.54041852,27.70447622,28.08136007,28.45762495,29.41364343,30.4221158,31.52770344,32.01201902,32.53926818,33.12766462,33.12766462,33.29172233,33.66860617,34.04487105,35.00088954,36.0093619,37.11494954,37.59926512,38.12651429,38.71491072,38.71491072,38.87896843,39.25585227,39.63211715,40.58813564,41.59660801,42.70219564,43.18651122,43.71376039,44.30215682
0.35,9664,2.9,1,2,1,2,0,0.03187678,0.104912973,0.183796127,0.416718792,0.718574305,1.113039646,1.301665446,1.515816381,1.770756278,1.770756278,1.846259211,2.022788082,2.202317346,2.674725322,3.20775609,3.835378638,4.119245403,4.429458399,4.788332665,4.788332665,4.890530745,5.123738013,5.360310649,5.968993016,6.633657181,7.394060382,7.732186606,8.097656891,8.515105901,8.515105901,8.633718199,8.904600887,9.176630022,9.872949524,10.62670185,11.46521656,11.83329137,12.22921967,12.68224787,12.68224787,12.81040716,13.10142086,13.39491163,14.14484784,14.94713133,15.84037471,16.23238403,16.65697383,17.14115645,17.14115645,17.26931575,17.56032945,17.85382022,18.60375643,19.40603992,20.2992833,20.69129262,21.11588242,21.60006504,21.60006504,21.72822434,22.01923804,22.31272881,23.06266502,23.86494851,24.75819189,25.15020121,25.57479101,26.05897363,26.05897363,26.18713293,26.47814662,26.7716374,27.52157361,28.3238571,29.21710048,29.6091098,30.0336996,30.51788222,30.51788222,30.64604152,30.93705521,31.23054599,31.9804822,32.78276569,33.67600907,34.06801839,34.49260818,34.97679081
0.35,9664,2.9,1,2,1,1,0,0.026781726,0.087205868,0.151842388,0.338290882,0.573640129,0.879851382,1.027412086,1.194182273,1.394195426,1.394195426,1.45204353,1.584025932,1.717706236,2.069305404,2.459659654,2.923121238,3.138724575,3.375793491,3.65221973,3.65221973,3.729982599,3.905026655,4.081778095,4.538306227,5.040402988,5.626845046,5.891631191,6.179738156,6.513497277,6.513497277,6.605234615,6.809063251,7.014398442,7.536912426,8.103410362,8.756208187,9.048466261,9.364194979,9.727115903,9.727115903,9.82833988,10.05060732,10.27432027,10.84200087,11.44580859,12.13201668,12.4398689,12.77395766,13.15627797,13.15627797,13.25750195,13.4797694,13.70348235,14.27116294,14.87497067,15.56117875,15.86903097,16.20311973,16.58544005,16.58544005,16.68666402,16.90893147,17.13264442,17.70032502,18.30413274,18.99034082,19.29819304,19.6322818,20.01460212,20.01460212,20.11582609,20.33809354,20.56180649,21.12948709,21.73329481,22.41950289,22.72735511,23.06144387,23.44376419,23.44376419,23.54498817,23.76725561,23.99096856,24.55864916,25.16245688,25.84866496,26.15651718,26.49060594,26.87292626
0.35,9664,2.9,1,3,3,6,0,0.02311004,0.072302853,0.123785798,0.265781376,0.434179022,0.645183149,0.747104957,0.862247912,0.998996893,0.998996893,1.039787163,1.129165561,1.220230254,1.456754027,1.716558884,2.020951839,2.16184159,2.318801195,2.501397677,2.501397677,2.555218475,2.671193916,2.786866115,3.084944008,3.410864557,3.78453205,3.95447713,4.142058404,4.355558449,4.355558449,4.418383012,4.553149401,4.687740098,5.03253153,5.398007093,5.818378271,6.011793804,6.223100039,6.464438277,6.464438277,6.53322005,6.679832156,6.828836785,7.204770694,7.602935799,8.054718761,8.257438258,8.480205552,8.734701989,8.734701989,8.803483762,8.950095868,9.099100497,9.475034406,9.873199511,10.32498247,10.52770197,10.75046926,11.0049657,11.0049657,11.07374747,11.22035958,11.36936421,11.74529812,12.14346322,12.59524618,12.79796568,13.02073298,13.27522941,13.27522941,13.34401119,13.49062329,13.63962792,14.01556183,14.41372693,14.8655099,15.06822939,15.29099669,15.54549312,15.54549312,15.6142749,15.760887,15.90989163,16.28582554,16.68399065,17.13577361,17.33849311,17.5612604,17.81575684
0.35,9664,2.9,1,3,3,5,0,0.025686914,0.081830176,0.141123415,0.309275876,0.516931986,0.783919788,0.912546545,1.057073348,1.230176461,1.230176461,1.281093644,1.395403157,1.511953072,1.819497395,2.160697595,2.565801694,2.753141361,2.95853021,3.201256159,3.201256159,3.270831978,3.424636865,3.580209404,3.979992969,4.412484441,4.910748471,5.13694722,5.384653807,5.669844683,5.669844683,5.750495092,5.926785072,6.103789786,6.556196855,7.04323472,7.597807577,7.847856298,8.120394737,8.433915836,8.433915836,8.522376587,8.714370555,8.905712317,9.393335333,9.911869254,10.50644342,10.77650065,11.07017982,11.40869425,11.40869425,11.497155,11.68914897,11.88049073,12.36811375,12.88664767,13.48122184,13.75127907,14.04495823,14.38347266,14.38347266,14.47193342,14.66392738,14.85526915,15.34289216,15.86142608,16.45600025,16.72605748,17.01973664,17.35825108,17.35825108,17.44671183,17.6387058,17.83004756,18.31767058,18.8362045,19.43077866,19.70083589,19.99451506,20.33302949,20.33302949,20.42149024,20.61348421,20.80482597,21.29244899,21.81098291,22.40555708,22.67561431,22.96929347,23.30780791
0.35,9664,2.9,1,3,3,4,0,0.030219257,0.097685883,0.170162701,0.382262024,0.651452017,0.998340881,1.165616569,1.354367495,1.578613057,1.578613057,1.645153334,1.797942147,1.954102757,2.366496093,2.825915641,3.361965742,3.606289879,3.876990953,4.19059245,4.19059245,4.280105723,4.481814033,4.687423553,5.21924211,5.794657082,6.455871619,6.753255022,7.077014745,7.446125889,7.446125889,7.551523464,7.787606042,8.025569942,8.635909677,9.291651993,10.03190905,10.35970141,10.7141065,11.12112137,11.12112137,11.23568035,11.49300712,11.75402857,12.41394863,13.11126246,13.89379252,14.24157896,14.61893219,15.0462193,15.0462193,15.16077829,15.41810505,15.67912651,16.33904657,17.0363604,17.81889046,18.1666769,18.54403013,18.97131724,18.97131724,19.08587623,19.34320299,19.60422445,20.2641445,20.96145834,21.7439884,22.09177483,22.46912806,22.89641518,22.89641518,23.01097416,23.26830093,23.52932238,24.18924244,24.88655627,25.66908633,26.01687277,26.394226,26.82151311,26.82151311,26.9360721,27.19339886,27.45442032,28.11434038,28.81165421,29.59418427,29.94197071,30.31932394,30.74661105
0.35,9664,2.9,1,3,3,3,0,0.036015872,0.11858083,0.207703181,0.476692567,0.827764979,1.284392319,1.502596668,1.748223105,2.036032577,2.036032577,2.124386258,2.332125768,2.543949208,3.103109276,3.720030815,4.425677768,4.745256313,5.097252924,5.498016099,5.498016099,5.616272202,5.888948448,6.163265359,6.869120825,7.628510906,8.481605227,8.861129884,9.275740149,9.74263088,9.74263088,9.880222587,10.19529389,10.51044339,11.30635732,12.15378888,13.1043668,13.52274165,13.97327691,14.47428006,14.47428006,14.62025067,14.95179099,15.28430329,16.13383867,17.03035366,18.01427793,18.44595698,18.91475695,19.43922016,19.43922016,19.58519077,19.91673108,20.24924339,21.09877877,21.99529376,22.97921802,23.41089708,23.87969705,24.40416025,24.40416025,24.55013087,24.88167118,25.21418348,26.06371887,26.96023385,27.94415812,28.37583718,28.84463714,29.36910035,29.36910035,29.51507096,29.84661128,30.17912358,31.02865896,31.92517395,32.90909822,33.34077727,33.80957724,34.33404045,34.33404045,34.48001106,34.81155138,35.14406368,35.99359906,36.89011405,37.87403832,38.30571737,38.77451734,39.29898055
0.35,9664,2.9,1,3,3,2,0,0.042560165,0.14185627,0.251129403,0.585838596,1.025309355,1.598090056,1.874743072,2.187785887,2.54163567,2.54163567,2.654342225,2.921497205,3.190900802,3.896748954,4.675916527,5.574496817,5.979378765,6.421652774,6.908785842,6.908785842,7.05770257,7.405762133,7.752947988,8.633990296,9.569375472,10.6148101,11.07905785,11.5828845,12.1313935,12.1313935,12.29887343,12.68531642,13.06939011,14.04685775,15.07780879,16.21236681,16.71227294,17.25417006,17.84362276,17.84362276,18.01927699,18.42731741,18.83543295,19.86565343,20.95322773,22.14873626,22.67022917,23.23514212,23.84731879,23.84731879,24.02297302,24.43101344,24.83912898,25.86934946,26.95692376,28.15243229,28.6739252,29.23883815,29.85101482,29.85101482,30.02666905,30.43470947,30.84282502,31.87304549,32.96061979,34.15612832,34.67762123,35.24253419,35.85471086,35.85471086,36.03036508,36.4384055,36.84652105,37.87674152,38.96431583,40.15982435,40.68131726,41.24623022,41.85840689,41.85840689,42.03406111,42.44210153,42.85021708,43.88043755,44.96801186,46.16352039,46.68501329,47.24992625,47.86210292
0.35,9664,2.9,1,3,3,1,0,0.050577783,0.167384367,0.296710428,0.701760292,1.243247107,1.956277965,2.299270178,2.680224876,3.100289868,3.100289868,3.240514014,3.574784343,3.910125282,4.777520853,5.730318692,6.836892592,7.335574987,7.869646229,8.44129587,8.44129587,8.623968913,9.049844285,9.472953725,10.54161277,11.68924823,12.98409329,13.55438213,14.16184597,14.80530184,14.80530184,15.00906223,15.48119307,15.94757479,17.12293853,18.37155744,19.77032482,20.38920604,21.04451546,21.73481108,21.73481108,21.95363563,22.45416895,22.94840743,24.18328293,25.47294701,26.89902256,27.52603197,28.19239045,28.89361483,28.89361483,29.11243938,29.6129727,30.10721118,31.34208667,32.63175076,34.0578263,34.68483572,35.3511942,36.05241857,36.05241857,36.27124312,36.77177644,37.26601493,38.50089042,39.7905545,41.21663005,41.84363947,42.50999795,43.21122232,43.21122232,43.43004687,43.93058019,44.42481868,45.65969417,46.94935825,48.3754338,49.00244321,49.66880169,50.37002607,50.37002607,50.58885062,51.08938394,51.58362243,52.81849792,54.108162,55.53423755,56.16124696,56.82760544,57.52882982
0.35,9664,2.9,1,3,2,6,0,0.073033169,0.248734224,0.448733225,1.092452848,1.979813235,3.122333259,3.645161127,4.200218332,4.780476647,4.780476647,5.012650578,5.566800796,6.115939267,7.5268417,9.055582714,10.74246699,11.45908509,12.19431452,12.9435767,12.9435767,13.23257996,13.91028545,14.57718025,16.2527161,18.00946878,19.89923886,20.68538416,21.48072901,22.28438347,22.28438347,22.58911603,23.30224453,24.00456978,25.76088138,27.58487873,29.51695103,30.3166184,31.12899673,31.95307044,31.95307044,32.26654335,32.996572,33.71476128,35.5172763,37.3879074,39.37964575,40.2079805,41.04342179,41.88223422,41.88223422,42.19570714,42.92573578,43.64392506,45.44644009,47.31707118,49.30880954,50.13714428,50.97258557,51.811398,51.811398,52.12487092,52.85489956,53.57308884,55.37560387,57.24623496,59.23797332,60.06630806,60.90174935,61.74056179,61.74056179,62.0540347,62.78406334,63.50225262,65.30476765,67.17539874,69.1671371,69.99547185,70.83091313,71.66972557,71.66972557,71.98319848,72.71322712,73.43141641,75.23393143,77.10456252,79.09630088,79.92463563,80.76007692,81.59888935
0.35,9664,2.9,1,3,2,5,0,0.078632513,0.270174998,0.489602807,1.211562577,2.192387692,3.424870313,3.981688772,4.56771575,5.178300048,5.178300048,5.433743504,6.049356483,6.656171436,8.197778108,9.847610373,11.64086727,12.39260158,13.15599141,13.92852647,13.92852647,14.24102031,14.97712668,15.69472452,17.48176877,19.32573929,21.27360365,22.08216358,22.9004567,23.72014699,23.72014699,24.05027464,24.82504162,25.57995682,27.4448529,29.3620015,31.38189939,32.21737073,33.05932582,33.90064103,33.90064103,34.23843966,35.03140013,35.80335863,37.71734666,39.6707048,41.69966861,42.53018228,43.36341696,44.1987381,44.1987381,44.53653673,45.3294972,46.1014557,48.01544372,49.96880186,51.99776568,52.82827935,53.66151402,54.49683516,54.49683516,54.83463379,55.62759426,56.39955276,58.31354079,60.26689893,62.29586274,63.12637641,63.95961109,64.79493223,64.79493223,65.13273086,65.92569133,66.69764983,68.61163785,70.56499599,72.59395981,73.42447348,74.25770815,75.0930293,75.0930293,75.43082793,76.2237884,76.9957469,78.90973492,80.86309306,82.89205687,83.72257054,84.55580522,85.39112636
0.35,9664,2.9,1,3,2,4,0,0.083485094,0.285325625,0.515350333,1.272118119,2.295588636,3.562685188,4.130871004,4.72925561,5.350840121,5.350840121,5.622523668,6.273805788,6.909651118,8.515453245,10.21921387,12.04729366,12.80591132,13.57483252,14.34861166,14.34861166,14.67431084,15.43924715,16.18357895,18.03979277,19.94471154,21.93447473,22.75703611,23.5930074,24.43079728,24.43079728,24.77826714,25.59144402,26.38154407,28.33851645,30.34053625,32.40721042,33.25230685,34.10528682,34.9557434,34.9557434,35.31083058,36.14100529,36.94176605,38.91875855,40.94386725,43.02781321,43.87018981,44.71866096,45.56819645,45.56819645,45.92328364,46.75345834,47.55421911,49.5312116,51.55632031,53.64026627,54.48264286,55.33111402,56.18064951,56.18064951,56.53573669,57.3659114,58.16667216,60.14366466,62.16877337,64.25271932,65.09509592,65.94356707,66.79310256,66.79310256,67.14818975,67.97836445,68.77912522,70.75611771,72.78122642,74.86517238,75.70754897,76.55602013,77.40555562,77.40555562,77.7606428,78.59081751,79.39157828,81.36857077,83.39367948,85.47762544,86.32000203,87.16847318,88.01800867
0.35,9664,2.9,1,3,2,3,0,0.086488155,0.294012527,0.52998858,1.299497395,2.33326937,3.617268268,4.191803987,4.798250281,5.430818989,5.430818989,5.711482056,6.376274621,7.025293653,8.673178644,10.42386946,12.3002695,13.08353328,13.87888279,14.67941988,14.67941988,15.02273445,15.82161864,16.59665169,18.52775252,20.50131516,22.55714857,23.40197017,24.25241792,25.10323023,25.10323023,25.46308056,26.30180158,27.1174245,29.13207934,31.17315977,33.28067408,34.14013878,35.00322644,35.8626752,35.8626752,36.22801972,37.07736993,37.89821331,39.9263881,41.98477233,44.07326176,44.92253627,45.78044213,46.63763689,46.63763689,47.00298141,47.85233163,48.67317501,50.7013498,52.75973403,54.84822345,55.69749796,56.55540382,57.41259859,57.41259859,57.7779431,58.62729332,59.4481367,61.47631149,63.53469572,65.62318515,66.47245965,67.33036552,68.18756028,68.18756028,68.5529048,69.40225502,70.22309839,72.25127319,74.30965742,76.39814684,77.24742135,78.10532721,78.96252197,78.96252197,79.32786649,80.17721671,80.99806009,83.02623488,85.08461911,87.17310854,88.02238304,88.88028891,89.73748367
0.35,9664,2.9,1,3,2,2,0,0.086049073,0.291230583,0.525621946,1.291569032,2.324021741,3.605557821,4.176892285,4.774444295,5.39581418,5.39581418,5.674813078,6.334694979,6.978055846,8.606546327,10.3418438,12.20532017,12.97992268,13.76384741,14.55439225,14.55439225,14.8950894,15.68729371,16.45359563,18.35712898,20.3164147,22.36126373,23.20051585,24.04509802,24.8933338,24.8933338,25.254216,26.08831315,26.89600003,28.89629158,30.94363842,33.0560072,33.9170407,34.78148746,35.6382426,35.6382426,35.99925761,36.83066296,37.63236308,39.60998609,41.6392895,43.73957258,44.59787278,45.45965797,46.31931874,46.31931874,46.68033375,47.5117391,48.31343923,50.29106224,52.32036564,54.42064873,55.27894892,56.14073412,57.00039489,57.00039489,57.3614099,58.19281525,58.99451538,60.97213838,63.00144179,65.10172487,65.96002507,66.82181026,67.68147103,67.68147103,68.04248605,68.8738914,69.67559152,71.65321453,73.68251794,75.78280102,76.64110122,77.50288641,78.36254718,78.36254718,78.72356219,79.55496754,80.35666767,82.33429067,84.36359408,86.46387717,87.32217736,88.18396255,89.04362333
0.35,9664,2.9,1,3,2,1,0,0.083418711,0.2818402,0.508915898,1.255987174,2.274713606,3.546438335,4.115392347,4.714566409,5.336476071,5.336476071,5.605370819,6.242877821,6.869202124,8.45707874,10.13924315,11.93989589,12.69244583,13.45807915,14.23215219,14.23215219,14.56102541,15.32347628,16.06189747,17.90490475,19.80774775,21.78752689,22.60052747,23.42172563,24.24242896,24.24242896,24.58416075,25.37408061,26.1459476,28.05543403,30.01337618,32.0516724,32.88338458,33.71778556,34.5519416,34.5519416,34.8984834,35.69953726,36.48119061,38.4133047,40.37899177,42.44102179,43.28979621,44.14070149,44.9903349,44.9903349,45.3368767,46.13793055,46.9195839,48.851698,50.81738506,52.87941509,53.72818951,54.57909479,55.42872819,55.42872819,55.77527,56.57632385,57.3579772,59.2900913,61.25577836,63.31780839,64.16658281,65.01748808,65.86712149,65.86712149,66.2136633,67.01471715,67.7963705,69.7284846,71.69417166,73.75620169,74.60497611,75.45588138,76.30551479,76.30551479,76.6520566,77.45311045,78.2347638,80.16687789,82.13256496,84.19459498,85.0433694,85.89427468,86.74390809
0.35,9664,2.9,1,3,1,6,0,0.063434303,0.210993563,0.376079093,0.907025104,1.62909506,2.569203372,3.006898867,3.476189097,3.978582318,3.978582318,4.171294582,4.620680879,5.066959972,6.207561194,7.435914641,8.812850048,9.411527305,10.03715287,10.68847261,10.68847261,10.92886804,11.47879299,12.02130136,13.39070062,14.82721743,16.38236229,17.04780707,17.73887448,18.44767689,18.44767689,18.70819752,19.29660983,19.87503696,21.33277066,22.85617094,24.50318978,25.20246282,25.92203882,26.65823333,26.65823333,26.92774996,27.53455547,28.1285596,29.61608907,31.17675679,32.86282232,33.57629839,34.30949165,35.06068188,35.06068188,35.33019851,35.93700401,36.53100815,38.01853762,39.57920534,41.26527087,41.97874694,42.7119402,43.46313043,43.46313043,43.73264706,44.33945256,44.9334567,46.42098617,47.98165389,49.66771942,50.38119549,51.11438875,51.86557898,51.86557898,52.13509561,52.74190111,53.33590524,54.82343472,56.38410243,58.07016797,58.78364404,59.5168373,60.26802753,60.26802753,60.53754416,61.14434966,61.73835379,63.22588327,64.78655098,66.47261652,67.18609259,67.91928585,68.67047608
0.35,9664,2.9,1,3,1,5,0,0.05635866,0.186065254,0.32895522,0.775245558,1.369615518,2.144047778,2.511533172,2.914293528,3.352091762,3.352091762,3.513184282,3.88853566,4.264177911,5.237501616,6.300844508,7.502553142,8.028512318,8.584058552,9.168738341,9.168738341,9.375516817,9.846460138,10.31305222,11.4879604,12.71830987,14.06778035,14.65360237,15.2681509,15.91043866,15.91043866,16.13444468,16.64329931,17.14736467,18.41001817,19.71965676,21.15348653,21.77632611,22.42920837,23.10697887,23.10697887,23.34349299,23.87878091,24.40926937,25.73699113,27.11018719,28.58941273,29.22418512,29.88919083,30.57702979,30.57702979,30.81354391,31.34883183,31.87932029,33.20704206,34.58023812,36.05946365,36.69423605,37.35924176,38.04708072,38.04708072,38.28359484,38.81888276,39.34937121,40.67709298,42.05028904,43.52951458,44.16428697,44.82929268,45.51713164,45.51713164,45.75364576,46.28893368,46.81942214,48.14714391,49.52033997,50.9995655,51.6343379,52.29934361,52.98718257,52.98718257,53.22369669,53.75898461,54.28947306,55.61719483,56.99039089,58.46961643,59.10438882,59.76939453,60.45723349
0.35,9664,2.9,1,3,1,4,0,0.048839495,0.161281427,0.285214132,0.667516627,1.171152523,1.824363122,2.133466313,2.474916265,2.853055839,2.853055839,2.986587573,3.301018953,3.616707333,4.432788809,5.307588962,6.28100454,6.711040252,7.172330792,7.669729368,7.669729368,7.838293025,8.225430445,8.60814291,9.577081871,10.60351886,11.74564231,12.24707182,12.78112277,13.35663607,13.35663607,13.54887224,13.98872609,14.4235938,15.51912973,16.67193819,17.93312816,18.47736351,19.05237072,19.66328508,19.66328508,19.86650064,20.32610536,20.77945069,21.92012823,23.10776563,24.39255169,24.94810897,25.54004949,26.17112403,26.17112403,26.3743396,26.83394432,27.28728964,28.42796718,29.61560459,30.90039064,31.45594793,32.04788845,32.67896299,32.67896299,32.88217855,33.34178327,33.7951286,34.93580614,36.12344354,37.4082296,37.96378688,38.5557274,39.18680194,39.18680194,39.39001751,39.84962223,40.30296755,41.44364509,42.6312825,43.91606856,44.47162584,45.06356636,45.6946409,45.6946409,45.89785647,46.35746118,46.81080651,47.95148405,49.13912145,50.42390751,50.97946479,51.57140531,52.20247986
0.35,9664,2.9,1,3,1,3,0,0.042268905,0.138849681,0.243393615,0.552574389,0.948107894,1.456474544,1.69804403,1.967530996,2.273296667,2.273296667,2.37727104,2.617762872,2.859795265,3.491023212,4.187297842,4.984440306,5.337991419,5.717552097,6.138033284,6.138033284,6.275432169,6.587122859,6.898734065,7.688901022,8.524377877,9.461243325,9.875427253,10.32026496,10.80754036,10.80754036,10.96443099,11.31928124,11.67472764,12.58130101,13.52956987,14.56083563,15.00914354,15.48770715,16.00455209,16.00455209,16.16990218,16.54321962,16.91736128,17.8630069,18.84552742,19.91389701,20.37747812,20.87534232,21.41801723,21.41801723,21.58336733,21.95668477,22.33082642,23.27647205,24.25899256,25.32736216,25.79094327,26.28880747,26.83148238,26.83148238,26.99683248,27.37014992,27.74429157,28.6899372,29.67245771,30.74082731,31.20440842,31.70227262,32.24494753,32.24494753,32.41029763,32.78361507,33.15775672,34.10340235,35.08592286,36.15429246,36.61787356,37.11573777,37.65841268,37.65841268,37.82376277,38.19708021,38.57122187,39.51686749,40.49938801,41.5677576,42.03133871,42.52920292,43.07187783
0.35,9664,2.9,1,3,1,2,0,0.035823996,0.116334638,0.202951451,0.458331747,0.780037212,1.186536263,1.378938353,1.594181554,1.841684699,1.841684699,1.9226913,2.109048344,2.298139144,2.790485332,3.333377182,3.959198595,4.239268966,4.542932271,4.883723115,4.883723115,4.991536985,5.234929838,5.478420531,6.099455677,6.765277088,7.511888422,7.841396375,8.198081874,8.595887828,8.595887828,8.720505033,8.997447794,9.273229742,9.979700037,10.73324004,11.560935,11.92217958,12.30884775,12.73729186,12.73729186,12.87207531,13.17329048,13.47640866,14.2466374,15.05423195,15.92798634,16.30587958,16.7081796,17.15054116,17.15054116,17.28532461,17.58653979,17.88965797,18.65988671,19.46748126,20.34123565,20.71912888,21.1214289,21.56379046,21.56379046,21.69857392,21.99978909,22.30290727,23.07313601,23.88073056,24.75448495,25.13237819,25.53467821,25.97703977,25.97703977,26.11182322,26.4130384,26.71615658,27.48638531,28.29397986,29.16773425,29.54562749,29.94792751,30.39028907,30.39028907,30.52507252,30.8262877,31.12940588,31.89963462,32.70722917,33.58098356,33.9588768,34.36117681,34.80353838
0.35,9664,2.9,1,3,1,1,0,0.030974416,0.099392847,0.172121579,0.381451149,0.642552046,0.97375495,1.130738349,1.30595969,1.510268479,1.510268479,1.576242275,1.724250997,1.874690174,2.267611363,2.698714171,3.193435175,3.416558455,3.658765367,3.931521058,3.931521058,4.017270157,4.207292539,4.396839227,4.88054442,5.399859267,5.989441562,6.253507903,6.539026355,6.85852252,6.85852252,6.956618224,7.172685158,7.388600165,7.936571406,8.521678284,9.181823021,9.475808226,9.79086958,10.14051203,10.14051203,10.24838602,10.48509885,10.72004971,11.31740434,11.9550053,12.66501849,12.97859078,13.31478287,13.6901088,13.6901088,13.79798279,14.03469562,14.26964648,14.86700111,15.50460207,16.21461526,16.52818755,16.86437964,17.23970557,17.23970557,17.34757956,17.58429239,17.81924325,18.41659788,19.05419884,19.76421203,20.07778432,20.41397641,20.78930234,20.78930234,20.89717633,21.13388916,21.36884002,21.96619465,22.60379561,23.3138088,23.62738109,23.96357318,24.33889911,24.33889911,24.4467731,24.68348593,24.91843679,25.51579142,26.15339238,26.86340557,27.17697786,27.51316995,27.88849588
0.35,9664,2.9,1,4,3,6,0,0.024515828,0.076715014,0.130991959,0.280831144,0.458336964,0.674420065,0.776541858,0.890751194,1.022893222,1.022893222,1.064772011,1.156537649,1.249145199,1.490773145,1.755696483,2.061853037,2.202538406,2.358250996,2.535775861,2.535775861,2.591024128,2.710007434,2.828464443,3.131756877,3.458287961,3.828986406,3.99614662,4.179017051,4.386242535,4.386242535,4.448874462,4.583510565,4.718538476,5.06255548,5.428608417,5.838226563,6.023410581,6.226816377,6.454099268,6.454099268,6.524238464,6.674142867,6.822947123,7.203026585,7.601404409,8.050076754,8.25149104,8.467287132,8.712412358,8.712412358,8.782551555,8.932455957,9.081260214,9.461339675,9.859717499,10.30838985,10.50980413,10.72560022,10.97072545,10.97072545,11.04086465,11.19076905,11.3395733,11.71965277,12.11803059,12.56670294,12.76811722,12.98391331,13.22903854,13.22903854,13.29917774,13.44908214,13.5978864,13.97796586,14.37634368,14.82501603,15.02643031,15.2422264,15.48735163,15.48735163,15.55749083,15.70739523,15.85619949,16.23627895,16.63465677,17.08332912,17.2847434,17.50053949,17.74566472
0.35,9664,2.9,1,4,3,5,0,0.027387582,0.087436498,0.151020608,0.33014206,0.549299874,0.826624284,0.957859662,1.104647972,1.276252933,1.276252933,1.329227745,1.447782407,1.56911961,1.887727468,2.238884634,2.649684657,2.838687864,3.044402694,3.279644989,3.279644989,3.350899344,3.508279119,3.666982716,4.072098479,4.508005618,5.003579443,5.224402324,5.463434104,5.735413741,5.735413741,5.815624638,5.992742539,6.171300538,6.629412976,7.118798517,7.667522025,7.911833164,8.17304903,8.468711495,8.468711495,8.558018271,8.751968364,8.94584689,9.436968733,9.954867716,10.53666271,10.80004242,11.08507569,11.40509212,11.40509212,11.49439889,11.68834899,11.88222751,12.37334935,12.89124834,13.47304333,13.73642304,14.02145632,14.34147274,14.34147274,14.43077951,14.62472961,14.81860813,15.30972998,15.82762896,16.40942395,16.67280367,16.95783694,17.27785336,17.27785336,17.36716014,17.56111023,17.75498875,18.2461106,18.76400958,19.34580457,19.60918429,19.89421756,20.21423398,20.21423398,20.30354076,20.49749085,20.69136938,21.18249122,21.7003902,22.28218519,22.54556491,22.83059818,23.1506146
0.35,9664,2.9,1,4,3,4,0,0.031810514,0.102503898,0.178443604,0.399107689,0.675475718,1.025799612,1.19171535,1.376764753,1.593030191,1.593030191,1.662195568,1.820098454,1.980227734,2.402313536,2.869399266,3.412807859,3.657774604,3.925670085,4.231836131,4.231836131,4.325177082,4.535602576,4.746407816,5.288519476,5.871756233,6.521993477,6.810768139,7.124749285,7.480194642,7.480194642,7.587392109,7.825942432,8.066029489,8.680357275,9.340783381,10.07986232,10.40400285,10.75179546,11.14034259,11.14034259,11.25797941,11.51852504,11.77959463,12.44346013,13.15284504,13.93945799,14.28377846,14.65361792,15.06642098,15.06642098,15.1840578,15.44460343,15.70567302,16.36953852,17.07892343,17.86553637,18.20985685,18.5796963,18.99249936,18.99249936,19.11013619,19.37068182,19.6317514,20.29561691,21.00500182,21.79161476,22.13593523,22.50577469,22.91857775,22.91857775,23.03621457,23.2967602,23.55782979,24.2216953,24.93108021,25.71769315,26.06201362,26.43185308,26.84465614,26.84465614,26.96229296,27.22283859,27.48390818,28.14777369,28.8571586,29.64377154,29.98809201,30.35793147,30.77073453
0.35,9664,2.9,1,4,3,3,0,0.0384597,0.124647505,0.2172439,0.492811311,0.845382863,1.295353011,1.507722189,1.746245801,2.021260671,2.021260671,2.111088583,2.320754148,2.53188212,3.080341489,3.685434687,4.375980355,4.684763119,5.019190191,5.392411377,5.392411377,5.509651589,5.777756716,6.047432925,6.737758593,7.479776211,8.305621852,8.667624974,9.05834338,9.492403697,9.492403697,9.626819938,9.930058554,10.23503275,11.0102621,11.82727687,12.72469586,13.11710968,13.5371023,14.0007536,14.0007536,14.14496445,14.46991286,14.79358298,15.60812106,16.46277914,17.40275982,17.81210569,18.251394,18.7350512,18.7350512,18.87926205,19.20421046,19.52788057,20.34241866,21.19707674,22.13705742,22.54640329,22.9856916,23.4693488,23.4693488,23.61355965,23.93850806,24.26217817,25.07671626,25.93137433,26.87135502,27.28070088,27.7199892,28.20364639,28.20364639,28.34785725,28.67280565,28.99647577,29.81101386,30.66567193,31.60565262,32.01499848,32.4542868,32.93794399,32.93794399,33.08215485,33.40710325,33.73077337,34.54531145,35.39996953,36.33995022,36.74929608,37.1885844,37.67224159
0.35,9664,2.9,1,4,3,2,0,0.044614732,0.14676611,0.257875495,0.594452318,1.033367693,1.598657373,1.868204025,2.169970973,2.511113545,2.511113545,2.62567585,2.893194897,3.16162073,3.861870226,4.628267497,5.499047094,5.887870653,6.308258148,6.768093607,6.768093607,6.916428202,7.256146852,7.594356874,8.454243754,9.370111597,10.38959758,10.83798823,11.32112457,11.84617552,11.84617552,12.01255059,12.39156315,12.76990612,13.72757152,14.73356382,15.83696867,16.32124773,16.83740203,17.39206089,17.39206089,17.57038879,17.97231824,18.3712852,19.37874014,20.42354538,21.56780922,22.07290064,22.61089859,23.18804752,23.18804752,23.36637541,23.76830486,24.16727183,25.17472677,26.219532,27.36379585,27.86888726,28.40688522,28.98403414,28.98403414,29.16236204,29.56429149,29.96325845,30.97071339,32.01551862,33.15978247,33.66487388,34.20287184,34.78002076,34.78002076,34.95834866,35.36027811,35.75924507,36.76670001,37.81150525,38.9557691,39.46086051,39.99885846,40.57600739,40.57600739,40.75433528,41.15626473,41.5552317,42.56268664,43.60749187,44.75175572,45.25684713,45.79484509,46.37199401
0.35,9664,2.9,1,4,3,1,0,0.052258346,0.172203975,0.304947676,0.712799211,1.24849561,1.946664951,2.281729529,2.653451187,3.058997456,3.058997456,3.202065014,3.537568539,3.871353409,4.730565401,5.672242659,6.747191509,7.22348823,7.733042586,8.276450208,8.276450208,8.460019677,8.881123388,9.297288557,10.35574078,11.47950402,12.72444714,13.27092167,13.85059075,14.46103629,14.46103629,14.66481852,15.1290438,15.59024955,16.74942068,17.9592934,19.28858683,19.8680906,20.47922281,21.1208897,21.1208897,21.33358117,21.81830811,22.29722463,23.49282252,24.72968632,26.08322146,26.67329828,27.29637298,27.94762985,27.94762985,28.16032132,28.64504826,29.12396478,30.31956267,31.55642646,32.90996161,33.50003843,34.12311313,34.77437,34.77437,34.98706146,35.4717884,35.95070492,37.14630282,38.38316661,39.73670176,40.32677858,40.94985328,41.60111015,41.60111015,41.81380161,42.29852855,42.77744507,43.97304296,45.20990676,46.5634419,47.15351873,47.77659343,48.42785029,48.42785029,48.64054176,49.1252687,49.60418522,50.79978311,52.03664691,53.39018205,53.98025887,54.60333357,55.25459044
0.35,9664,2.9,1,4,2,6,0,0.074181417,0.249137987,0.446083293,1.076638237,1.932739192,3.011708579,3.502746165,4.027182322,4.579079049,4.579079049,4.805150111,5.338658504,5.864175121,7.205445859,8.646347391,10.22110251,10.88813189,11.57171548,12.26691851,12.26691851,12.54367479,13.18848791,13.82070741,15.40341864,17.06416841,18.83865234,19.57994348,20.32678062,21.08045213,21.08045213,21.378632,22.06976985,22.74378219,24.41533058,26.1614431,28.01597876,28.78533754,29.56457806,30.34654461,30.34654461,30.65334614,31.35745849,32.04879574,33.77012265,35.54145051,37.40292502,38.17087344,38.95083006,39.73503672,39.73503672,40.04183825,40.74595059,41.43728785,43.15861476,44.92994262,46.79141713,47.55936555,48.33932217,49.12352883,49.12352883,49.43033035,50.1344427,50.82577995,52.54710687,54.31843472,56.17990924,56.94785766,57.72781427,58.51202094,58.51202094,58.81882246,59.52293481,60.21427206,61.93559898,63.70692683,65.56840134,66.33634976,67.11630638,67.90051305,67.90051305,68.20731457,68.91142692,69.60276417,71.32409108,73.09541894,74.95689345,75.72484187,76.50479849,77.28900515
0.35,9664,2.9,1,4,2,5,0,0.079670854,0.268508414,0.481241735,1.168565606,2.096326553,3.25412276,3.773165586,4.320412465,4.892277478,4.892277478,5.137558221,5.718013721,6.287445275,7.734910477,9.278255659,10.94572735,11.6419857,12.35137925,13.06902237,13.06902237,13.36847825,14.06534777,14.74342634,16.44254172,18.21751209,20.09484377,20.86872499,21.64621074,22.42651025,22.42651025,22.74637029,23.48891217,24.21179143,26.00820222,27.85693562,29.78628473,30.57645295,31.37094553,32.16204167,32.16204167,32.48549713,33.23203884,33.95746836,35.75469343,37.59510277,39.51081611,40.29942349,41.09570627,41.89612848,41.89612848,42.21958394,42.96612565,43.69155518,45.48878025,47.32918958,49.24490292,50.0335103,50.82979309,51.6302153,51.6302153,51.95367076,52.70021247,53.42564199,55.22286706,57.0632764,58.97898974,59.76759712,60.5638799,61.36430211,61.36430211,61.68775757,62.43429928,63.15972881,64.95695388,66.79736321,68.71307655,69.50168393,70.29796672,71.09838893,71.09838893,71.42184439,72.1683861,72.89381562,74.69104069,76.53145003,78.44716337,79.23577075,80.03205353,80.83247574
0.35,9664,2.9,1,4,2,4,0,0.083459553,0.281168091,0.505397474,1.238435486,2.231563333,3.458692845,4.007535987,4.586612681,5.188122456,5.188122456,5.453337063,6.079112371,6.689321663,8.241276471,9.888832424,11.64850844,12.37757213,13.11776345,13.86434444,13.86434444,14.18124534,14.91769167,15.6370673,17.42156847,19.25742699,21.17950977,21.96484861,22.75880452,23.55938301,23.55938301,23.8958821,24.67212418,25.42380881,27.28245696,29.18827845,31.16103801,31.96453143,32.77025699,33.57389767,33.57389767,33.91502652,34.70368182,35.46902382,37.36044393,39.2729548,41.23579425,42.03611146,42.84850655,43.66479535,43.66479535,44.0059242,44.7945795,45.5599215,47.45134161,49.36385248,51.32669192,52.12700913,52.93940423,53.75569303,53.75569303,54.09682188,54.88547717,55.65081917,57.54223929,59.45475016,61.4175896,62.21790681,63.03030191,63.8465907,63.8465907,64.18771956,64.97637485,65.74171685,67.63313697,69.54564784,71.50848728,72.30880449,73.12119959,73.93748838,73.93748838,74.27861724,75.06727253,75.83261453,77.72403465,79.63654551,81.59938496,82.39970217,83.21209727,84.02838606
0.35,9664,2.9,1,4,2,3,0,0.086083646,0.288632887,0.516973014,1.25413035,2.249010346,3.482629079,4.032332419,4.608892897,5.207467672,5.207467672,5.477494255,6.111509559,6.727530418,8.277994703,9.914254635,11.65758291,12.37982336,13.11436103,13.85631006,13.85631006,14.17827482,14.92151765,15.6426136,17.43923475,19.29097949,21.22686249,22.02232103,22.82414642,23.62634015,23.62634015,23.9715154,24.76643512,25.5342735,27.42203385,29.34370233,31.31182081,32.11022244,32.91775531,33.7258281,33.7258281,34.07400429,34.87408397,35.64666987,37.55058459,39.47499525,41.44077092,42.24017066,43.04432456,43.8500212,43.8500212,44.19819739,44.99827707,45.77086297,47.67477769,49.59918836,51.56496402,52.36436376,53.16851767,53.9742143,53.9742143,54.32239049,55.12247017,55.89505607,57.79897079,59.72338146,61.68915712,62.48855686,63.29271077,64.0984074,64.0984074,64.44658359,65.24666327,66.01924918,67.92316389,69.84757456,71.81335022,72.61274997,73.41690387,74.22260051,74.22260051,74.5707767,75.37085638,76.14344228,78.04735699,79.97176766,81.93754333,82.73694307,83.54109697,84.34679361
0.35,9664,2.9,1,4,2,2,0,0.085446364,0.287579648,0.516877435,1.262073974,2.260313324,3.479329486,4.021704561,4.591113651,5.181144215,5.181144215,5.448021093,6.073893119,6.684460309,8.232460035,9.881202416,11.65126328,12.39091871,13.14221462,13.89715929,13.89715929,14.22475554,14.97837779,15.70713453,17.5097934,19.36030102,21.30103531,22.09679751,22.89595532,23.69033889,23.69033889,24.03041346,24.81373274,25.57373199,27.45753411,29.3843158,31.37744624,32.1870297,32.99486862,33.80061684,33.80061684,34.14691047,34.93946003,35.70544505,37.5936145,39.50651208,41.47459398,42.27476439,43.07651621,43.87731242,43.87731242,44.22360605,45.01615561,45.78214063,47.67031007,49.58320765,51.55128955,52.35145996,53.15321178,53.95400799,53.95400799,54.30030162,55.09285118,55.85883621,57.74700565,59.65990323,61.62798513,62.42815554,63.22990736,64.03070357,64.03070357,64.3769972,65.16954676,65.93553178,67.82370123,69.73659881,71.7046807,72.50485111,73.30660293,74.10739914,74.10739914,74.45369277,75.24624233,76.01222736,77.9003968,79.81329438,81.78137628,82.58154669,83.38329851,84.18409472
0.35,9664,2.9,1,4,2,1,0,0.083874183,0.280594841,0.502017509,1.213205243,2.164290136,3.349941989,3.883386845,4.444392763,5.024985681,5.024985681,5.282175752,5.883655434,6.473122337,7.970339486,9.559345539,11.26496622,11.97667707,12.70186569,13.43759788,13.43759788,13.75084072,14.47336074,15.17352115,16.91678968,18.72429149,20.62722859,21.40901468,22.19454649,22.98337503,22.98337503,23.31700835,24.08273179,24.82586893,26.66213571,28.5436462,30.48978127,31.28634315,32.09162014,32.89608257,32.89608257,33.23613899,34.01341882,34.77021267,36.64041374,38.53340792,40.49255514,41.29752366,42.11625115,42.93529964,42.93529964,43.27535606,44.05263589,44.80942975,46.67963081,48.572625,50.53177222,51.33674074,52.15546822,52.97451671,52.97451671,53.31457314,54.09185297,54.84864682,56.71884789,58.61184207,60.57098929,61.37595781,62.19468529,63.01373379,63.01373379,63.35379021,64.13107004,64.8878639,66.75806496,68.65105914,70.61020637,71.41517489,72.23390237,73.05295086,73.05295086,73.39300728,74.17028711,74.92708097,76.79728203,78.69027622,80.64942344,81.45439196,82.27311944,83.09216794
0.35,9664,2.9,1,4,1,6,0,0.064845281,0.213278463,0.377405929,0.89278978,1.580853163,2.460062208,2.867390187,3.306634779,3.774768064,3.774768064,3.958386465,4.381864474,4.803056768,5.897578549,7.082389999,8.391811327,8.959159268,9.553834841,10.16889307,10.16889307,10.40459638,10.9377641,11.45841253,12.76837977,14.1364946,15.61582894,16.25009962,16.90712942,17.58140043,17.58140043,17.8356506,18.41133742,18.97826905,20.38632499,21.84939186,23.41825832,24.07704743,24.75587098,25.45172374,25.45172374,25.7120637,26.29377019,26.86605364,28.30338767,29.79143373,31.38364644,32.05650256,32.74580138,33.45036349,33.45036349,33.71070346,34.29240994,34.8646934,36.30202742,37.79007348,39.3822862,40.05514232,40.74444114,41.44900325,41.44900325,41.70934321,42.2910497,42.86333315,44.30066718,45.78871324,47.38092595,48.05378207,48.74308089,49.447643,49.447643,49.70798297,50.28968945,50.86197291,52.29930693,53.78735299,55.37956571,56.05242183,56.74172065,57.44628276,57.44628276,57.70662272,58.28832921,58.86061266,60.29794669,61.78599275,63.37820546,64.05106158,64.7403604,65.44492251
0.35,9664,2.9,1,4,1,5,0,0.05751637,0.188409906,0.332201061,0.776052974,1.360467713,2.108555508,2.456638968,2.834538057,3.245270692,3.245270692,3.401826296,3.765794776,4.126501915,5.05447085,6.062885481,7.19441802,7.68873532,8.208017437,8.752121855,8.752121855,8.950978321,9.400495354,9.843836479,10.96122829,12.13051484,13.39822801,13.94192729,14.5120837,15.10934222,15.10934222,15.3250869,15.81523229,16.29995057,17.50471817,18.7531521,20.11435519,20.69902179,21.30622386,21.93747849,21.93747849,22.16619738,22.68049677,23.18499916,24.44369375,25.74758258,27.15296958,27.75264454,28.3733797,29.02315796,29.02315796,29.25187685,29.76617625,30.27067864,31.52937323,32.83326206,34.23864905,34.83832401,35.45905918,36.10883744,36.10883744,36.33755633,36.85185572,37.35635811,38.61505271,39.91894153,41.32432853,41.92400349,42.54473865,43.19451691,43.19451691,43.42323581,43.9375352,44.44203759,45.70073218,47.00462101,48.410008,49.00968297,49.63041813,50.28019639,50.28019639,50.50891528,51.02321468,51.52771707,52.78641166,54.09030048,55.49568748,56.09536244,56.7160976,57.36587586
0.35,9664,2.9,1,4,1,4,0,0.050246093,0.163984934,0.288006534,0.66693361,1.153920672,1.77106129,2.061281765,2.382095347,2.73736855,2.73736855,2.866674532,3.167062175,3.467792656,4.244645798,5.085222325,6.032353072,6.45056138,6.897244135,7.37827577,7.37827577,7.545948091,7.926612595,8.303318637,9.255789538,10.26334476,11.3747912,11.85805427,12.36751669,12.90579897,12.90579897,13.09372769,13.51742947,13.93629029,14.98570306,16.08367626,17.27327492,17.78558673,18.32776736,18.89784186,18.89784186,19.09318574,19.53355116,19.96894079,21.05443039,22.18868865,23.42345761,23.9545961,24.50981171,25.09169231,25.09169231,25.28703619,25.72740161,26.16279123,27.24828084,28.3825391,29.61730806,30.14844655,30.70366215,31.28554275,31.28554275,31.48088664,31.92125206,32.35664168,33.44213129,34.57638955,35.81115851,36.34229699,36.8975126,37.4793932,37.4793932,37.67473709,38.11510251,38.55049213,39.63598174,40.77023999,42.00500896,42.53614744,43.09136305,43.67324365,43.67324365,43.86858753,44.30895296,44.74434258,45.82983219,46.96409044,48.19885941,48.72999789,49.2852135,49.8670941
0.35,9664,2.9,1,4,1,3,0,0.04330597,0.140831467,0.246595882,0.564456717,0.974622183,1.493213932,1.736260725,2.006670623,2.310447151,2.310447151,2.415849156,2.659121824,2.902858375,3.533092228,4.224209493,5.005102593,5.349038729,5.719791047,6.122946064,6.122946064,6.258845798,6.5661858,6.873321997,7.65380211,8.482778572,9.391196769,9.785980681,10.20622114,10.66040629,10.66040629,10.81229315,11.15551863,11.49917415,12.36557054,13.2654058,14.24368079,14.66593043,15.1124323,15.5943632,15.5943632,15.75778486,16.1206788,16.47834087,17.37975666,18.32323653,19.34739806,19.78698783,20.25202328,20.75259322,20.75259322,20.91601488,21.27890882,21.63657089,22.53798669,23.48146656,24.50562808,24.94521785,25.4102533,25.91082325,25.91082325,26.0742449,26.43713884,26.79480091,27.69621671,28.63969658,29.6638581,30.10344787,30.56848332,31.06905327,31.06905327,31.23247492,31.59536886,31.95303093,32.85444673,33.7979266,34.82208812,35.26167789,35.72671334,36.22728329,36.22728329,36.39070494,36.75359888,37.11126095,38.01267675,38.95615662,39.98031814,40.41990791,40.88494336,41.38551331
0.35,9664,2.9,1,4,1,2,0,0.037431834,0.120414245,0.209173508,0.468485133,0.795500356,1.209276513,1.40220172,1.61670617,1.862351713,1.862351713,1.94566304,2.136336987,2.328992678,2.826845443,3.36733695,3.983597669,4.258887627,4.554572848,4.882668907,4.882668907,4.991649113,5.23485263,5.477482925,6.093505728,6.752029647,7.486767122,7.806745168,8.149127244,8.524612538,8.524612538,8.648369492,8.923824205,9.197962168,9.889864203,10.61572786,11.41042373,11.75779007,12.12941626,12.53575162,12.53575162,12.66705881,12.95976765,13.25247318,13.9902774,14.75639738,15.59628998,15.96140596,16.34817054,16.7711319,16.7711319,16.90243908,17.19514793,17.48785345,18.22565767,18.99177765,19.83167025,20.19678623,20.58355081,21.00651217,21.00651217,21.13781935,21.4305282,21.72323372,22.46103794,23.22715792,24.06705052,24.4321665,24.81893109,25.24189244,25.24189244,25.37319962,25.66590847,25.958614,26.69641822,27.46253819,28.30243079,28.66754678,29.05431136,29.47727271,29.47727271,29.60857989,29.90128874,30.19399427,30.93179849,31.69791846,32.53781106,32.90292705,33.28969163,33.71265298
0.35,9664,2.9,1,4,1,1,0,0.032319012,0.102847878,0.177362493,0.391858043,0.656127984,0.985168192,1.139073888,1.309225928,1.503916188,1.503916188,1.568919532,1.714571277,1.861701298,2.246008971,2.671490911,3.160394706,3.378400473,3.614985044,3.881832907,3.881832907,3.968421809,4.159787339,4.351460441,4.841633848,5.365383619,5.94982652,6.205872357,6.480330764,6.785415032,6.785415032,6.884095576,7.101039871,7.317633238,7.864448475,8.441157052,9.074979698,9.350019726,9.644530128,9.972853106,9.972853106,10.07766736,10.30735225,10.5346384,11.11319176,11.72666226,12.39894626,12.69267758,13.00606793,13.35267629,13.35267629,13.45749055,13.68717544,13.91446158,14.49301494,15.10648545,15.77876945,16.07250077,16.38589111,16.73249948,16.73249948,16.83731373,17.06699863,17.29428477,17.87283813,18.48630863,19.15859264,19.45232396,19.7657143,20.11232267,20.11232267,20.21713692,20.44682181,20.67410796,21.25266132,21.86613182,22.53841582,22.83214714,23.14553749,23.49214586,23.49214586,23.59696011,23.826645,24.05393115,24.63248451,25.24595501,25.91823901,26.21197033,26.52536068,26.87196904
0.35,9664,2.9,1,5,3,6,0,0.023207863,0.072957476,0.125524647,0.270970476,0.442140154,0.655539668,0.75810449,0.875106198,1.013119572,1.013119572,1.054090707,1.144161378,1.235638879,1.473293823,1.732316171,2.035239469,2.175510104,2.330415729,2.511379883,2.511379883,2.564421264,2.678672333,2.79317075,3.087724135,3.404751576,3.768802012,3.936694919,4.12250643,4.336555387,4.336555387,4.399696624,4.535240804,4.670565318,5.012905538,5.377854345,5.793939857,5.983318842,6.191421979,6.428946541,6.428946541,6.498411442,6.647605944,6.797909813,7.179731307,7.579375745,8.029963116,8.236124082,8.461776882,8.719972478,8.719972478,8.789437379,8.938631881,9.08893575,9.470757244,9.870401682,10.32098905,10.52715002,10.75280282,11.01099842,11.01099842,11.08046332,11.22965782,11.37996169,11.76178318,12.16142762,12.61201499,12.81817596,13.04382876,13.30202435,13.30202435,13.37148925,13.52068376,13.67098762,14.05280912,14.45245356,14.90304093,15.10920189,15.33485469,15.59305029,15.59305029,15.66251519,15.81170969,15.96201356,16.34383505,16.74347949,17.19406686,17.40022783,17.62588063,17.88407623
0.35,9664,2.9,1,5,3,5,0,0.025864508,0.082072941,0.141879701,0.312444615,0.524823861,0.800378324,0.932666527,1.082676263,1.261525637,1.261525637,1.314168837,1.43168125,1.550743779,1.861929058,2.206979207,2.613884836,2.799703835,3.003615933,3.242977212,3.242977212,3.311617733,3.463119079,3.616030963,4.012072451,4.441601409,4.934593419,5.15783886,5.401265488,5.683505943,5.683505943,5.76377186,5.939416385,6.115519384,6.567967291,7.05398281,7.609277437,7.858936844,8.129114896,8.437050577,8.437050577,8.525440966,8.718658854,8.910267752,9.397499826,9.922556341,10.52164549,10.78877118,11.07984981,11.41516856,11.41516856,11.50355895,11.69677684,11.88838574,12.37561781,12.90067433,13.49976347,13.76688916,14.05796779,14.39328655,14.39328655,14.48167694,14.67489483,14.86650372,15.3537358,15.87879231,16.47788146,16.74500715,17.03608578,17.37140454,17.37140454,17.45979492,17.65301281,17.84462171,18.33185378,18.8569103,19.45599944,19.72312513,20.01420377,20.34952252,20.34952252,20.43791291,20.6311308,20.8227397,21.30997177,21.83502829,22.43411743,22.70124312,22.99232175,23.32764051
0.35,9664,2.9,1,5,3,4,0,0.030405125,0.097902129,0.170550506,0.385713997,0.65829025,1.010085797,1.180363932,1.373990208,1.604044241,1.604044241,1.672804616,1.82993874,1.98957407,2.409395808,2.88033014,3.432705215,3.684065709,3.959049276,4.275646404,4.275646404,4.367091292,4.575068045,4.78487076,5.322527992,5.904832485,6.568349425,6.864605269,7.187349954,7.556393731,7.556393731,7.661554618,7.900492059,8.142653278,8.757401341,9.416005936,10.15955649,10.48903996,10.84625734,11.25507846,11.25507846,11.37170443,11.63142756,11.89141757,12.55677702,13.26717381,14.06069109,14.41062507,14.78992967,15.2224401,15.2224401,15.33906606,15.5987892,15.85877921,16.52413866,17.23453545,18.02805272,18.3779867,18.75729131,19.18980174,19.18980174,19.3064277,19.56615083,19.82614085,20.49150029,21.20189708,21.99541436,22.34534834,22.72465295,23.15716337,23.15716337,23.27378933,23.53351247,23.79350248,24.45886193,25.16925872,25.96277599,26.31270998,26.69201458,27.12452501,27.12452501,27.24115097,27.50087411,27.76086412,28.42622356,29.13662036,29.93013763,30.28007161,30.65937622,31.09188664
0.35,9664,2.9,1,5,3,3,0,0.036031938,0.118901443,0.209691249,0.481221798,0.831209925,1.284659063,1.500959085,1.746292184,2.034265742,2.034265742,2.122817559,2.331870126,2.543024683,3.092725234,3.701892775,4.410088028,4.73045986,5.08334417,5.483238311,5.483238311,5.600369803,5.869685961,6.142424442,6.847858501,7.603755114,8.449342358,8.827180217,9.240818109,9.707389251,9.707389251,9.842467787,10.15276317,10.46441988,11.25481954,12.10050291,13.04334217,13.45724522,13.90484903,14.403716,14.403716,14.54794622,14.87923596,15.21380427,16.06001872,16.95363285,17.94556099,18.38007328,18.85238591,19.38517196,19.38517196,19.52940217,19.86069192,20.19526022,21.04147467,21.9350888,22.92701695,23.36152923,23.83384186,24.36662791,24.36662791,24.51085812,24.84214787,25.17671617,26.02293063,26.91654476,27.9084729,28.34298519,28.81529781,29.34808386,29.34808386,29.49231408,29.82360382,30.15817212,31.00438658,31.89800071,32.88992885,33.32444114,33.79675376,34.32953981,34.32953981,34.47377003,34.80505977,35.13962808,35.98584253,36.87945666,37.8713848,38.30589709,38.77820972,39.31099576
0.35,9664,2.9,1,5,3,2,0,0.04275552,0.142422384,0.251698183,0.584738195,1.024691037,1.603545713,1.880024018,2.192399128,2.548642596,2.548642596,2.661679896,2.931074151,3.203041301,3.912865178,4.69410102,5.589226141,5.990358401,6.427087895,6.911589301,6.911589301,7.061058879,7.40854154,7.756092913,8.647839745,9.598300275,10.65897825,11.12962803,11.63933643,12.19697427,12.19697427,12.36612678,12.75779891,13.15116134,14.14431583,15.18227208,16.33740709,16.84781531,17.39468365,17.98891091,17.98891091,18.169062,18.58199543,18.99283677,20.03495942,21.12701322,22.31941084,22.84057408,23.40214144,24.0115574,24.0115574,24.19170849,24.60464192,25.01548326,26.05760591,27.1496597,28.34205733,28.86322057,29.42478792,30.03420389,30.03420389,30.21435498,30.62728841,31.03812975,32.0802524,33.17230619,34.36470382,34.88586706,35.44743441,36.05685038,36.05685038,36.23700147,36.6499349,37.06077624,38.10289889,39.19495268,40.38735031,40.90851355,41.4700809,42.07949687,42.07949687,42.25964796,42.67258139,43.08342273,44.12554538,45.21759917,46.4099968,46.93116004,47.49272739,48.10214336
0.35,9664,2.9,1,5,3,1,0,0.050942879,0.169303986,0.300432763,0.709615874,1.258612301,1.981193459,2.328532774,2.715020697,3.138730247,3.138730247,3.279754162,3.613262147,3.948820908,4.819488254,5.777801988,6.887794186,7.385360133,7.920497309,8.491820245,8.491820245,8.675397857,9.102448713,9.529655713,10.62015899,11.77160165,13.06998373,13.64442455,14.25036462,14.89176217,14.89176217,15.09682951,15.57041869,16.03997823,17.21480491,18.45590056,19.84038356,20.44706375,21.09122272,21.76990032,21.76990032,21.98395606,22.47776529,22.96655604,24.1912858,25.48187838,26.9109656,27.53577733,28.19704497,28.89438143,28.89438143,29.10843717,29.6022464,30.09103715,31.31576691,32.60635949,34.03544671,34.66025844,35.32152608,36.01886254,36.01886254,36.23291829,36.72672751,37.21551826,38.44024802,39.7308406,41.15992782,41.78473956,42.44600719,43.14334366,43.14334366,43.3573994,43.85120863,44.33999938,45.56472914,46.85532172,48.28440893,48.90922067,49.57048831,50.26782477,50.26782477,50.48188051,50.97568974,51.46448049,52.68921025,53.97980283,55.40889005,56.03370178,56.69496942,57.39230588
0.35,9664,2.9,1,5,2,6,0,0.074018269,0.252036427,0.455532623,1.118100079,2.022635277,3.175707153,3.702353509,4.25997618,4.844790047,4.844790047,5.078907459,5.637339569,6.190648092,7.607352997,9.1303834,10.80311565,11.51386274,12.24452049,12.98867065,12.98867065,13.27803668,13.95579604,14.61815926,16.27630469,18.02558524,19.92162973,20.71531204,21.52185582,22.33518645,22.33518645,22.64702025,23.37493129,24.08910667,25.87134459,27.71622181,29.68558682,30.50777232,31.34010274,32.17642534,32.17642534,32.4940565,33.23472128,33.95754637,35.76709003,37.65681717,39.63583401,40.44776769,41.26750824,42.09421622,42.09421622,42.41184738,43.15251217,43.87533725,45.68488092,47.57460805,49.55362489,50.36555857,51.18529913,52.01200711,52.01200711,52.32963827,53.07030305,53.79312814,55.6026718,57.49239894,59.47141578,60.28334946,61.10309001,61.92979799,61.92979799,62.24742915,62.98809394,63.71091902,65.52046269,67.41018982,69.38920666,70.20114034,71.0208809,71.84758888,71.84758888,72.16522004,72.90588482,73.6287099,75.43825357,77.32798071,79.30699755,80.11893123,80.93867178,81.76537976
0.35,9664,2.9,1,5,2,5,0,0.080166728,0.273609501,0.494737371,1.21767999,2.196148867,3.422474105,3.977797084,4.564421346,5.175876289,5.175876289,5.433636146,6.053743319,6.664535007,8.213847567,9.861743097,11.64247896,12.38398211,13.13555728,13.8985559,13.8985559,14.20794109,14.93834379,15.65425875,17.44351514,19.2998666,21.25852749,22.06089358,22.87056333,23.68571393,23.68571393,24.01517385,24.79182256,25.54787419,27.41901581,29.34321896,31.35640234,32.18357316,33.02034818,33.85689743,33.85689743,34.19280963,34.98004834,35.74483358,37.63793078,39.58514003,41.62780897,42.46367999,43.30270249,44.14521093,44.14521093,44.48112313,45.26836184,46.03314708,47.92624428,49.87345353,51.91612246,52.75199349,53.59101599,54.43352442,54.43352442,54.76943663,55.55667534,56.32146058,58.21455778,60.16176703,62.20443596,63.04030699,63.87932949,64.72183792,64.72183792,65.05775013,65.84498884,66.60977408,68.50287128,70.45008053,72.49274946,73.32862048,74.16764298,75.01015142,75.01015142,75.34606363,76.13330234,76.89808758,78.79118478,80.73839403,82.78106296,83.61693398,84.45595648,85.29846492
0.35,9664,2.9,1,5,2,4,0,0.084580925,0.288847474,0.52302831,1.292555833,2.336583758,3.626040755,4.201801576,4.805648915,5.429928229,5.429928229,5.703517088,6.358398597,6.998409043,8.626873302,10.35938018,12.21589943,12.98710316,13.76877439,14.55815851,14.55815851,14.89181903,15.67321792,16.43307808,18.31403207,20.24128546,22.25276448,23.07541261,23.90497307,24.73603599,24.73603599,25.08421908,25.9002506,26.68753856,28.63429987,30.64504571,32.73560501,33.58686812,34.44081494,35.29313322,35.29313322,35.64786257,36.47359481,37.27894036,39.27990354,41.30278648,43.37386085,44.21482138,45.05265801,45.88946994,45.88946994,46.24419929,47.06993153,47.87527708,49.87624026,51.8991232,53.97019757,54.8111581,55.64899473,56.48580666,56.48580666,56.84053601,57.66626825,58.4716138,60.47257698,62.49545992,64.56653429,65.40749482,66.24533145,67.08214338,67.08214338,67.43687273,68.26260497,69.06795052,71.0689137,73.09179664,75.16287101,76.00383154,76.84166817,77.6784801,77.6784801,78.03320945,78.85894169,79.66428724,81.66525041,83.68813336,85.75920773,86.60016826,87.43800489,88.27481682
0.35,9664,2.9,1,5,2,3,0,0.087597112,0.297836034,0.538489757,1.327081171,2.395211486,3.722003027,4.315422475,4.937016828,5.579246193,5.579246193,5.866766437,6.550516933,7.217534181,8.893069352,10.64127252,12.49337632,13.26272843,14.04211108,14.82944334,14.82944334,15.16995433,15.96324016,16.72918866,18.64264191,20.60817383,22.67086954,23.52367378,24.38067039,25.23420274,25.23420274,25.59765392,26.44633867,27.26607591,29.28911976,31.33530053,33.4341091,34.29135805,35.15480362,36.0154523,36.0154523,36.37776682,37.21848182,38.0325194,40.04321604,42.09914131,44.22440027,45.08926453,45.95332677,46.81109959,46.81109959,47.1734141,48.01412911,48.82816669,50.83886332,52.8947886,55.02004755,55.88491182,56.74897405,57.60674688,57.60674688,57.96906139,58.8097764,59.62381398,61.63451061,63.69043588,65.81569484,66.6805591,67.54462134,68.40239416,68.40239416,68.76470868,69.60542368,70.41946126,72.4301579,74.48608317,76.61134213,77.47620639,78.34026863,79.19804145,79.19804145,79.56035596,80.40107097,81.21510855,83.22580518,85.28173046,87.40698941,88.27185368,89.13591591,89.99368874
0.35,9664,2.9,1,5,2,2,0,0.086693789,0.29351946,0.530153336,1.306397924,2.364282495,3.687015025,4.281224738,4.901068656,5.540104619,5.540104619,5.825294484,6.498529645,7.154381692,8.81402152,10.55899184,12.42061732,13.19747421,13.98631596,14.78349291,14.78349291,15.12443139,15.91751543,16.68507366,18.59153901,20.54929232,22.58662443,23.42362558,24.27140964,25.11854099,25.11854099,25.4781827,26.31257869,27.11864663,29.11330616,31.16115571,33.29114901,34.16175652,35.03829244,35.91069408,35.91069408,36.28011662,37.13569543,37.96512634,39.99790112,42.05500628,44.19499605,45.07108056,45.95030641,46.82947812,46.82947812,47.19890066,48.05447947,48.88391039,50.91668516,52.97379032,55.11378009,55.9898646,56.86909045,57.74826217,57.74826217,58.11768471,58.97326352,59.80269443,61.8354692,63.89257437,66.03256414,66.90864864,67.7878745,68.66704621,68.66704621,69.03646875,69.89204756,70.72147848,72.75425325,74.81135841,76.95134818,77.82743269,78.70665854,79.58583025,79.58583025,79.95525279,80.8108316,81.64026252,83.67303729,85.73014245,87.87013222,88.74621673,89.62544258,90.5046143
0.35,9664,2.9,1,5,2,1,0,0.084894753,0.287102821,0.518200211,1.271225353,2.294857182,3.571730527,4.14391865,4.748249556,5.372699,5.372699,5.646475305,6.291950189,6.922880366,8.527712273,10.23208898,12.06848497,12.83605365,13.61192793,14.39485162,14.39485162,14.72573894,15.49106246,16.23339439,18.0769207,19.9741831,21.9707205,22.80006722,23.63821202,24.47819353,24.47819353,24.82885912,25.64051282,26.42765838,28.37923314,30.3638617,32.42021307,33.26431379,34.11755691,34.9719642,34.9719642,35.32712013,36.14383808,36.93800601,38.90166103,40.89673118,42.95839349,43.8039201,44.65786361,45.5134313,45.5134313,45.86858723,46.68530518,47.47947311,49.44312813,51.43819829,53.4998606,54.3453872,55.19933071,56.05489841,56.05489841,56.41005433,57.22677229,58.02094021,59.98459524,61.97966539,64.0413277,64.88685431,65.74079781,66.59636551,66.59636551,66.95152144,67.76823939,68.56240732,70.52606234,72.52113249,74.5827948,75.42832141,76.28226492,77.13783261,77.13783261,77.49298854,78.30970649,79.10387442,81.06752944,83.0625996,85.12426191,85.96978851,86.82373202,87.67929972
0.35,9664,2.9,1,5,1,6,0,0.064750284,0.214624487,0.38127467,0.908516834,1.621211457,2.54381488,2.973754186,3.436234982,3.931038776,3.931038776,4.121767626,4.565458,5.00377539,6.134587719,7.372816018,8.757385915,9.354995331,9.976209373,10.62185356,10.62185356,10.86040472,11.40504953,11.94124519,13.2929527,14.72056529,16.28958802,16.96131767,17.64752556,18.35021566,18.35021566,18.60902785,19.19735019,19.77563644,21.23357735,22.76508309,24.41518349,25.11511643,25.83562041,26.57084321,26.57084321,26.83854967,27.44511494,28.03867156,29.52387289,31.07775143,32.74476308,33.45160856,34.1816236,34.9296059,34.9296059,35.19731235,35.80387763,36.39743425,37.88263557,39.43651411,41.10352576,41.81037125,42.54038629,43.28836858,43.28836858,43.55607504,44.16264031,44.75619693,46.24139826,47.7952768,49.46228844,50.16913393,50.89914897,51.64713126,51.64713126,51.91483772,52.521403,53.11495962,54.60016094,56.15403948,57.82105113,58.52789662,59.25791166,60.00589395,60.00589395,60.27360041,60.88016568,61.4737223,62.95892363,64.51280216,66.17981381,66.8866593,67.61667434,68.36465663
0.35,9664,2.9,1,5,1,5,0,0.056929751,0.188046631,0.333974109,0.791219582,1.396376666,2.176048975,2.542072841,2.939905529,3.37339925,3.37339925,3.532580057,3.903943398,4.274182154,5.234437415,6.286438458,7.469203375,7.987662534,8.535481567,9.112032205,9.112032205,9.315968705,9.783423399,10.24918228,11.42510076,12.66492204,14.04181148,14.64096105,15.26513133,15.91375098,15.91375098,16.14209585,16.66034578,17.1718216,18.45641728,19.7990791,21.25904278,21.88633047,22.54245022,23.22542654,23.22542654,23.46250817,23.99792657,24.52817501,25.85276383,27.22377883,28.70820928,29.34482737,30.00664508,30.69733133,30.69733133,30.93441296,31.46983137,32.0000798,33.32466862,34.69568363,36.18011407,36.81673217,37.47854987,38.16923612,38.16923612,38.40631776,38.94173616,39.47198459,40.79657342,42.16758842,43.65201887,44.28863696,44.95045467,45.64114092,45.64114092,45.87822255,46.41364096,46.94388939,48.26847821,49.63949322,51.12392366,51.76054176,52.42235946,53.11304571,53.11304571,53.35012735,53.88554575,54.41579418,55.74038301,57.11139801,58.59582846,59.23244655,59.89426425,60.58495051
0.35,9664,2.9,1,5,1,4,0,0.049479995,0.163021727,0.287114182,0.665739929,1.157002185,1.784109401,2.081571764,2.412358349,2.779124103,2.779124103,2.909166417,3.214690009,3.52159593,4.313837729,5.170658817,6.142601935,6.572606035,7.034116961,7.532106037,7.532106037,7.700891868,8.089318414,8.47745389,9.460349804,10.49335861,11.63115968,12.12933229,12.65995146,13.22421986,13.22421986,13.41310854,13.84212231,14.26629187,15.33925009,16.461014,17.68403082,18.21540712,18.77511965,19.36931028,19.36931028,19.56645953,20.01597634,20.46095461,21.58068484,22.74609789,24.01042781,24.56010662,25.14110941,25.75771584,25.75771584,25.95486509,26.4043819,26.84936017,27.9690904,29.13450345,30.39883337,30.94851218,31.52951498,32.1461214,32.1461214,32.34327065,32.79278746,33.23776573,34.35749596,35.52290901,36.78723893,37.33691774,37.91792054,38.53452696,38.53452696,38.73167621,39.18119302,39.62617129,40.74590152,41.91131457,43.17564449,43.7253233,44.3063261,44.92293252,44.92293252,45.12008177,45.56959858,46.01457685,47.13430708,48.29972013,49.56405005,50.11372886,50.69473166,51.31133808
0.35,9664,2.9,1,5,1,3,0,0.042470908,0.13933757,0.244713775,0.562454632,0.977023796,1.505580605,1.754668899,2.034269808,2.352365892,2.352365892,2.459117446,2.70682697,2.95588944,3.59845186,4.304806815,5.111794152,5.47012667,5.860390181,6.292581933,6.292581933,6.434199402,6.75741573,7.079005459,7.897900665,8.769876797,9.741322974,10.16669623,10.6216676,11.11760204,11.11760204,11.27829747,11.64125169,12.0027732,12.91585116,13.86981696,14.90249876,15.34728734,15.81946433,16.33535182,16.33535182,16.50289178,16.8795918,17.2509689,18.18744286,19.16937586,20.23998038,20.70226466,21.19540287,21.73343435,21.73343435,21.90097431,22.27767434,22.64905143,23.58552539,24.56745839,25.63806292,26.10034719,26.59348541,27.13151689,27.13151689,27.29905685,27.67575687,28.04713397,28.98360792,29.96554092,31.03614545,31.49842972,31.99156794,32.52959942,32.52959942,32.69713938,33.07383941,33.4452165,34.38169046,35.36362346,36.43422799,36.89651226,37.38965047,37.92768195,37.92768195,38.09522191,38.47192194,38.84329903,39.77977299,40.76170599,41.83231052,42.29459479,42.78773301,43.32576449
0.35,9664,2.9,1,5,1,2,0,0.036404437,0.117703996,0.204722789,0.461967493,0.791797525,1.212913632,1.411254945,1.632567606,1.887355028,1.887355028,1.970493918,2.161303133,2.354886439,2.862005515,3.425363693,4.074968454,4.365686579,4.679891632,5.029591915,5.029591915,5.140755286,5.389347843,5.640803729,6.28606652,6.973401507,7.738089668,8.073242563,8.431722966,8.831238243,8.831238243,8.957393667,9.239648558,9.519844652,10.23279709,10.99579271,11.83670189,12.20395186,12.60003564,13.03833873,13.03833873,13.17348163,13.47569548,13.77641507,14.54000343,15.35526663,16.24565552,16.63255819,17.04847102,17.5069375,17.5069375,17.64208041,17.94429425,18.24501384,19.0086022,19.8238654,20.71425429,21.10115696,21.5170698,21.97553628,21.97553628,22.11067918,22.41289303,22.71361261,23.47720098,24.29246418,25.18285307,25.56975574,25.98566857,26.44413505,26.44413505,26.57927795,26.8814918,27.18221139,27.94579975,28.76106295,29.65145184,30.03835451,30.45426735,30.91273383,30.91273383,31.04787673,31.35009057,31.65081016,32.41439852,33.22966172,34.12005061,34.50695328,34.92286612,35.3813326
0.35,9664,2.9,1,5,1,1,0,0.03135071,0.100293452,0.173771693,0.385853269,0.648121775,0.982739282,1.141714878,1.319216553,1.52519865,1.52519865,1.590536707,1.73923283,1.891292583,2.285679423,2.716691363,3.211177462,3.434166773,3.677822514,3.955257997,3.955257997,4.042328786,4.2345073,4.426999321,4.921685251,5.450317289,6.047218935,6.313285039,6.599905048,6.921202473,6.921202473,7.020688081,7.239017202,7.456789875,8.01571602,8.610639358,9.274301753,9.569360506,9.88742616,10.24109046,10.24109046,10.34754004,10.58232682,10.81973857,11.42137133,12.05979789,12.77464017,13.08608998,13.4173987,13.78864772,13.78864772,13.89509731,14.12988408,14.36729584,14.9689286,15.60735516,16.32219744,16.63364725,16.96495597,17.33620499,17.33620499,17.44265458,17.67744135,17.91485311,18.51648587,19.15491242,19.8697547,20.18120452,20.51251323,20.88376226,20.88376226,20.99021184,21.22499861,21.46241037,22.06404313,22.70246969,23.41731197,23.72876178,24.0600705,24.43131952,24.43131952,24.53776911,24.77255588,25.00996764,25.6116004,26.25002695,26.96486924,27.27631905,27.60762777,27.97887679
