Enrichment,TD_Density,Irradiation_Vehicle,R,A,S,N_U-235,Radial_R,Axial_Z,0.0,1.0,3.0,5.0,10.0,15.0,20.0,22.0,24.0,25.0,25.001,26.0,28.0,30.0,35.0,40.0,45.0,47.0,49.0,50.0,50.001,51.0,53.0,55.0,60.0,65.0,70.0,72.0,74.0,75.0,75.001,76.0,78.0,80.0,85.0,90.0,95.0,97.0,99.0,100.0,100.001,101.0,103.0,105.0,110.0,115.0,120.0,122.0,124.0,125.0,125.001,126.0,128.0,130.0,135.0,140.0,145.0,147.0,149.0,150.0
0.35,9.864,VXF,1,1,1,7.7984e+19,401.32,-267.8115,17.1659154,20.1274307,20.4036961,21.2703722,22.2897999,24.1495105,26.6787593,27.6045498,30.158002,30.9273527,22.1842098,25.4624752,25.5859777,25.2191342,26.3635797,29.1395096,31.2890717,32.4372802,34.9465422,37.2561931,25.0804493,28.9357055,29.0432869,29.0370813,30.7911573,32.6429755,34.623769,36.1494953,37.774988,39.1094442,27.6815111,32.2139592,31.2937179,32.2232453,32.4394611,34.1373198,36.3954022,38.555439,39.728148,41.3943148,28.6523908,33.3141103,33.1864496,33.4146046,34.9932248,36.3235524,38.8371141,40.3585661,41.5008947,43.7447641,30.5720016,34.3890881,35.0090616,35.5265197,36.7209019,37.0544236,39.5460524,39.849762,42.1306225,44.0868636
0.35,9.864,VXF,1,1,2,7.7984e+19,401.32,-243.3115,19.3217265,22.3574809,22.8251347,23.6774936,25.4730291,27.6165992,31.8620557,33.0427404,35.4024651,37.314321,25.9568011,30.0308054,30.8379182,31.6277855,32.3734342,34.1071355,37.6166608,40.1821756,41.0254658,42.8577865,30.3135524,34.3629073,35.7109172,35.3374462,36.8359852,38.2080141,41.6382343,42.5443831,45.0542925,46.1097555,33.0440909,37.9140976,39.3052739,39.5029435,39.8029247,40.5560078,44.1012918,45.1647845,46.7073737,49.5814074,35.5321792,40.7083197,40.54577,40.8660394,41.48979,43.1290474,46.4613369,49.7099516,49.8907093,52.4045224,36.7157507,41.7695396,43.3707542,43.1896825,44.2556124,45.9368706,48.8845118,51.5134204,52.4331468,54.1908596
0.35,9.864,VXF,1,1,3,7.7984e+19,401.32,-218.8115,21.8465894,24.9624106,26.7257784,27.331196,29.7033622,33.867067,37.389544,39.5823444,41.8404364,42.907941,31.7374848,36.0395493,36.9006897,37.2002675,39.1055174,42.3919112,45.6104145,47.6466036,49.0871411,51.9670917,36.8969199,41.6667177,42.1336348,43.5047518,44.4760676,47.7895715,50.5419486,52.3322826,54.2661244,58.1369099,40.524621,46.7333243,46.8039874,47.2244871,48.2881627,50.558569,53.9656462,55.3717411,58.1354479,59.8622842,42.8472193,49.0063328,49.8541515,49.2415347,51.9097296,54.5886873,56.462042,57.442896,60.762136,63.3972024,44.9049219,51.2752907,51.8092437,51.0591517,52.4958196,55.529206,58.2063098,61.1147201,61.6339737,63.9515107
0.35,9.864,VXF,1,1,4,7.7984e+19,401.32,-194.3115,24.2838406,28.9781794,30.0872655,31.8564946,34.9284013,37.5669742,43.9046277,44.7760202,47.8176103,49.6147531,36.349841,42.517823,43.2358482,46.034326,45.2964677,49.7780777,54.2561707,55.2249851,57.7318232,57.8645838,44.1789608,50.6051717,51.4445023,53.7750787,52.9505128,55.0508282,59.3087562,60.6015817,62.8175863,65.5745233,48.2514991,54.7990542,55.4871143,55.4874982,58.6922565,59.4055658,63.236492,65.2167348,67.4036126,68.755962,50.995188,58.0612515,60.0380996,59.296691,60.1180035,62.5874444,66.2480771,68.2538584,71.1621368,72.2609669,52.8109282,61.3765183,61.2635516,61.3178868,63.3028166,63.6142219,67.6459244,68.7247089,71.2251593,72.9921714
0.35,9.864,VXF,1,1,5,7.7984e+19,401.32,-169.8115,27.4386621,32.5595903,34.4931764,34.9521749,38.0751019,42.0675222,47.9813463,52.5183439,54.1241258,56.1848121,42.4881463,49.5888659,51.1431034,50.3179805,52.0156825,54.8665903,59.3192068,62.7516735,65.2689778,66.1339909,49.9800434,59.1098195,58.7467531,58.4631481,59.3300142,63.3130391,69.4293287,69.8632989,71.8683466,75.0775199,55.4168263,64.3358424,64.0982357,64.5024294,65.0731984,68.6795765,72.1560255,74.7212599,77.3290116,78.5999056,58.9756866,68.645162,67.828622,67.0678223,68.9766121,70.4059068,74.7794828,77.8780296,80.1140903,81.7703078,60.2516156,68.936265,68.9589676,69.6379426,71.4015939,72.9753466,76.9582414,79.6856053,81.7251533,84.5970099
0.35,9.864,VXF,1,1,6,7.7984e+19,401.32,-145.3115,29.9584166,35.7662826,37.136994,38.8132329,42.7730497,48.62008,54.3209743,58.2223947,60.8203039,60.6517155,47.5782716,56.2810372,55.9681818,56.8066926,59.8938052,64.2299015,66.9486647,71.3554319,73.9828272,75.8589557,57.0489962,66.862616,67.2699253,67.3207748,68.0769027,71.8324707,76.8707127,78.8548429,80.612816,81.291785,62.9903106,72.7175287,73.0240259,73.0507406,73.9018065,76.7824604,80.6783933,82.902487,85.6890213,85.9262348,66.4488229,76.4676352,76.4266464,76.0563521,77.3605268,80.3182657,83.6700807,85.4677447,87.5545024,89.33645,68.8172773,79.8436153,78.4302138,78.8588514,79.7061955,82.5222014,86.3998312,88.844093,91.3720537,91.0865825
0.35,9.864,VXF,1,2,1,7.7984e+19,401.32,-67.85,35.9326432,43.3269263,45.7619614,47.1321734,54.0907001,61.1892852,68.5404209,71.9903488,74.671341,75.4451967,62.3294279,72.9517837,74.6592401,74.0896627,77.5457392,82.2264103,87.4950942,89.8406388,91.8549897,91.9573129,74.7658799,86.543349,87.0200962,86.6633874,87.1874299,90.6373265,93.6818285,95.6277912,97.5470329,99.2459501,78.8980293,91.3907616,91.4446938,92.1042823,92.8982243,96.6562638,100.241344,102.104197,104.242496,104.019256,82.1412443,97.254163,97.9209574,95.8510056,96.5214429,99.6958581,104.413852,106.461478,107.598601,108.405951,85.6428762,99.4933275,100.228007,99.7129757,100.003121,103.611368,107.104043,107.970957,109.808061,111.005908
0.35,9.864,VXF,1,2,2,7.7984e+19,401.32,-43.35,36.2818523,43.4380125,45.0325828,47.7080859,54.7479982,61.7929543,69.873925,71.5458477,76.6942112,75.8372025,62.6437081,74.1006364,75.3127224,74.444409,77.4439874,82.8133962,87.9262534,89.4650123,91.4092832,90.4716474,74.7107207,87.8283953,87.7159477,87.5987977,89.208855,92.5127345,96.0746209,98.9904646,100.472062,100.706406,81.2118779,95.2736397,96.3275496,94.509112,95.289884,98.6375944,101.070908,104.194938,106.903552,104.795306,85.1805403,100.018527,98.6373172,97.8749818,98.3514384,102.727332,104.014759,106.350142,109.568843,108.43488,87.3343571,100.09867,102.664648,101.958658,102.056268,103.151759,107.389018,109.080226,111.170644,110.861245
0.35,9.864,VXF,1,2,3,7.7984e+19,401.32,-18.85,36.6267634,44.5260149,46.5274976,49.3269283,55.2347276,63.0660474,70.845047,72.7308254,75.5970004,77.4259481,63.1304719,73.6247245,76.8559061,75.7601383,79.9046906,84.279724,88.203835,90.5190282,92.0527789,92.9218984,75.8958032,89.4968993,88.859791,89.0932204,90.404103,94.3891368,97.2810564,98.9458397,100.931584,102.549638,82.0514453,97.1727977,96.0923834,96.0538472,96.6579252,98.6736001,103.069666,103.656377,105.290306,107.361104,85.5251632,100.292197,102.040781,98.4963753,99.0858431,102.379169,106.639584,109.390445,109.777606,111.099312,88.8590789,103.73737,104.581371,104.015334,104.417106,105.703049,110.385476,110.376558,111.674312,111.36339
0.35,9.864,VXF,1,2,4,7.7984e+19,401.32,5.65,36.5941605,43.9676488,45.9120622,47.6798585,55.1373981,63.0995239,70.0787154,73.6774619,74.7953535,77.4990128,63.2736758,75.0483671,74.9353246,75.3779683,79.734752,84.4048127,87.7974538,91.2318555,91.8781876,92.6928156,75.5032094,87.8950803,87.3528127,88.3375551,89.4753797,93.6408904,97.8028409,99.0293448,101.276227,102.636936,81.7375044,96.1732488,95.3681022,94.1910933,95.6868362,98.9451124,103.356277,104.851083,106.926788,106.564013,85.3479861,99.8515077,100.205379,100.457134,99.6024668,104.961188,106.544866,108.094312,109.011461,110.713128,88.9283955,103.232183,102.386811,101.229559,103.464898,105.727582,110.992314,111.117249,112.989833,114.920012
0.35,9.864,VXF,1,2,5,7.7984e+19,401.32,30.15,36.0022946,43.4493885,44.710092,48.0644774,54.6500892,63.6586417,70.335518,73.6924465,75.8181376,75.5095459,62.8502264,73.7277417,74.3283444,77.1305805,77.2793898,83.0659828,87.8036228,90.9253127,92.575144,94.9926943,75.0176398,88.5051277,87.971314,87.5782454,89.0393534,93.8568785,98.2633714,99.1087488,103.141207,102.540555,81.3213442,95.1009199,95.4362202,95.4614634,95.7904243,100.726836,103.800898,104.870042,107.259927,107.319198,86.1805317,100.390029,100.543061,100.763034,99.7426479,104.34791,106.765889,108.44803,110.733991,111.074233,89.1720779,104.418578,103.954332,102.437148,105.659941,107.267134,109.420903,111.131234,111.989653,111.335426
0.35,9.864,VXF,1,2,6,7.7984e+19,401.32,54.65,35.9020996,42.6052403,45.7835484,47.7429229,53.8073785,61.0931393,70.881684,72.8417857,76.7369132,79.1369301,63.0022076,74.1122552,73.8161571,75.2706346,77.4793264,83.2542076,86.3639698,89.2485299,89.354446,91.7651668,73.5954624,84.9711863,85.4832501,85.680852,89.0512799,90.2637485,94.6318835,96.997299,98.7739189,99.1508407,80.2154266,93.5384283,94.0455106,93.4357551,93.3448705,96.1403456,100.538552,101.731698,104.600658,104.828233,84.8704137,97.2280557,98.7034135,96.7292585,98.0140417,101.440876,105.508785,105.340701,109.773465,108.671636,87.2786197,101.580755,100.154444,100.252248,100.282663,102.721833,106.885569,108.093898,110.21185,110.919017
0.35,9.864,VXF,1,3,1,7.7984e+19,401.32,132.111,31.0771034,37.2115018,38.9251339,39.6686526,46.1110348,51.858574,58.3387984,60.9851235,63.8552667,64.8172833,51.1747303,59.0138593,61.1695805,61.4649684,63.5240171,68.8822601,74.8965486,76.4738539,76.7340115,79.8716277,62.0112381,70.1487739,71.2926118,70.9269665,73.0278341,75.8482952,81.1274121,83.5451909,85.1866392,87.1987675,66.6741658,76.6116389,77.8050289,77.5041101,79.4013183,81.0491955,86.7700383,87.7681921,89.7454916,91.6211238,70.3303966,80.7643691,80.8895394,81.5881955,82.3238646,84.3370105,88.7393837,90.6800177,93.4062944,95.7689919,73.3523522,84.3025568,84.2878566,83.9064511,84.2084926,87.592282,90.408505,92.9463405,93.8348622,95.4827969
0.35,9.864,VXF,1,3,2,7.7984e+19,401.32,156.611,27.999511,33.5922079,34.2403957,34.9990983,39.2383423,45.3391478,49.3852299,53.4137915,56.2881893,56.4034408,44.0046174,51.1611473,51.4411521,52.6141244,54.3623643,58.6969163,63.5525337,66.0708959,69.0277176,71.234627,53.0444951,61.3095458,61.0332581,62.2355891,64.0426419,67.7191404,71.5105812,72.9048436,76.6390903,77.8320515,58.5718529,67.5119954,66.8848475,67.1541914,68.4867199,70.8167203,75.4413916,78.2146756,80.9017896,82.944295,61.9075032,70.6649901,70.6612029,69.89347,71.7292506,74.9614333,79.6170535,81.0960769,84.2350423,85.1529732,64.4222206,73.6091902,73.7368675,72.8947564,74.6144854,76.8882187,81.298687,83.8011104,85.1964501,88.7503794
0.35,9.864,VXF,1,3,3,7.7984e+19,401.32,181.111,25.0818547,29.421385,30.6574409,32.2991732,34.8976517,39.6872376,44.7929628,47.147937,48.7139511,52.1793425,38.4433128,45.6436036,46.1252284,45.0762627,48.4075149,50.836332,55.8915325,56.9414061,59.4839025,61.6352379,46.1585435,52.8141793,54.5421764,53.7729928,55.5890831,59.5630122,61.5472944,63.8259845,66.246251,68.2131743,50.547941,58.4868969,59.5206761,59.5744472,59.9983915,62.4267896,67.5749657,67.558715,71.6703079,71.7797934,54.1417509,61.4893735,62.5935759,62.3234489,63.5598875,65.4277472,68.9346855,70.0668391,72.6384766,74.3497195,56.1771602,63.9394825,64.9747916,64.3426798,66.9014467,68.2313953,70.957854,72.3155534,75.2491558,76.220705
0.35,9.864,VXF,1,3,4,7.7984e+19,401.32,205.611,23.3129505,25.8055112,27.9301156,27.4345123,30.2662851,33.7769665,37.8751737,40.0764371,42.5417757,43.7956708,32.5328306,37.6416599,38.5173653,38.962415,40.4744173,42.5790746,47.609143,48.8866662,49.9088728,52.0387509,39.2701293,45.2260961,45.2516246,45.7647088,46.6531699,49.1625281,52.8411003,54.9917163,55.12691,57.804156,43.2683784,48.4104943,50.486335,49.3165849,50.9076623,53.3303685,56.3443152,59.3107052,60.947528,62.2312749,46.0860066,51.2641676,52.4135782,52.6590627,53.7172304,54.8763305,57.9292068,61.4263106,62.4435941,63.8713869,46.9764638,53.7995147,53.8317233,54.2626389,55.2349662,57.3348342,61.6019327,62.3156059,65.0122863,67.5107641
0.35,9.864,VXF,1,3,5,7.7984e+19,401.32,230.111,20.1705224,22.6747545,23.1564996,24.57434,26.2782679,30.6152883,33.3646175,34.305579,36.8419656,38.4068473,28.1497589,31.5767039,32.9296834,32.935966,33.9539678,36.883126,39.7512704,39.9640184,43.202605,44.2738364,32.2524904,36.2640329,37.2781495,37.854299,38.6650598,40.5719457,44.8786318,45.2820767,48.220434,48.956292,35.6333761,40.4691399,40.3729291,41.2621907,42.3971003,44.6854358,47.1069713,48.0984028,50.8487603,52.2691418,37.7646026,42.5821631,43.0616702,42.7067601,44.062597,46.2774727,48.8172118,50.6896069,52.5624755,53.9821195,39.337503,43.9745125,44.5681001,44.7017203,46.2262459,48.2891711,51.4573818,52.2066323,54.5860689,56.1763143
0.35,9.864,VXF,1,3,6,7.7984e+19,401.32,254.611,18.0824582,20.5243305,20.3397553,20.8369558,22.1384273,24.4530558,26.63444,28.8145322,30.0441566,31.6312964,22.7761945,25.3975011,26.3933531,26.0050037,27.6209524,29.2965453,31.80335,33.5699502,35.3763437,37.205104,26.1232614,29.1946582,29.9636579,30.2446324,30.9733209,32.5688057,35.5894393,36.7274452,38.1960407,39.6348622,28.9792881,32.7454602,31.9680056,32.8096928,33.9366386,35.0022877,38.803348,39.8041846,41.6028368,43.2354402,30.7186281,36.119567,35.1837502,35.375037,35.4377688,37.5421059,39.7259772,41.7730001,43.7659977,44.8729095,32.2795606,36.2389771,36.4671575,36.5485594,37.6365071,39.4649346,41.3170907,43.0688304,44.7460452,45.3721219
0.35,9.864,VXF,2,1,1,7.7984e+19,387.505,-267.8115,19.1417659,22.6110254,23.0824966,23.6797114,24.6013324,29.2653333,31.2265519,33.2882788,34.6280057,36.3891472,25.4513414,29.3564118,30.4173449,30.0120206,31.4883402,33.9611017,37.7219319,39.0405096,40.9974048,42.9330227,29.8964277,35.1602902,34.7036228,34.6341752,35.2348881,38.6698314,40.6541059,41.9824179,44.1814562,46.7519934,32.1551643,36.3455256,37.1866736,38.0711984,38.5108376,40.1818289,42.4837631,44.0249715,46.7100775,48.6630547,33.5112213,38.638191,39.8086913,39.0604469,39.9851724,42.1508272,44.8874191,47.8902631,47.8719338,51.028739,35.3973277,40.7655918,41.1159272,40.9200202,41.8620053,44.7182821,45.9093694,48.4045544,49.6726523,52.0182311
0.35,9.864,VXF,2,1,2,7.7984e+19,387.505,-243.3115,21.5511601,25.7059387,26.0466103,27.3879989,30.28941,33.9107556,39.0672825,38.5718131,41.0167625,43.8778003,31.1903662,34.9958149,35.8809957,36.2329429,38.825094,41.7301662,45.04381,45.249936,48.4929873,51.5447616,36.0899698,41.0712092,42.5149899,42.4159135,44.1878932,45.3849622,50.3720977,51.3584531,53.3774666,56.392912,39.5156831,44.5484048,46.4023043,46.8359927,47.7714439,50.6392062,53.0590427,55.230491,57.4838044,59.7393393,41.7785585,47.9524481,48.3550152,48.3341741,48.8933599,52.0032049,54.4296377,57.021911,59.2591982,62.7311355,43.7226244,49.9808812,50.1226292,50.134567,50.8425701,54.2071829,56.8940036,58.7520969,61.3086468,63.8922764
0.35,9.864,VXF,2,1,3,7.7984e+19,387.505,-218.8115,24.7513165,29.3042399,30.143726,32.3538068,34.7577753,39.0995807,44.0202304,45.9538757,48.671424,51.5974001,37.5833262,44.5031939,45.0568161,44.3323118,46.2418724,50.5266452,54.5884873,55.5349088,59.3528843,62.4659666,45.0161209,51.6080819,51.7253667,52.1724819,53.4952088,55.6041122,61.1309265,63.0528565,64.6721388,69.821706,49.0511485,58.0130789,55.6478167,56.3417287,57.6391713,60.4442306,65.5460644,67.0480766,67.8546635,71.7374009,50.5057292,60.3319293,58.8203396,58.6090547,59.7008496,63.1375573,67.9523091,68.9736699,70.8346993,75.7300794,52.2624921,59.0674982,60.6533176,62.097659,61.8888694,64.3367919,68.7251284,71.2762414,73.9698676,77.2197726
0.35,9.864,VXF,2,1,4,7.7984e+19,387.505,-194.3115,28.2195335,33.6623391,34.4344426,35.9073216,39.0774677,45.2762093,52.4675096,53.5213016,57.9667452,57.4453576,43.4144492,50.4984457,50.8990112,51.5991643,55.6281971,59.42257,63.7204343,65.3816498,69.2111427,70.417352,52.036064,60.5075004,60.2780031,61.1622212,61.4275971,66.3409572,70.7604651,71.863373,76.0557889,76.5593706,56.1218169,66.0207874,65.0429853,64.9435945,66.0302159,70.0268955,75.3319453,75.5976736,80.5119132,81.8783113,59.1209164,68.7938728,68.6919478,69.8901223,69.579864,74.3621938,78.3043338,80.8845945,84.3439277,85.6466942,62.3036889,71.2825903,72.5374635,71.521703,72.1772114,76.2773227,80.5977313,82.7420384,85.7368991,88.0266284
0.35,9.864,VXF,2,1,5,7.7984e+19,387.505,-169.8115,30.8090606,37.443174,38.3837956,40.5068544,45.6820583,51.35967,58.6641614,62.1138218,65.3385742,66.3933943,50.2407837,59.2971258,59.182211,61.0971985,63.2142574,67.749315,73.4471046,75.5012346,79.0661927,80.5268673,60.514409,70.1919291,69.7138298,71.953347,71.7085371,76.2452701,81.7839022,83.7165509,86.1930181,89.4619442,65.3603385,78.0784992,76.6916919,77.4573009,79.4229155,82.0444737,87.4234499,88.5586325,91.5282106,93.6248159,70.1119304,80.3131798,80.4212269,80.3958919,82.6056087,86.1202435,89.6710834,92.6611168,94.9553395,97.8398464,71.1091976,82.9426162,83.6804636,82.9324362,84.7274945,87.7007486,91.1420111,94.452347,95.5263716,98.0074872
0.35,9.864,VXF,2,1,6,7.7984e+19,387.505,-145.3115,34.1020327,40.7440851,43.5474798,44.720155,52.2806143,58.8560326,66.1769141,69.8985715,73.461179,76.8789455,57.8283565,67.196865,68.273956,69.1169653,72.8886052,77.8995457,84.0291067,87.565805,90.2056366,91.9300162,70.2274945,81.9356892,81.620655,81.8092324,84.8731121,86.9665921,92.6434306,95.3042689,97.4929952,99.1499633,75.4232224,88.2943689,88.3701812,87.0822633,89.2232519,93.2170226,98.4277115,101.282018,102.697241,103.809813,78.545861,92.1593566,92.4888212,89.7129071,91.6114799,97.1564472,100.996418,102.250989,105.225283,106.176064,81.0927644,93.5672105,94.2021732,92.7758977,95.6615082,97.7455896,103.048618,104.856167,105.953519,108.576358
0.35,9.864,VXF,2,2,1,7.7984e+19,387.505,-67.85,41.8336392,50.132125,52.9779683,55.0849047,63.7559848,72.7877221,82.1214342,86.3284366,89.7684747,91.425275,73.7971518,87.5799227,88.0868576,88.6309068,91.8021106,96.8179663,104.294696,106.597472,109.537068,112.656924,89.0288061,105.543632,105.668685,103.248255,103.922719,109.47656,114.105027,116.670264,118.485304,119.194513,94.7309361,113.140238,111.768376,109.364021,111.269172,114.421804,119.825148,122.039049,123.98819,124.933065,100.256594,117.212473,116.066219,115.131842,115.515496,117.676325,123.222522,124.523848,125.578521,128.905995,100.810312,118.378792,118.856094,115.817708,117.883892,120.332735,124.686547,126.679303,128.653211,129.772412
0.35,9.864,VXF,2,2,2,7.7984e+19,387.505,-43.35,40.8525507,51.4463598,53.9598088,55.5065582,63.2267619,74.3315677,83.50417,88.1536968,91.7171075,91.3557819,75.9344665,89.3283477,91.7340173,89.8293807,92.4321367,98.8555961,105.768138,106.864838,109.921091,110.044274,89.3349128,105.547889,105.380854,106.144588,106.005054,109.626909,116.975201,117.371784,120.306207,119.236033,97.167279,113.975032,113.434061,112.841975,114.36513,116.873739,122.240956,125.567918,125.681178,125.967861,99.8019865,118.371422,118.360504,117.04138,118.484913,122.207929,126.50124,127.39435,130.716193,127.870776,101.758853,121.776176,119.681991,118.682804,119.596067,122.910469,127.145156,128.189832,129.404114,129.075261
0.35,9.864,VXF,2,2,3,7.7984e+19,387.505,-18.85,41.9048182,50.5486059,54.2016625,55.7834676,64.8676105,74.535875,85.5939065,87.7811624,91.2862427,92.6746675,76.9022454,92.2577601,91.7897047,93.0335226,95.7495454,100.494509,107.77449,110.331389,112.356845,110.854549,91.8890378,108.815111,107.458053,106.378244,108.917584,113.731332,116.916265,118.477408,120.28089,120.337115,97.6012428,115.452562,115.169908,112.737787,115.91707,119.29448,124.142271,124.594365,127.541779,125.605027,103.285226,121.652042,120.29605,117.997885,120.229272,123.165042,126.889309,128.480099,128.958911,130.201241,103.842835,121.564688,124.248805,119.913195,121.843333,124.949536,130.158228,130.657274,132.243469,133.202341
0.35,9.864,VXF,2,2,4,7.7984e+19,387.505,5.65,41.9149823,53.1437495,53.2097078,56.5194553,64.9265619,74.801188,86.1776458,89.0102429,94.376579,92.0129884,77.4047568,91.9443505,92.1039111,92.2683322,95.27273,101.096115,107.202357,110.030614,113.031787,111.626703,92.4570362,107.081955,108.389448,107.657916,107.920204,112.871559,117.785315,120.558789,123.241951,123.234304,98.9768939,117.643493,116.695798,115.787153,117.042162,121.136867,124.780644,126.415772,127.817586,128.401539,102.247468,122.964306,120.969056,120.456387,120.465688,123.67919,129.427445,129.007012,131.900138,132.279354,104.992697,125.939531,122.832447,122.655648,121.530881,125.828261,129.264309,132.228129,133.641257,133.016359
0.35,9.864,VXF,2,2,5,7.7984e+19,387.505,30.15,41.5858017,49.8412898,54.2489353,55.7475446,64.3167567,73.5563771,83.5789592,87.0628477,91.4962038,92.2481806,74.7412224,90.1589566,89.1641809,91.4133461,93.4673816,98.2316349,104.513459,108.419148,109.647338,111.617449,89.7750507,107.746431,105.775193,106.291735,108.912974,110.667368,116.807962,119.911044,122.460322,120.994764,98.3514249,116.509301,114.870276,113.066044,114.94377,117.954909,123.276461,125.094476,128.064747,126.39352,100.900505,120.687771,119.200827,118.669716,119.269021,123.022874,126.166945,126.583328,129.418109,130.795287,104.323067,121.704842,122.254856,120.19242,120.998132,123.997003,128.251277,132.248854,133.994741,134.837303
0.35,9.864,VXF,2,2,6,7.7984e+19,387.505,54.65,40.8660515,50.3083579,51.5180858,54.513414,63.8769657,73.9600199,82.6775499,85.2779893,88.4056034,91.4323743,73.983701,86.4823127,89.1893861,88.3318911,90.0618532,96.3040676,101.288319,103.669637,106.407561,107.452239,86.4519108,101.368917,102.861483,100.625807,104.942017,108.331978,113.015518,115.164082,119.195265,119.545307,95.2985904,112.312245,110.896601,111.57511,112.396988,114.988527,120.494817,123.714482,122.854026,123.887439,99.1576898,115.582471,115.536931,114.406523,113.66377,118.501108,122.974822,125.74736,126.304441,126.389084,101.167194,118.373427,118.015784,117.139766,118.457884,120.41443,126.078013,127.973167,130.542379,130.805934
0.35,9.864,VXF,2,3,1,7.7984e+19,387.505,132.111,36.0226695,42.3965984,44.6199855,47.003733,53.8935068,61.6339229,70.9980689,73.4971978,76.2503324,79.5734735,62.5621219,71.7822263,74.4153303,72.9020841,77.8723752,82.4471778,87.444729,90.8729994,94.7448662,96.1828034,73.506444,84.6323444,85.6685051,86.3786703,87.4353292,89.5917572,96.8856055,98.0872977,101.324032,102.545158,79.3679535,89.8086684,92.1125136,90.4624178,92.7139745,94.8385068,101.894014,104.17833,107.740565,110.771199,83.0421893,94.3764168,96.0632313,95.794177,96.9885398,101.291611,106.068564,108.535316,111.765462,113.117295,85.3166813,98.2884587,98.0980308,98.6187114,99.8894642,103.034702,107.633968,111.072463,113.52457,114.944201
0.35,9.864,VXF,2,3,2,7.7984e+19,387.505,156.611,31.6604603,37.2320977,38.2023854,40.5402158,47.3811577,53.8354528,60.1464971,64.1606118,67.7339595,69.1334725,53.0864832,60.2499639,61.2348912,61.7988872,64.6392384,71.0681861,76.1663622,79.2545166,82.346667,83.814319,63.0469676,71.8388569,72.4818944,72.4085966,75.8884166,79.8045254,85.5209178,86.9797417,89.4788557,91.9665333,68.2982218,78.2021068,78.368523,79.2424866,81.474702,85.3217771,91.2823635,94.368417,95.6244647,98.187246,71.6519693,85.6044075,83.364126,83.529756,85.0114434,90.4900179,94.3868168,96.1343074,99.0623594,102.842116,74.9712503,86.9196925,86.0030051,86.8289406,87.5481443,90.4310724,95.0946912,98.9243382,101.492352,102.35889
0.35,9.864,VXF,2,3,3,7.7984e+19,387.505,181.111,28.678058,34.265535,34.8929687,37.0811138,41.2301437,45.2621068,53.4913444,56.3941478,59.5378825,63.0572449,46.052896,53.0024764,55.0024483,55.2448211,57.2111641,61.6702981,66.6643488,69.8337311,71.9595356,75.5904414,55.1168557,63.5998689,64.2994045,63.5338579,66.1955785,71.0027633,74.6712919,78.1940981,80.5016703,81.0620141,61.6609509,69.2526794,69.3455824,70.0197046,71.0252869,73.4832401,78.2229125,81.5820374,85.4499251,87.0128297,63.8637649,73.6325175,73.5797067,73.2280533,73.9147257,77.6656961,82.5193364,85.1521585,86.2554828,89.8456474,64.9936913,75.0847477,74.9824722,74.4963434,77.0456856,78.4289102,83.7173751,85.7243613,90.5694518,91.450346
0.35,9.864,VXF,2,3,4,7.7984e+19,387.505,205.611,25.4974973,30.365899,30.266241,32.3179404,35.5911646,39.9298844,44.5166965,47.2922587,51.0843868,53.0114302,38.3621026,44.9725012,44.9654339,45.1026937,47.4267313,50.9783234,55.5094128,58.8789601,61.3038906,64.4518223,45.6900398,53.0700374,54.205756,53.338582,54.9031736,57.8497075,62.2116691,65.3279195,68.3084925,70.463887,50.5221712,58.536352,59.0990565,57.9198475,60.3308068,63.6062657,66.5447834,70.0281085,72.4786388,74.4266114,53.9380508,62.0848794,61.8211522,62.8773842,64.3931005,64.5539039,69.578192,73.715481,75.0109143,77.3102422,55.5997754,63.5682864,63.8521991,64.7148982,64.5657267,67.4828445,71.6089384,74.4222526,77.4426489,79.5580177
0.35,9.864,VXF,2,3,5,7.7984e+19,387.505,230.111,22.6168715,26.1387967,26.7844015,27.3462191,30.1920089,33.2921485,38.6597905,39.6435597,44.2564041,45.0724682,32.618371,36.9339651,38.7016408,38.4184385,39.6380147,43.0208609,47.4199507,48.3407782,52.1684095,53.4814668,37.6357953,42.9820358,44.2882534,45.0619523,45.41536,48.67477,52.0486261,54.9533447,56.8580633,60.4399576,41.6767119,47.2572006,49.3236465,47.6938268,48.1283743,51.6212744,54.8446263,56.6296503,59.7409866,62.7773073,44.3714453,49.8042611,52.5289976,51.0754872,51.155419,55.1187655,58.0485072,59.4493484,64.1263155,64.8625014,46.4221819,51.9407581,53.0511442,51.7380573,54.074475,56.5265717,59.4795601,60.5584802,64.8224843,66.7737207
0.35,9.864,VXF,2,3,6,7.7984e+19,387.505,254.611,19.5902436,23.525377,23.5960334,24.8335848,26.1704699,28.4138336,31.2294481,34.3029292,36.7318187,37.3675064,26.7479625,29.9950328,31.1931899,31.3215822,32.4042002,34.0846629,37.3020187,39.5739306,41.5749522,43.0194219,31.2397776,35.203884,35.4573438,36.2109933,36.4773876,38.0456042,42.1203718,44.7538176,47.2619942,49.0458168,34.4340188,38.9893523,40.0923441,38.1995229,40.1802261,41.6360472,44.8118736,46.5302247,49.2997323,50.647228,36.208794,40.4109855,40.5047105,40.8319095,42.2902425,43.6998256,47.1147384,48.7395701,51.3206527,53.265165,37.6947884,42.4814524,42.460959,42.1916326,44.476854,45.3061372,48.2207425,50.3750527,53.8110572,54.5433668
0.35,9.864,VXF,3,1,1,7.7984e+19,387.505,-267.8115,19.1088752,22.2158179,22.9268252,23.7662464,24.6979005,28.8066506,31.5601485,32.5493133,35.2923998,37.4505412,25.5628034,29.2704649,29.9650496,30.9209907,31.1456663,33.2992242,37.4794454,38.7393248,41.0510267,42.0796441,29.1046064,34.4421745,33.8020785,33.7889723,35.1938024,37.5512063,41.1638451,40.9744633,44.2548849,45.967256,31.8702272,36.5829535,38.2367029,37.9892844,37.8056839,39.5385734,43.0422982,44.2628062,45.7103097,47.7365641,33.7860282,38.1747744,39.4926996,39.1950572,39.3301357,40.8770818,44.8465472,46.1115319,47.7748833,49.7672357,34.2278001,39.1058464,39.77736,40.2738504,40.0360189,42.6796106,46.4121641,47.4783534,50.7946238,51.581511
0.35,9.864,VXF,3,1,2,7.7984e+19,387.505,-243.3115,21.7159148,24.7670238,26.5498093,26.7851559,29.6365672,32.7357943,37.1915468,39.5267705,41.323963,43.3969241,30.5576202,34.3406993,35.7370805,35.8840989,38.5291548,40.7016665,44.227052,45.8965693,48.4805927,50.958095,35.5617661,40.5378596,42.0362816,41.9336646,44.2286506,45.8269187,49.2288022,49.6549865,52.9113992,55.7359915,38.6068098,44.3859613,45.2375013,45.5586904,46.0008648,48.9381269,53.1259561,54.5133738,57.2251124,59.8067994,41.4741362,47.9180889,48.0229007,49.0272942,49.2294336,53.177403,55.4133277,58.9909524,60.4588021,62.8211278,43.3725829,49.6786517,50.3802137,49.5094974,51.5980806,53.0873236,58.3676653,59.3659523,62.6496312,64.3063754
0.35,9.864,VXF,3,1,3,7.7984e+19,387.505,-218.8115,25.0369213,28.2853382,29.6380836,30.5514696,34.0948871,38.5330913,43.664713,46.1433482,48.628424,50.6890873,36.6671564,41.8572026,43.4583341,43.4257215,47.1523775,49.3261405,53.98012,56.9211504,60.2201741,60.9955159,43.8704386,49.998574,50.4877266,50.857219,52.8544926,55.9086127,60.2036885,61.9614015,65.766798,67.7024639,47.6766636,54.269983,55.58244,54.6017254,56.6779797,59.2719834,63.0384977,65.6031788,70.1710106,71.2532334,50.8399456,56.9281445,58.096312,58.0712326,60.0656429,61.3213127,66.8108045,69.0741332,71.4518905,73.7923222,51.7057791,59.5612501,59.9779594,60.0829116,63.4824707,64.4576293,67.9523546,70.5956591,72.1057813,76.8188929
0.35,9.864,VXF,3,1,4,7.7984e+19,387.505,-194.3115,27.4598297,33.1577666,33.9847726,35.4861461,38.5592604,43.4181822,49.9264186,53.2976932,55.9883575,57.7175528,42.0322272,50.1230003,50.0714306,50.4358061,53.4041856,56.8739534,62.7205597,64.887596,68.3704988,70.8821512,51.5899486,59.5794354,59.0887685,61.2519722,60.2092121,65.0131345,70.1111036,73.7100858,74.3262104,77.7112205,55.9550331,64.8857314,64.8051579,65.6003326,66.2998913,70.1495744,75.1387824,75.3747087,79.3891186,81.0705629,59.018943,68.1119324,68.7220484,67.7998212,69.3999072,73.0310823,79.2944085,80.6633937,81.5683579,84.3729883,61.0013549,71.7091579,70.030167,71.1652783,73.3712857,74.1672157,79.0421677,82.130231,84.2193781,87.5975971
0.35,9.864,VXF,3,1,5,7.7984e+19,387.505,-169.8115,30.7945416,36.6121175,38.6189353,38.9655731,44.2517322,50.3553347,56.9372919,60.5742653,63.4891988,65.5293976,49.4563439,57.6994222,58.9834994,58.8160301,61.7572958,66.1308797,73.3020952,75.6930987,79.0978383,82.1118459,60.7001396,69.2459133,70.3506634,70.0312534,71.6292046,76.2323454,82.1292731,81.891183,86.3660772,88.1095603,65.3728973,75.3062725,74.8596763,75.1346682,77.7708586,80.289948,84.4550108,87.5064255,90.7437039,93.0575058,68.4092947,79.491514,78.7912918,78.78308,81.2204024,83.6473323,88.6827441,89.9585423,92.9926359,96.1979321,70.9711049,83.0088373,81.541455,82.7742791,82.8382018,87.8071385,91.4554976,92.9906797,95.9423271,97.958697
0.35,9.864,VXF,3,1,6,7.7984e+19,387.505,-145.3115,33.6889944,40.2469354,41.8970577,43.6454283,49.3107147,56.6845791,64.250138,67.9057443,71.2470144,73.6002142,56.9368061,66.262256,66.9711537,67.4935382,70.1837433,77.1925891,81.4116417,84.0871985,88.7863145,89.4805389,67.3094085,80.0895624,79.6760103,79.5309566,81.2865585,85.5326217,91.7100626,93.5056822,96.4210079,96.2372106,73.1486633,85.5330164,85.3533033,84.6441594,87.0843226,90.2690017,95.3133955,96.9197031,100.777224,102.143922,76.570463,89.7026551,89.716475,88.9162167,91.0007033,93.0846832,99.4590461,101.772696,104.591122,104.657398,80.6179436,92.4143988,92.3852331,91.8939224,94.2735461,96.698422,101.417785,103.334071,105.24209,107.750742
0.35,9.864,VXF,3,2,1,7.7984e+19,387.505,-67.85,41.0936582,50.0431296,52.04345,54.4651873,63.0152635,72.7327805,81.2308009,84.0580009,89.1207541,89.5175066,73.9109148,86.7954048,87.6260428,88.4872656,91.8300669,96.2590625,102.071898,103.844232,108.130543,108.312028,87.1019254,100.424932,102.557852,100.835532,105.294861,108.73079,113.868921,115.99266,119.037207,118.815614,95.3916945,111.758169,109.89301,108.929261,110.943649,115.363009,118.448252,121.433301,123.185589,121.970452,98.8066193,114.297488,115.33501,114.206996,114.445588,118.305716,122.992323,124.093555,127.256599,127.05751,101.056363,118.810707,118.179715,116.637792,118.631335,120.989908,127.530884,127.195947,130.014828,129.645792
0.35,9.864,VXF,3,2,2,7.7984e+19,387.505,-43.35,41.3907876,51.3863102,52.6174073,55.4677084,65.7396025,75.4082634,84.055386,88.0076087,89.3636726,91.5197068,74.5321937,89.7607989,89.9058334,89.6585411,92.7302023,100.821242,104.993938,107.357809,110.109093,110.972669,89.8071166,105.787435,105.635338,105.591626,106.49068,112.56009,117.074701,117.911975,119.390928,119.650517,95.8901163,113.470888,113.898154,111.805025,114.598571,117.236662,122.099729,124.574443,124.473385,123.676346,101.28038,118.968902,117.964863,117.048567,118.889298,122.639242,124.912397,126.993449,127.098418,127.916494,103.184791,121.631783,120.785229,121.247273,120.199215,124.551473,127.395725,126.969572,129.843042,129.262033
0.35,9.864,VXF,3,2,3,7.7984e+19,387.505,-18.85,41.9670844,52.0325533,54.7895255,57.2988474,67.6488054,75.5182809,85.8873655,90.2721964,92.8609562,93.7296239,77.7936665,91.4209242,91.1933494,90.8104689,95.0660105,100.868127,106.733533,110.140811,112.366967,112.563719,92.7242593,108.523168,107.992826,107.227264,110.025423,114.136955,118.636643,120.423243,123.362728,122.626065,99.53494,116.525461,116.590783,114.976891,117.521864,120.36969,125.09849,125.894351,126.772254,128.06621,102.428197,121.239938,121.145847,119.440439,118.484209,122.337714,126.82617,127.845341,129.545749,130.418412,104.907587,123.024909,122.266259,122.442409,122.114561,124.133503,129.474037,130.822092,132.450922,130.646123
0.35,9.864,VXF,3,2,4,7.7984e+19,387.505,5.65,42.3866613,50.5995647,53.6034615,56.3882803,65.2753056,76.0129006,84.5363652,88.5958115,90.8893713,93.3001829,77.3306213,90.4756876,92.4743109,92.5316306,96.7250845,101.631072,108.299643,110.209942,112.077245,112.636605,91.5771265,109.654421,108.470948,108.683929,108.568243,113.860466,118.141918,121.077318,122.604782,123.536602,99.5933271,117.770435,117.029604,116.030236,115.057974,119.643805,123.661945,126.544669,127.928834,128.386994,102.278073,120.498281,120.77574,118.438294,118.759608,122.618754,126.182707,126.702109,129.636817,129.569969,104.414109,122.194465,121.820662,122.988646,122.182441,124.96271,128.90433,132.412415,132.643089,132.16752
0.35,9.864,VXF,3,2,5,7.7984e+19,387.505,30.15,41.4344753,51.142362,53.4856162,55.4344519,65.0255622,74.3275354,84.0440905,87.3509736,90.7788663,91.4547527,76.0849336,91.7707647,90.4272604,90.1780907,93.615828,99.6102561,105.197433,107.93963,110.001493,109.560017,89.3833371,105.828109,105.819213,105.292224,108.444727,112.234993,116.767498,119.538758,120.682775,120.896583,99.0192212,115.929097,116.021374,113.483286,115.677224,117.486497,122.929863,124.122478,125.838705,125.751272,101.537335,119.931518,119.410972,119.11356,118.162354,120.14,125.268405,126.681518,129.878232,128.745609,104.358344,122.345031,122.470961,122.516598,121.47593,124.436415,127.846193,130.598244,132.708447,131.173728
0.35,9.864,VXF,3,2,6,7.7984e+19,387.505,54.65,40.5452227,49.6922954,51.5314206,53.8788939,62.6755011,76.1428391,84.9734796,87.1803075,91.0719063,91.1864388,74.8898819,87.6739982,89.3651345,88.7141465,93.0213464,99.3825722,106.106061,108.116606,109.677644,109.659278,89.0092403,102.685868,102.709401,103.522719,105.018355,108.297406,114.820542,117.560518,118.51548,118.342728,95.1518297,110.357707,112.729066,110.409354,111.703876,114.494904,119.661576,120.729778,122.860569,122.848725,98.7476805,116.030912,115.513598,114.714384,114.471655,120.551636,123.859612,124.039508,127.318692,126.273951,101.376791,118.461249,118.695074,116.616705,118.20421,120.831154,125.815271,126.194721,128.167894,128.821989
0.35,9.864,VXF,3,3,1,7.7984e+19,387.505,132.111,35.5087366,42.0684576,43.7762531,45.2445051,52.7250049,61.1594082,70.169063,73.1403731,77.7129859,78.7656811,60.8251356,71.3491204,71.185254,71.5037117,76.2268251,82.7045391,88.8188476,90.4091896,95.1855374,95.3847124,72.8361196,84.6126059,84.8478262,85.762408,87.2588517,91.5324414,97.9450216,99.5920597,104.247187,105.329164,80.0403857,90.9086226,92.7201191,91.7475898,92.9761296,96.1004252,103.245596,104.989084,108.001812,110.64211,83.4132913,95.2551076,96.1754909,96.8752669,97.3573757,100.254077,106.496562,107.559825,111.482538,112.056261,84.1896969,98.6620825,97.4131871,97.5252812,98.2524687,101.688814,108.848704,110.168625,111.303374,112.759114
0.35,9.864,VXF,3,3,2,7.7984e+19,387.505,156.611,31.4606025,37.4757541,39.1724561,41.2874052,46.1514082,52.3397217,59.6513458,63.027477,67.9942161,68.3898936,52.3384976,59.8326827,62.1464219,64.0046458,65.9296771,69.8262008,75.6532989,77.5511979,81.9220698,82.7406454,61.7264729,70.610465,72.1964312,72.630251,73.8167097,78.7515499,84.1469443,87.063873,90.0509014,91.5283051,68.109562,77.8804872,78.9785575,78.1994032,80.3241892,83.0686813,88.2079912,90.7242732,94.1004963,94.4278424,71.5423766,82.6716958,81.5587114,82.1037473,83.8915867,87.1873831,93.0649173,94.9202405,98.2982848,98.4835003,74.5935427,85.8019505,86.4259306,85.8943039,87.9507041,90.4721997,95.6727699,95.8549198,100.527713,101.506321
0.35,9.864,VXF,3,3,3,7.7984e+19,387.505,181.111,28.5269993,35.3104574,34.7831445,36.3086989,40.5115365,46.0382329,52.1744331,55.338047,57.3823869,60.4915792,44.8553509,52.1940602,52.7442472,53.3213281,56.2140759,60.0969263,65.7728718,68.5572762,70.4602898,73.9330479,54.4339299,63.1041174,62.891566,63.6192104,65.6307295,69.1370694,74.5373251,76.9638615,78.5879136,81.0357944,58.803469,68.9211842,68.8847983,68.7890911,70.0392169,73.7642276,78.0860545,80.5696118,83.0820335,85.7074134,62.2809794,72.1569661,72.1929673,71.8539587,73.6706837,76.5445876,80.9361621,83.3966132,85.935385,88.0926011,64.795861,74.4498711,74.7416597,73.3850334,76.5473293,78.0425689,82.9705645,86.5692115,88.0201661,92.1356096
0.35,9.864,VXF,3,3,4,7.7984e+19,387.505,205.611,25.5307069,29.236541,30.5182908,32.1221383,35.3949711,39.2734622,45.0380491,48.4755208,52.2298041,51.3338002,38.426846,43.7163504,45.0284934,44.7441313,47.2861632,50.5740474,55.7499536,59.6344019,61.8427136,62.9443431,45.765476,52.7884897,53.2715244,54.0036393,54.9269452,58.4227994,62.5305289,65.071524,68.141733,69.9204212,50.8180521,57.2175473,57.8795789,57.4680268,60.6124781,63.2705737,67.0858174,69.4767235,72.7877222,74.7966071,53.1326195,60.518309,61.8711947,62.317326,63.3878458,66.1147604,68.8151767,71.7469744,75.1566177,77.1357808,55.8494956,62.6058051,64.0099795,64.7554407,65.6806465,67.6207549,72.4565133,74.3081971,77.9157712,79.3393927
0.35,9.864,VXF,3,3,5,7.7984e+19,387.505,230.111,21.9749581,26.2699244,26.8665558,27.1311876,30.4391432,33.1327077,37.0987082,39.104903,42.1241766,44.3892368,31.8792884,36.2129947,36.905092,37.6500044,39.6446339,41.9757927,46.4377798,47.8546979,50.9032195,52.8462249,37.7183414,43.6476688,43.4505987,44.6001006,44.3454542,46.97768,50.5491355,53.3785005,55.0549995,58.1697914,41.5505393,47.3075899,47.1793797,48.3777594,48.6285645,51.2000332,54.6776406,57.1769904,60.6241213,62.6587696,44.3874667,50.2055079,50.9953749,50.8403154,51.636074,53.6566454,57.7200378,60.2715862,63.1321094,64.2737848,46.3589922,52.1508449,52.3635967,52.7290814,53.2374024,55.3897987,59.846865,63.4918246,65.1119163,66.9341313
0.35,9.864,VXF,3,3,6,7.7984e+19,387.505,254.611,19.4323169,21.9207501,22.6939829,23.3418565,25.1050256,27.7832594,31.3290301,33.8208018,35.2012442,37.7850509,26.0747021,29.4994551,29.9121018,31.641733,32.0681156,34.9295315,37.3153122,40.0803709,42.202722,44.9157065,30.9159162,34.4297499,34.8197288,36.2994687,35.4484794,38.8669923,42.0061324,43.5402865,45.97867,48.7269336,33.4700046,37.2664713,37.8204421,38.3295105,39.4677042,41.1584151,45.1492246,47.5522864,48.5302172,51.6436708,36.0418241,40.2966001,39.8796245,40.2568299,42.4284069,44.2240119,46.1494842,47.6657263,49.6354291,52.8968936,37.1598219,40.8264275,41.3079819,42.0096505,43.0380766,45.2570345,46.992248,49.5076778,51.5031659,54.5265089
