Enrichment,TD_Density,Irradiation_Vehicle,R,A,S,N_U-235,Radial_R,Axial_Z,0.0,1.0,3.0,5.0,10.0,15.0,20.0,22.0,24.0,25.0,25.001,26.0,28.0,30.0,35.0,40.0,45.0,47.0,49.0,50.0,50.001,51.0,53.0,55.0,60.0,65.0,70.0,72.0,74.0,75.0,75.001,76.0,78.0,80.0,85.0,90.0,95.0,97.0,99.0,100.0
5.0,,RB,1,1,1,,260.3889,-245.8115,226.915332,276.844183,281.676451,282.531415,290.810533,305.234558,357.3744,372.561241,402.695397,457.840582,205.263819,242.904267,249.948918,256.195519,259.514406,283.216194,316.946685,331.025445,358.917763,415.404667,180.493427,217.58204,223.376865,224.894186,240.066253,248.972565,278.489734,295.892192,313.560192,364.135652,165.785107,200.403532,211.274585,204.644393,207.90081,228.467893,259.715074,272.983388,293.055476,328.628849
5.0,,RB,1,1,2,,260.3889,-221.3115,254.14289,317.459527,330.484068,340.603468,347.378182,364.007402,396.404394,421.692772,465.496714,519.951788,232.383387,282.747951,302.13433,299.459516,311.236171,330.978703,357.617356,375.04494,427.241086,481.522197,206.471909,254.085276,266.566966,260.522315,280.113047,298.386197,324.899025,345.308772,380.883294,420.897756,187.188815,229.552579,237.059835,236.853369,255.323153,269.973241,294.156339,308.739884,335.527362,379.956706
5.0,,RB,1,1,3,,260.3889,-196.8115,298.165684,375.671221,399.320966,403.805562,407.483934,423.905509,464.170246,494.848231,542.887841,587.208264,261.264214,333.677791,358.669128,348.46807,363.300203,369.202389,416.94902,427.412593,468.224768,504.154767,233.849333,296.037196,306.298779,305.80818,307.598467,328.353293,356.158397,381.895719,414.244094,449.345519,206.783507,265.639025,278.234191,274.785774,274.322479,293.021706,317.682514,341.53946,365.679255,405.351593
5.0,,RB,1,1,4,,260.3889,-172.3115,347.614231,450.056075,473.285682,462.411171,477.956669,491.427612,540.843961,567.463018,598.854093,626.163832,305.693949,392.417978,392.988362,398.043348,404.266946,423.151101,465.681422,481.662935,524.773043,541.464703,258.039776,339.747675,344.816892,351.51201,350.095687,363.838231,407.925103,425.886277,446.797729,469.167457,227.352924,302.934936,302.691695,303.368101,315.96978,332.055038,361.112684,379.507283,410.358553,420.114293
5.0,,RB,1,1,5,,260.3889,-147.8115,409.991,529.897482,538.155862,540.749054,536.941054,563.080544,631.63391,648.874263,661.446343,671.701017,340.430168,440.961971,449.034038,445.125366,447.011275,474.209143,511.784738,534.525325,553.923684,546.788161,287.34019,376.646197,380.093941,372.204653,379.269891,413.443417,456.069141,459.887802,484.776261,484.372668,255.779392,333.589426,335.937284,335.135325,337.277287,358.250859,389.931435,402.26928,413.301798,431.256075
5.0,,RB,1,1,6,,260.3889,-123.3115,479.823766,600.393232,608.089798,626.081734,628.534249,663.252658,678.009466,706.055273,702.964209,707.276976,384.714456,493.391927,517.048611,504.873188,504.388099,522.111164,558.208616,559.7282,558.824342,580.459799,328.577244,414.887782,417.375496,415.860967,423.933529,441.718629,485.641433,489.444302,493.081296,502.390314,285.133234,364.364901,378.042214,362.166069,371.666522,395.844653,428.146159,431.090101,436.497337,443.295531
5.0,,RB,1,2,1,,260.3889,-45.85,619.081089,868.657504,879.983967,877.51246,825.75221,804.934404,766.352765,762.344265,751.319823,732.247846,471.878063,643.71473,653.956201,641.140815,624.548096,612.572401,608.073222,592.247641,587.798622,576.351992,384.892903,523.062565,519.051967,515.224623,502.357356,502.201958,503.150487,492.857884,491.978314,484.969376,332.177565,440.088259,445.324845,440.549373,433.335595,449.857107,458.700269,445.426971,459.27704,454.549787
5.0,,RB,1,2,2,,260.3889,-21.35,634.032077,903.630278,892.814226,884.870332,842.516585,808.241432,799.952131,789.752388,758.755263,759.147595,490.712464,679.546201,682.303668,657.65723,629.909254,602.64768,607.72902,588.645353,584.280691,578.490187,393.419913,540.09777,545.499212,523.590737,511.420017,503.262838,500.179043,499.656759,496.868863,487.37907,343.374844,472.045576,472.986392,455.065104,436.380693,458.240078,457.71822,459.814985,457.971325,461.675198
5.0,,RB,1,2,3,,260.3889,3.15,627.107918,894.542953,907.24135,881.572998,850.796555,831.329943,794.30987,792.82389,773.277873,758.482956,492.472829,675.837989,693.192711,665.755414,640.370235,616.878238,597.335738,597.320732,590.008873,576.51402,385.554838,538.428079,548.044364,527.349803,509.97801,499.905668,513.511849,508.998418,503.149895,494.429333,343.300502,475.343718,478.829981,467.677423,450.819601,453.513622,464.376321,470.916657,459.870995,452.905016
5.0,,RB,1,2,4,,260.3889,27.65,589.109927,867.960873,879.928792,880.504711,838.580703,802.506748,769.818527,763.702668,761.546481,750.577462,446.740043,662.321581,665.642422,654.131238,636.858196,619.489528,623.285865,605.821953,601.31495,599.041333,376.198013,542.795462,538.922573,535.76906,521.90361,520.447853,516.985128,520.642153,505.747133,511.449499,327.47819,479.83724,468.758551,468.595068,464.533775,466.062602,465.722652,462.391863,456.292254,464.900779
5.0,,RB,1,2,5,,260.3889,52.15,548.691024,818.725926,852.38752,826.559538,814.139222,791.040495,766.14912,762.706837,746.410415,737.620494,422.522832,614.294127,634.542622,620.923497,607.96262,604.265455,609.66161,600.016551,583.582118,578.911076,349.404464,505.830028,509.444961,498.586594,497.915912,492.908571,501.283445,506.747471,502.712679,502.134705,302.490354,441.876941,444.696509,439.096754,425.482882,436.507777,447.715731,456.713892,454.825999,451.742643
5.0,,RB,1,2,6,,260.3889,76.65,504.01111,711.456063,757.119191,759.194002,757.187241,765.906728,760.227399,752.760162,734.898154,736.182686,406.118637,554.124209,589.353185,587.743965,579.889584,597.60676,592.746804,590.117521,590.765045,576.089511,342.029848,466.912987,484.302003,483.599869,490.463536,498.981749,514.11512,513.119613,505.208103,510.174235,295.777118,398.161243,427.792673,418.606606,433.587827,446.929063,453.287133,453.407628,460.5324,459.998791
5.0,,RB,1,3,1,,260.3889,154.111,323.280451,454.304123,470.049965,462.045538,480.600063,511.323157,606.336684,642.853154,672.66983,692.590484,284.36345,396.94839,412.341731,410.954069,420.748073,437.499853,516.243115,550.392377,583.064447,579.106388,247.816275,345.061492,358.234121,349.170386,355.206238,389.799087,449.785019,473.718342,511.880502,522.064918,225.098652,313.987641,314.440639,315.338364,323.582149,348.952412,407.900451,428.044192,459.461039,468.80983
5.0,,RB,1,3,2,,260.3889,178.611,264.579815,370.295233,398.906145,401.609986,403.441993,432.154682,492.992024,540.72122,609.247453,650.868479,236.748692,341.70147,352.954655,367.195008,359.606076,389.782116,449.289123,478.30043,540.240111,568.66373,216.83981,306.178931,323.172563,321.392057,327.56729,342.118238,387.317286,427.388929,471.966357,493.758199,192.199181,267.892087,284.938175,282.048912,292.60076,314.629315,356.620449,385.17728,441.734516,464.549523
5.0,,RB,1,3,3,,260.3889,203.111,225.559622,298.796236,323.680824,330.56942,345.828155,366.829254,422.332091,439.633895,512.757816,582.601417,205.596153,274.516989,304.049896,296.084526,313.381011,326.839058,376.803419,402.81821,471.980112,526.924726,191.247241,253.744318,274.811978,273.404818,283.076059,299.219846,336.04541,371.717647,430.987774,477.242515,174.943371,230.057696,248.436272,256.012219,263.761413,285.175425,313.813073,332.931859,390.649542,427.654468
5.0,,RB,1,3,4,,260.3889,227.611,190.28219,235.783107,256.045201,271.324142,276.396986,308.218673,351.287274,371.27978,427.269807,501.229816,180.581987,226.692438,240.795478,245.546561,256.449164,289.659336,317.392056,338.832613,391.145135,459.557069,172.276995,208.863758,222.875331,231.343449,236.798265,263.628955,301.344667,316.069051,350.400726,425.986476,158.993805,192.45852,201.118758,206.757633,219.771496,245.252219,278.217829,287.856694,325.770115,396.57918
5.0,,RB,1,3,5,,260.3889,252.111,172.826618,199.496707,212.850082,217.528728,220.634725,241.96732,299.706311,318.348653,358.786903,427.894603,165.617561,187.40491,198.789646,204.880441,213.726409,236.129626,283.767445,298.58604,327.768413,393.434142,154.722992,169.529264,185.249834,185.246297,199.891695,226.694711,257.549054,279.042328,307.849815,363.004546,141.324808,165.695227,177.068143,174.750214,179.026472,210.60714,243.567514,256.854636,287.246484,335.286811
5.0,,RB,1,3,6,,260.3889,276.611,158.356935,177.52583,175.938221,182.783867,190.690219,207.124617,265.889688,276.503949,305.557129,354.37458,148.608182,169.356508,167.029118,170.698496,182.274825,194.203466,242.222958,265.990712,283.365967,332.9558,138.704192,154.960831,159.377316,160.784582,162.728811,174.259659,218.396179,245.255786,269.33736,306.715909,130.111379,144.020051,146.066067,148.396798,157.632284,164.320171,207.841654,232.410365,248.673678,289.217647
5.0,,RB,2,1,1,,260.3889,-245.8115,225.901264,259.226005,274.860438,278.213931,293.796984,318.481625,354.315889,376.403727,403.19271,457.225113,204.430412,241.287672,252.766923,250.943242,263.557165,279.662334,314.457011,338.634146,355.616173,407.885943,186.426958,214.469389,223.465104,223.548936,237.723828,252.428752,287.561596,299.919025,328.157885,364.134518,170.327693,201.371151,206.079449,210.773598,212.493056,228.02957,262.627919,271.969643,295.187745,341.571885
5.0,,RB,2,1,2,,260.3889,-221.3115,262.288716,315.073607,330.041791,330.736583,344.474057,370.102894,399.920404,424.749522,472.47385,523.87621,232.473074,282.580826,299.457766,297.485244,308.839925,321.178141,364.960242,382.996227,415.45177,458.515695,203.480395,254.440408,261.012115,267.011464,275.706472,283.289359,317.68313,332.862738,391.850309,412.776101,185.431189,229.671943,236.828847,242.318442,250.82524,259.742939,293.341294,309.201707,346.738796,374.750755
5.0,,RB,2,1,3,,260.3889,-196.8115,297.64816,383.665695,392.8029,402.738504,405.204438,431.109029,458.755102,487.126827,554.937192,591.781732,265.831222,341.065823,354.614184,355.421994,359.11433,374.681435,405.154333,439.421322,475.194232,509.736382,226.073068,294.715494,306.361361,309.188939,312.075719,334.38763,356.518103,389.192983,418.58729,452.240771,204.166322,261.556184,275.564768,273.239184,278.256364,292.392412,322.905505,351.743451,373.184006,414.625267
5.0,,RB,2,1,4,,260.3889,-172.3115,349.243058,453.846769,464.67762,459.720482,464.964862,493.098495,560.013952,573.529039,594.256103,620.449316,294.44758,385.063816,395.681477,403.834911,400.133976,414.206693,464.265239,490.87718,513.668925,548.297497,257.829044,339.128134,347.452504,343.576547,355.426888,366.093645,403.514065,418.969631,446.351907,466.795208,223.307011,294.714077,301.45486,301.634002,300.778837,319.360193,366.559822,384.325865,404.631322,415.124263
5.0,,RB,2,1,5,,260.3889,-147.8115,407.388436,526.35735,533.701813,539.147637,545.667472,572.063856,631.881825,646.594616,667.631686,684.281053,348.615607,452.84034,463.826624,452.973958,454.925991,484.610594,520.508819,537.787295,553.417682,565.118751,291.514718,372.121782,386.01802,383.323524,380.044038,409.894025,444.419259,466.090614,463.951273,479.768597,253.722037,331.116495,336.676978,332.957979,336.72152,362.611864,394.562777,406.262936,418.855029,433.010765
5.0,,RB,2,1,6,,260.3889,-123.3115,468.410916,600.083512,613.669181,626.014146,627.685509,650.92659,696.928808,696.631094,708.21528,694.809009,388.322555,498.862739,505.389206,504.102357,505.216537,527.264684,562.933976,578.634465,586.942094,580.451932,330.249734,419.181764,424.339916,420.648965,430.614925,447.093795,479.742817,480.271722,493.204831,495.687237,285.794575,360.696091,372.922294,363.757333,370.581923,398.395683,429.856252,425.551058,437.644062,443.271433
5.0,,RB,2,2,1,,260.3889,-45.85,620.504265,859.333225,869.010484,860.030415,827.795528,808.567823,776.949649,766.086677,758.549915,755.721688,474.265357,646.138493,659.827145,643.576408,620.102036,609.868248,596.204686,598.346783,588.064535,577.355771,376.854822,525.486729,520.267301,505.273166,498.099247,493.929412,496.868863,498.158319,496.644987,489.876159,333.794056,457.27157,459.812573,445.695017,439.595086,448.698536,437.639393,434.414404,442.442582,436.328277
5.0,,RB,2,2,2,,260.3889,-21.35,630.68926,891.110318,893.955856,859.062492,845.143021,827.744192,794.343618,786.45967,762.560438,754.775593,492.381618,682.326254,677.065028,658.89325,618.968145,618.880369,613.98405,599.388609,591.16948,566.925738,390.246008,537.56232,536.463197,529.062329,513.063328,509.336689,499.9162,486.03423,493.187298,487.531392,334.699099,468.236357,453.202242,453.655503,439.582859,450.755174,458.321766,443.804431,443.480983,444.005496
5.0,,RB,2,2,3,,260.3889,3.15,629.768394,891.076908,889.324753,882.744476,851.055703,816.118356,781.292952,758.506308,751.018582,745.436334,479.980131,682.051951,680.311666,644.932714,631.472583,613.569182,600.007766,583.534881,584.983131,568.897154,378.067464,529.457814,532.544149,516.060783,505.404362,494.093831,489.335047,499.433785,480.742259,479.910764,328.074281,452.189226,454.108428,450.744661,441.215474,443.79146,441.447992,436.519263,442.607423,438.127757
5.0,,RB,2,2,4,,260.3889,27.65,575.13814,871.065031,866.86907,876.332922,824.246056,805.410599,779.141568,781.710177,767.537518,754.662656,456.511593,661.025076,664.280888,657.716774,631.562596,615.119802,607.348495,607.747678,591.823168,584.768507,375.63536,536.533674,545.737531,519.06528,499.533299,509.13754,503.68138,507.429482,499.545821,498.741778,322.469987,463.902147,466.651348,460.968028,454.164787,460.104373,457.503095,462.117071,463.346544,458.052967
5.0,,RB,2,2,5,,260.3889,52.15,550.746235,795.466115,828.655764,811.648016,805.59154,806.303449,791.190384,779.150332,768.038127,747.865342,433.096569,626.741477,651.646892,638.818485,626.198782,605.424511,593.748895,604.047528,587.301949,582.405892,349.986525,513.721039,516.732295,509.22547,493.655936,501.821294,491.502885,487.852224,482.520378,482.818917,300.215196,422.6554,435.038076,436.099363,431.839562,449.265304,442.14503,442.824024,443.443521,437.90795
5.0,,RB,2,2,6,,260.3889,76.65,508.083957,707.455835,748.424446,770.075971,756.822097,757.282333,747.40205,752.512371,725.673421,724.077698,398.269622,551.429975,575.413312,577.366506,582.122199,583.99331,584.610775,590.660886,588.312789,581.269304,335.122977,460.176927,480.045514,478.991523,487.092483,500.184288,497.937084,498.963786,498.043912,497.284379,290.771372,403.479385,421.546029,414.120492,419.081211,437.844331,458.935017,452.670874,453.707037,458.923441
5.0,,RB,2,3,1,,260.3889,154.111,323.148653,438.016294,459.866101,457.973754,472.29013,514.545985,600.741041,636.634287,666.949746,680.625036,279.993791,385.796242,404.548441,402.570508,407.46595,443.839213,522.759774,539.757022,579.922578,589.990825,254.389877,354.298902,364.602688,355.861998,367.167396,387.971868,455.291007,492.965808,514.443435,533.324067,229.031241,315.706026,326.106971,325.644941,330.894382,349.618986,415.155358,439.003927,463.539358,462.202112
5.0,,RB,2,3,2,,260.3889,178.611,267.000399,386.179716,388.203709,386.639212,400.465824,430.898393,499.75696,535.84927,616.876502,653.954134,235.443927,338.057613,355.116396,354.678262,369.303154,388.542886,451.894176,485.089177,540.775902,558.652356,214.970709,305.943385,319.117315,320.817893,317.181063,338.895986,384.053216,421.089132,473.184368,490.492422,190.312425,269.196619,277.264451,280.334273,287.270673,298.311405,360.705457,378.753699,425.208217,451.24022
5.0,,RB,2,3,3,,260.3889,203.111,223.651149,305.094502,328.640392,338.157476,336.809455,359.508434,401.757118,440.242602,508.703708,576.081531,208.609971,268.659657,296.896818,300.466696,313.205846,323.545507,366.405263,405.746666,471.28687,516.649239,189.656067,259.887796,274.448044,279.915935,288.891352,306.777296,347.770667,375.743952,425.828595,479.106641,177.392546,239.045913,248.669702,255.233941,262.117634,275.996332,307.628955,335.059413,391.805635,441.346799
5.0,,RB,2,3,4,,260.3889,227.611,194.320133,238.838143,248.542956,258.710996,272.770168,295.993306,347.903007,366.962081,417.324429,500.828501,177.577698,217.948343,229.598043,235.532193,248.921227,280.43088,321.07709,339.441079,382.31682,455.862264,167.263202,202.507598,217.926435,221.265633,238.241234,257.961304,294.550784,308.58613,354.821265,422.441887,156.740886,189.386602,201.697971,204.950219,222.70185,242.571965,267.188449,297.489273,326.008066,392.087152
5.0,,RB,2,3,5,,260.3889,252.111,171.662634,198.485533,203.535913,212.256206,222.63927,246.876283,293.919771,305.506893,348.05317,431.287396,160.72444,183.407335,194.274187,199.778716,206.66137,233.954427,276.395021,303.894232,321.700838,395.445288,155.51707,176.242838,183.928896,186.651511,191.692266,215.397371,259.118041,277.794171,305.36047,354.706546,136.795569,165.194899,170.161823,163.463777,177.74555,198.961393,236.1639,252.571881,275.294657,334.51568
5.0,,RB,2,3,6,,260.3889,276.611,154.924493,180.223142,181.784431,184.562685,191.11555,206.357076,262.246382,290.547065,311.260251,358.815911,151.606768,165.953767,170.445211,171.088888,181.035417,185.367282,253.478222,267.169491,281.247904,327.137572,136.537106,156.763422,157.305279,159.193909,160.084215,171.863721,226.361824,246.107973,264.611429,301.434964,127.017883,140.985451,146.032847,145.646015,148.025587,161.466299,208.850365,226.271962,253.92117,283.069057
5.0,,RB,3,1,1,,277.9464,-245.8115,267.619081,320.257384,323.683107,326.904616,322.218337,338.532338,371.501376,396.811962,413.182174,460.220101,236.983633,273.93745,279.926441,272.860491,283.085629,300.876971,327.326649,344.653397,359.322019,399.135799,206.461441,236.367207,241.559674,245.416432,252.390816,262.168151,289.825336,299.287529,317.081983,350.816693,187.692318,211.985236,216.9473,219.038196,220.665643,224.217073,254.256599,258.735288,283.857892,311.799598
5.0,,RB,3,1,2,,277.9464,-221.3115,302.123979,359.106254,371.369532,374.513934,374.85003,396.510595,424.322862,441.466505,470.359771,503.824862,262.333675,313.277232,317.028301,319.933049,328.612525,335.653646,359.938647,375.479602,405.931795,435.043675,226.180538,274.30237,281.210531,274.131691,283.883061,285.234319,309.543249,324.62529,346.184346,369.754959,195.735832,234.083537,239.394308,240.695456,240.297448,253.986815,272.133106,283.950205,304.654526,320.477446
5.0,,RB,3,1,3,,277.9464,-196.8115,357.325697,425.896673,446.977445,446.292354,443.686818,454.62834,482.402159,508.74461,533.088694,557.416816,291.124105,361.747155,371.401802,366.808247,371.672096,391.160673,405.981088,429.164095,451.944474,477.745218,247.872915,312.568518,325.821625,318.796709,315.098488,328.41963,345.065826,362.818219,388.488324,403.129902,219.361848,266.724614,278.957811,273.626814,273.011868,283.801777,304.640089,323.46489,339.398697,352.153803
5.0,,RB,3,1,4,,277.9464,-172.3115,403.929165,498.874764,513.008691,516.820307,512.335007,515.256043,552.851272,571.112422,606.566644,619.229533,333.647864,419.085661,428.634076,414.94738,411.662204,416.509596,448.276667,464.948442,481.632276,502.182265,279.417927,341.416065,347.431619,348.424958,342.891294,350.589926,378.730788,394.771603,417.325503,432.738627,238.55419,298.098049,306.783166,300.256715,300.160713,308.338604,339.468238,347.184183,362.856196,367.665403
5.0,,RB,3,1,5,,277.9464,-147.8115,458.426553,569.509849,589.543104,576.198552,575.637203,597.711996,627.585483,632.74011,659.838942,641.143452,382.148805,476.095832,475.441664,468.567137,467.595729,465.976952,496.852948,508.680562,514.593393,525.533964,312.683024,384.36945,386.507552,379.707222,374.964123,399.701041,416.720583,422.911972,435.007439,437.744106,260.815711,324.1389,326.308392,324.29444,325.452459,336.635796,362.570056,374.05809,384.009766,390.217213
5.0,,RB,3,1,6,,277.9464,-123.3115,521.00246,651.462503,662.16653,649.134333,643.176871,651.79477,674.10953,679.340986,671.614861,677.220825,418.572477,514.317427,520.3587,507.943725,490.498349,511.648218,523.79613,531.482353,522.000189,526.740645,336.250678,408.087563,415.15833,403.059359,403.637511,424.812535,448.020707,443.064198,467.019203,448.869911,287.492446,354.134566,350.289539,352.690795,362.712178,360.587173,385.220913,387.236559,393.568663,390.013698
5.0,,RB,3,2,1,,277.9464,-45.85,658.476162,865.806556,877.47961,846.677442,818.804107,779.336466,758.093094,730.508663,725.272449,711.546667,477.393184,630.728724,632.673088,611.845157,592.452482,572.28936,568.240086,569.22489,543.311345,549.282197,382.668751,492.031849,493.032965,479.786219,471.558896,469.720121,474.554973,469.386102,455.168719,459.659209,331.564407,424.40717,423.77744,414.222671,408.014937,415.778679,425.217389,414.664463,409.423482,407.678982
5.0,,RB,3,2,2,,277.9464,-21.35,679.502996,896.601222,886.819476,877.244063,840.402728,799.599668,761.723714,748.291896,750.568206,713.965374,492.991727,655.826197,652.106338,625.676756,613.245654,582.905602,561.496548,562.349934,545.813382,538.347706,383.884739,502.285191,495.547831,485.501395,462.906437,459.553679,452.071535,457.745833,453.830806,448.930983,323.862111,422.425709,424.979848,417.708403,398.754077,398.749057,402.60812,405.517133,401.525461,401.213505
5.0,,RB,3,2,3,,277.9464,3.15,676.013543,897.259724,901.541961,873.457602,830.427278,801.655299,761.72832,740.253664,728.117771,719.496234,491.257889,639.242261,640.926888,628.845655,601.54585,584.511982,570.841082,565.74212,549.696833,558.616624,394.169185,512.117101,511.452417,494.192703,472.769395,462.845329,460.877205,459.105092,453.442751,451.851826,332.597581,434.774547,428.514656,434.61504,418.724993,416.203425,428.969625,423.431687,427.941209,418.503049
5.0,,RB,3,2,4,,277.9464,27.65,650.819171,886.190532,874.201931,872.197625,827.698053,794.852388,741.804067,747.42985,731.793701,719.556248,476.167763,641.137845,637.448065,622.129929,591.710303,574.154966,551.607468,545.063316,536.756329,524.495381,368.981165,498.142317,484.940268,477.815137,470.481469,457.361854,451.032629,459.279241,453.251967,446.026828,317.827348,421.636986,422.758461,410.913873,400.486017,409.52201,411.11154,406.11103,405.160688,392.06477
5.0,,RB,3,2,5,,277.9464,52.15,617.654105,811.034205,831.421227,828.705472,794.63092,783.253306,749.221079,751.536609,732.210061,729.796715,468.168293,621.79196,631.787687,606.869639,591.037871,575.416854,563.136056,553.030226,543.156221,540.461843,362.167041,481.312959,481.844546,461.121555,464.501549,457.276706,461.254856,460.990833,455.840302,466.048562,303.983649,404.649861,417.02379,404.091092,404.347505,412.451785,417.656376,412.637887,405.462181,412.556942
5.0,,RB,3,2,6,,277.9464,76.65,576.379306,757.591077,770.712224,770.098782,754.939498,743.003217,728.046467,727.784946,716.563089,710.738546,442.166892,575.503881,579.149096,564.642912,563.121457,562.951319,568.679827,568.682296,562.905059,554.195787,353.159531,457.880486,468.159093,455.392558,454.356712,470.548153,471.413983,473.605992,471.925275,474.643166,297.402531,390.834877,401.934981,397.766053,391.684316,417.544555,419.315309,412.820292,420.961878,419.060688
5.0,,RB,3,3,1,,277.9464,154.111,397.385175,508.713572,526.844186,537.633543,532.238548,551.44232,600.580454,619.314446,645.80248,655.168526,331.063961,424.675997,440.341167,435.466864,420.007204,448.343765,500.674853,508.689306,526.514439,534.462676,278.749699,354.830504,366.829759,374.397948,360.883516,371.223405,417.673789,432.167451,443.963404,450.158393,238.35093,311.398685,314.908126,313.621172,310.970596,326.233123,361.160147,378.095671,393.403139,392.576239
5.0,,RB,3,3,2,,277.9464,178.611,341.087,428.280088,452.887585,459.062703,460.550394,472.050584,517.952059,531.572324,576.842453,604.617141,287.781542,376.667203,382.612396,388.630051,380.818491,386.78673,432.563899,461.018889,488.329608,515.84581,249.665949,316.623579,325.818,326.478581,329.787114,340.501958,374.527877,394.30551,425.126242,443.633791,217.582509,279.04748,288.881996,289.948927,293.648448,301.421699,333.667178,342.165785,375.742128,399.472538
5.0,,RB,3,3,3,,277.9464,203.111,294.633354,365.902047,382.656354,386.947413,379.609865,408.821505,438.187464,469.603234,509.353749,570.952814,255.878835,320.655893,328.776727,333.327494,342.193041,348.344602,388.208043,402.875774,439.096929,481.714904,225.717936,274.532473,288.366888,289.801401,292.503573,313.939612,337.992209,353.979952,393.344691,419.163189,196.132491,251.840531,251.557886,262.385299,257.508599,286.817144,309.953063,323.396559,352.117626,387.390721
5.0,,RB,3,3,4,,277.9464,227.611,252.876711,299.594578,310.807463,319.940516,326.314702,344.334149,382.668243,413.718473,454.809605,494.491257,225.468721,265.359594,283.342575,285.029744,287.026611,303.889373,339.463827,353.256696,391.562604,441.216802,201.030018,248.221992,249.223413,255.850249,258.661648,274.113718,297.921507,314.416677,343.606921,382.410058,175.755201,209.239065,218.92187,219.093765,233.386341,243.006752,276.59417,279.277134,310.328665,349.314496
5.0,,RB,3,3,5,,277.9464,252.111,222.829884,259.597308,264.265726,266.023284,280.176731,288.452802,336.330969,355.15307,384.877053,433.285862,198.556326,228.224342,238.134446,237.190892,244.986095,259.616647,298.889987,317.820892,345.147054,387.260069,180.646736,204.849479,219.078367,214.631652,222.62815,234.485382,271.854879,276.154931,305.003262,343.798983,162.576733,185.410125,189.029946,190.218824,191.526766,215.869416,239.162825,254.687959,274.97311,308.94385
5.0,,RB,3,3,6,,277.9464,276.611,204.068885,225.225506,231.328382,235.723609,241.228531,248.438726,291.486656,310.07396,341.547987,373.519418,182.673755,203.498463,212.007636,209.524958,213.193073,225.049221,259.3484,278.043005,299.781828,331.769228,166.951306,181.952577,189.454208,190.990512,190.720279,205.29537,231.502988,247.671413,270.67333,307.470668,147.767228,165.203651,165.125948,167.857775,167.875734,184.433155,209.370309,225.482487,244.323127,270.39998
5.0,,RB,4,1,1,,288.7,-245.8115,288.261224,334.748587,333.579277,340.327186,346.069919,347.132378,375.997567,383.633843,417.046955,449.690924,242.028871,290.982515,291.217061,290.469118,291.869664,298.132009,328.946661,336.503852,354.428837,393.394511,214.239272,245.957542,249.949896,248.245414,254.876417,265.604822,283.898038,300.102775,310.65977,335.952657,184.308358,212.193848,218.582626,221.398882,221.593531,230.653714,251.855281,257.99475,275.089894,295.593657
5.0,,RB,4,1,2,,288.7,-221.3115,325.776639,382.369531,393.313275,392.665553,395.784457,402.940964,431.316652,441.861408,479.061217,494.099704,276.653852,324.14069,328.437801,322.836621,334.542129,340.32163,359.0476,373.96445,397.303688,425.484404,235.353222,277.707846,277.249025,276.761914,280.926683,291.896933,308.017428,324.081268,332.266984,367.948391,197.122845,240.005732,245.165012,243.426048,242.676926,259.078973,275.237168,282.815366,305.198083,312.84319
5.0,,RB,4,1,3,,288.7,-196.8115,369.8132,448.726265,450.165171,459.182581,456.038717,460.122792,475.693725,488.266674,521.627666,545.742861,306.060701,369.1371,384.827276,370.739307,374.560685,374.478504,396.502025,410.103184,431.80546,459.486071,261.392669,308.814172,315.59907,311.67336,313.210949,317.240292,334.492326,345.05161,361.114524,383.805573,213.479534,260.427471,267.678864,266.725035,265.302895,271.42529,287.259635,299.052742,315.719971,335.162678
5.0,,RB,4,1,4,,288.7,-172.3115,422.87003,521.370273,524.708386,525.452754,511.298773,515.822438,545.159866,586.86579,598.319265,596.941201,345.810149,429.156064,427.465621,420.750241,408.944293,423.927197,454.162404,459.096601,475.404421,500.173727,281.809841,346.09926,346.139009,347.683074,343.231606,344.378059,368.885561,379.961145,395.401025,405.045965,234.578881,287.036914,290.573937,291.758429,288.027054,297.823179,319.624048,326.125514,348.064249,352.04117
5.0,,RB,4,1,5,,288.7,-147.8115,477.497174,595.362478,591.625938,594.362032,589.263988,586.403352,610.854058,618.257856,622.029362,626.795633,382.327786,465.048899,465.928272,461.031338,451.704657,458.354968,477.697849,487.875675,496.531707,498.470935,307.128291,383.313442,379.337501,377.091529,375.940137,380.87783,398.914302,408.422245,421.545821,420.467699,267.312572,326.497434,322.536573,313.099001,315.728465,323.829169,341.827628,350.389485,360.735746,365.232113
5.0,,RB,4,1,6,,288.7,-123.3115,544.522797,660.670615,677.934509,659.031879,647.718013,638.865547,644.353854,643.310033,652.2131,647.713751,415.705845,505.855479,513.770827,504.555641,490.605229,492.710153,500.684609,501.225813,497.262574,507.477168,323.38284,396.29865,397.619622,387.553515,393.619839,395.91786,409.428792,412.570808,410.466974,409.679594,275.477616,328.701512,329.952242,337.339616,328.829208,338.64097,356.348808,361.368255,369.661194,369.212278
5.0,,RB,4,2,1,,288.7,-45.85,687.572858,873.999827,866.290196,839.347854,805.771649,766.843087,738.701367,732.585371,716.132294,700.996362,492.177607,623.033837,618.431093,597.787411,568.319014,553.438714,534.676608,528.063818,517.077566,505.579094,369.554413,467.22736,456.499017,454.471898,443.253262,443.275882,442.908892,437.293009,443.954805,430.508868,320.78814,399.821078,399.67706,389.255901,378.924621,375.764423,378.245058,379.477175,382.748126,379.842067
5.0,,RB,4,2,2,,288.7,-21.35,693.468527,888.930952,881.489491,864.521056,821.523464,784.936675,749.080396,721.368439,705.618922,696.000661,503.477373,638.375182,629.858655,595.518004,581.189783,565.594096,539.211921,528.254568,526.664357,520.19172,385.357409,486.775271,480.004963,464.989741,447.932018,446.694792,440.038931,436.78534,435.262284,437.741956,327.260897,415.538467,413.53046,394.498201,400.16799,390.021365,404.123582,396.246065,398.499706,391.566968
5.0,,RB,4,2,3,,288.7,3.15,681.363476,903.033653,885.390058,864.452869,833.410798,794.080294,758.040799,751.792545,718.633644,704.296128,512.621992,659.283342,639.97311,630.477659,593.135183,564.789328,548.282941,549.965251,534.099869,526.671254,383.52075,503.344379,489.935638,476.24299,465.579013,447.901896,436.342324,442.353356,436.224572,438.970857,326.995966,419.525978,415.773378,401.788049,405.001653,398.020884,395.121252,394.767841,400.301832,400.595691
5.0,,RB,4,2,4,,288.7,27.65,674.159949,884.00007,871.237491,863.494217,804.048205,761.269866,743.649468,719.710005,710.991316,697.604729,487.814799,629.956302,618.492685,595.919209,570.170525,559.611187,559.625719,541.489906,546.53739,527.009644,376.103903,500.384813,486.352526,471.424182,451.317215,445.521524,447.916176,444.811062,437.44284,434.693276,316.079824,415.426742,407.337786,400.50942,382.434901,388.127095,392.083396,382.398419,382.159515,382.343346
5.0,,RB,4,2,5,,288.7,52.15,643.679684,833.762308,837.924037,816.767555,777.04425,761.015662,738.153503,714.79671,713.208269,691.978048,469.030407,606.962326,598.375218,577.669115,562.874573,548.084141,547.056986,540.567231,539.795016,520.551826,362.467761,463.089411,466.233559,462.918831,449.40983,445.438128,445.581133,453.170053,452.400479,436.808127,317.623272,400.476761,405.044353,404.752812,393.067965,398.024743,399.767594,397.5399,394.963166,396.927833
5.0,,RB,4,2,6,,288.7,76.65,600.459617,764.305754,774.081479,775.936172,747.161906,724.684201,724.550806,713.624238,706.569807,701.007562,451.739446,569.866696,574.241686,560.560616,545.148754,542.488902,538.955717,528.987044,541.645688,520.838574,346.528711,440.378774,447.28161,443.023929,435.693484,435.574715,436.506827,443.848479,434.429917,431.431324,298.713455,374.533755,371.77826,365.621163,365.447843,368.382577,370.043509,376.188566,382.253805,377.733274
5.0,,RB,4,3,1,,288.7,154.111,434.172397,533.75972,544.060758,546.123032,544.922521,552.820658,596.744198,605.961327,617.64611,637.248165,350.067138,438.757173,438.746122,437.848209,432.355166,446.420235,485.359962,498.329535,505.253469,521.494904,283.291832,356.09361,362.590962,351.36236,349.666477,363.449427,392.850751,406.902625,420.642537,431.79915,242.39124,300.340213,307.57746,302.590838,302.654646,315.033737,342.45154,358.210593,369.570457,382.276145
5.0,,RB,4,3,2,,288.7,178.611,371.254131,461.704431,465.964077,467.054977,474.726837,490.789234,522.996717,537.09261,565.287888,589.454585,313.354263,380.218778,391.473808,387.909212,393.425323,394.67799,426.107295,445.414147,466.811729,493.584262,260.022387,326.451786,324.407915,321.382945,320.542301,336.956448,365.760707,371.724479,404.431733,412.3342,217.729958,276.382397,282.36341,274.493298,281.220138,292.117497,318.981472,333.766216,353.833222,365.452093
5.0,,RB,4,3,3,,288.7,203.111,323.503834,383.421261,400.642842,406.358004,407.890431,413.852631,450.928716,473.846361,505.426922,546.864264,271.202618,324.640662,334.484728,336.058524,342.965842,347.148067,380.366226,388.391537,417.598934,445.398486,235.190533,280.002334,292.77115,289.795317,297.400625,305.99122,335.830643,341.475634,371.019159,392.886893,203.126837,244.722757,250.435495,256.28662,253.171992,268.772654,295.412779,304.113339,337.014436,365.61536
5.0,,RB,4,3,4,,288.7,227.611,276.063449,328.974369,335.646493,330.367404,339.348248,364.001958,392.556865,411.716544,447.035778,480.783983,239.674597,289.33567,292.778694,297.478489,297.473363,308.934032,336.781143,350.33162,379.816472,418.748396,212.591062,247.340148,251.241561,262.117831,254.588925,268.64477,293.325072,311.43814,337.55351,373.751885,183.837503,219.363065,231.554247,229.535153,231.498874,242.889375,268.503768,278.343922,294.996227,325.004886
5.0,,RB,4,3,5,,288.7,252.111,238.418409,277.681519,275.104652,284.503005,283.739934,303.539505,341.551255,362.051571,392.01087,423.285458,214.771198,243.148701,245.136849,256.225533,254.413019,267.655307,302.596881,311.909069,340.061739,375.674889,195.885916,220.070391,230.161418,224.460437,228.091106,236.450292,264.76431,276.623968,303.31278,332.016778,172.602959,194.306983,200.360228,197.359003,204.100076,209.746555,243.794395,247.207285,267.141231,295.962132
5.0,,RB,4,3,6,,288.7,276.611,225.48822,245.639351,249.398218,248.748486,252.523326,261.877419,300.774087,321.255869,341.407223,375.082092,193.537983,215.139514,225.229961,226.814208,219.792532,236.723581,269.238017,274.24443,305.384981,332.930199,175.217575,194.524464,196.560828,199.91577,198.805984,203.682492,233.153534,242.928913,261.415616,296.886031,157.670691,174.670473,174.495115,176.245566,175.552499,182.448722,209.843626,215.945078,233.406322,259.966957
5.0,,RB,5,1,1,,277.9464,-245.8115,275.119016,320.634606,332.158798,332.929003,334.02329,339.053736,374.347097,399.309494,436.685943,470.055952,238.941379,282.145438,287.669549,285.558237,285.932677,294.380326,322.343521,348.991528,363.984018,407.351498,206.468639,241.789356,243.806101,241.721192,247.748145,265.191255,280.281739,300.331226,330.038186,355.642223,181.861323,219.856661,213.310588,216.701334,221.351196,233.567438,251.948635,263.707117,284.789413,313.178876
5.0,,RB,5,1,2,,277.9464,-221.3115,312.424829,372.533407,376.190268,379.103348,377.824364,397.138832,425.193213,452.200716,477.797811,515.177854,260.879846,315.638517,328.487259,318.777758,322.797397,338.015872,359.553057,368.9669,405.396168,434.520493,221.423222,275.951445,277.124674,273.513914,280.293395,289.131804,310.283977,334.48581,354.781088,383.054914,196.979187,236.530416,241.309725,241.585546,248.354223,254.278993,278.412835,291.565197,305.370751,332.287414
5.0,,RB,5,1,3,,277.9464,-196.8115,361.468186,433.192202,447.881417,449.738883,450.644908,456.033808,485.000466,506.818328,536.130072,570.501626,295.364595,361.214235,373.688249,371.531664,370.4008,383.305737,403.018347,424.828457,448.169388,479.671532,252.591984,306.682287,309.85511,312.700429,311.538058,321.185679,342.998865,347.778093,379.385521,402.065044,215.572814,266.357815,263.648435,273.48244,263.709275,281.267036,303.508611,312.579412,335.61258,351.028855
5.0,,RB,5,1,4,,277.9464,-172.3115,405.15369,501.251324,519.769062,516.47629,508.968144,523.632334,562.529292,571.00981,601.736919,622.632376,343.542576,424.538037,425.89223,425.11375,417.661362,425.355083,454.847949,475.078234,493.550505,513.646687,285.689714,349.562131,358.750313,353.582964,345.351159,358.071591,382.432173,395.585781,418.712843,432.409617,242.118528,293.461644,305.796195,299.7038,297.21156,313.059687,331.398026,343.561795,362.30036,370.702211
5.0,,RB,5,1,5,,277.9464,-147.8115,468.6667,586.791777,590.751522,587.997958,575.640795,601.249086,618.763097,638.316923,653.869074,658.800478,379.242813,472.799863,479.422765,463.054824,463.687967,480.359817,503.636912,514.978685,512.20314,525.551205,302.616283,380.669652,382.517801,378.502353,377.988255,387.152679,412.236223,423.948551,434.018475,438.333128,260.841278,324.428249,329.148097,327.019743,330.155983,344.749724,367.813866,371.888547,384.562951,390.189949
5.0,,RB,5,1,6,,277.9464,-123.3115,534.449756,662.855619,668.726823,655.067566,651.829613,646.578562,660.860637,676.444424,676.593567,672.669237,413.17088,507.772795,510.05361,503.331362,503.472711,502.318127,520.81048,535.536277,523.519774,518.132503,325.285536,400.457119,408.91376,398.961708,399.567145,403.986938,424.232747,446.33993,443.436616,444.100327,279.091278,345.566785,346.006546,343.08875,344.190767,361.298579,387.427007,388.377301,403.070933,402.057472
5.0,,RB,5,2,1,,277.9464,-45.85,679.867568,888.371331,879.254554,861.893163,817.721886,790.328897,769.960106,753.64892,733.599263,738.555677,501.693187,647.53364,637.472832,611.552805,591.13675,571.038648,558.486803,546.667153,536.41771,538.306909,381.454417,490.069701,487.333162,480.448864,467.607945,460.203099,460.998426,462.228327,459.602275,457.871443,330.694501,425.921248,421.682765,418.133483,412.745106,414.455953,423.425356,415.709661,419.530312,418.018697
5.0,,RB,5,2,2,,277.9464,-21.35,689.155441,912.191842,908.639405,880.136364,845.986267,794.308614,765.444028,757.38614,745.518074,724.846326,502.957014,658.721341,644.515115,630.414953,600.585224,587.988872,564.804311,557.842133,544.26223,537.400926,388.575908,505.883951,497.665899,489.037094,473.397438,460.777263,455.257236,451.492347,448.325654,451.925494,332.952599,432.055329,423.533731,417.341738,409.06572,407.131963,413.046356,417.222075,409.249331,408.741331
5.0,,RB,5,2,3,,277.9464,3.15,691.725678,908.580929,920.451161,889.700135,834.126911,812.693212,766.769299,766.726561,753.952999,739.727382,503.614359,668.985315,661.532624,640.078501,603.374269,591.946304,579.190636,575.462556,556.696365,559.026614,394.506544,530.25041,512.583489,499.386058,479.910056,464.368799,470.540944,468.683341,455.517991,452.514478,329.42595,435.60108,430.406482,418.289103,408.63332,412.647978,408.364826,413.163731,405.512723,405.411132
5.0,,RB,5,2,4,,277.9464,27.65,658.880711,891.034918,888.008847,878.912241,824.546557,801.577338,773.936742,747.284898,735.76636,729.863504,485.794722,649.642274,652.824946,625.796139,593.785181,583.421509,568.956689,553.787539,553.824361,533.72371,382.751398,499.641212,495.69563,488.280061,477.551184,465.570235,458.482712,463.693607,459.953427,457.495607,323.606572,427.745946,425.868037,415.48186,417.294405,413.331284,424.827069,423.899213,415.586921,412.57386
5.0,,RB,5,2,5,,277.9464,52.15,625.048336,842.949673,844.72577,841.23352,811.458434,791.577978,764.68171,745.705802,718.648542,718.434816,459.210205,614.415539,618.062619,606.498339,589.541447,570.762214,574.751876,557.423074,556.516409,551.893832,367.501676,486.538118,495.071795,482.276592,466.690195,472.957917,457.366836,458.569549,459.25252,455.11927,302.628549,402.874776,406.877866,406.211579,401.703589,407.661752,410.510577,401.931527,410.981728,406.87324
5.0,,RB,5,2,6,,277.9464,76.65,583.493244,760.975371,784.823076,780.488488,770.814567,738.84101,743.071669,740.058232,715.311392,710.619893,442.092961,572.290595,575.850583,579.465533,558.462448,555.974445,555.952383,552.33026,545.528944,537.782118,345.500912,452.801224,462.432016,445.156371,441.421548,440.445659,455.342152,450.432009,447.230947,451.793109,291.415704,382.60795,381.112869,384.55737,380.967708,390.577062,400.91611,395.509022,396.862575,397.520843
5.0,,RB,5,3,1,,277.9464,154.111,411.59465,519.380613,527.971711,530.583303,549.790285,555.210475,595.052614,628.372561,651.748626,651.282316,333.328059,424.987648,431.29329,426.926627,429.394029,453.882737,502.062411,508.914101,537.738822,534.442307,282.642973,355.755844,365.328238,359.45905,365.429417,370.12168,413.899893,423.786749,441.526933,448.153103,240.184646,306.57345,314.753447,306.094197,315.566163,332.164377,359.627204,370.213519,385.770352,404.38021
5.0,,RB,5,3,2,,277.9464,178.611,344.744256,439.096502,449.311421,457.690164,450.949689,474.199966,520.68912,549.532397,586.674907,614.572027,292.173817,376.213143,386.282044,387.837854,383.727245,395.047846,438.310538,460.964056,494.533322,513.903393,251.784739,318.433754,326.196863,326.648173,335.390685,339.858644,376.807951,397.483311,424.277628,447.515591,219.130425,281.793455,292.635895,286.347643,294.222416,301.220335,333.64626,348.665861,378.036516,391.73998
5.0,,RB,5,3,3,,277.9464,203.111,299.212976,374.832834,378.564755,392.343946,381.777814,406.203651,445.960691,477.24453,518.118574,561.675518,255.269108,320.130137,330.975749,337.602824,340.133946,350.171715,389.70238,415.296189,456.232469,484.365524,225.279842,279.624626,291.509732,294.352652,290.174688,303.181774,343.481535,361.664335,397.753315,430.869798,202.029178,251.554814,258.459038,256.084543,259.780013,272.641915,297.702112,319.06683,352.869093,380.932149
5.0,,RB,5,3,4,,277.9464,227.611,256.54703,307.992403,310.577393,319.760842,329.199159,344.772996,388.716427,406.940855,438.406521,499.328944,224.038423,267.092816,282.485011,281.663356,289.281839,301.570834,345.517148,353.526098,390.107899,432.140707,202.277941,242.313692,246.753562,248.012852,258.944523,271.660693,299.606996,313.406152,348.121746,395.356768,181.467543,217.114619,226.661147,224.059763,229.140111,244.515352,274.207188,290.916189,313.626635,351.440567
5.0,,RB,5,3,5,,277.9464,252.111,227.406295,253.22697,271.074357,263.285799,271.02639,293.977787,324.811322,357.277509,384.013102,432.18827,204.913793,233.546578,242.116376,235.949567,246.44884,264.448952,294.197507,312.999706,342.061289,380.907378,182.649467,211.196912,216.737806,216.27703,215.516455,231.011734,262.604859,285.968054,301.393657,333.704482,162.238564,182.621086,198.050721,188.282714,198.085347,208.974645,237.503289,248.162511,276.333791,307.843245
5.0,,RB,5,3,6,,277.9464,276.611,204.268389,228.651971,234.793024,238.716246,233.222068,248.298703,292.796401,313.298727,340.111547,369.440878,188.6035,203.755945,210.688982,211.712713,212.915502,225.079695,261.064567,272.631584,306.826476,336.26772,169.057165,186.153974,187.200501,188.531317,192.748351,200.22868,227.148539,252.367564,271.666691,301.367835,150.762727,163.609874,173.060843,168.98084,180.820207,185.846098,213.227725,230.619345,248.632604,271.060891
