U%,Density,Thermal_Conductivity,IV,Digit1,Digit2,Digit3,0,1,3,5,10,15,20,22,24,25,25.001,26,28,30,35,40,45,47,49,50,50.001,51,53,55,60,65,70,72,74,75,75.001,76,78,80,85,90,95,97,99,100,100.001,101,103,105,110,115,120,122,124,125,125.001,126,128,130,135,140,145,147,149,150
0.711,7731.200000000001,2.9,1,,,,41.030548,51.170919,50.6156352,56.2453619,63.0956691,76.4190989,92.9851162,100.757393,112.198238,130.583312,65.015439,80.012125,79.8004078,82.3848191,89.7260538,100.949005,124.318808,129.365018,140.379296,163.439883,77.4714987,94.0074218,95.5681035,96.9411202,105.798194,117.864703,139.663374,143.172182,160.772406,182.345227,86.646792,102.78401,107.848721,112.115535,119.58033,132.837688,149.485595,156.661073,173.000399,197.109725,92.5648777,108.949545,114.386861,116.388125,131.469062,136.545687,155.988975,170.08332,184.443642,211.602336,98.7562544,117.896723,119.119157,120.342838,128.761563,141.718012,166.917601,173.479233,188.52464,219.677368
0.711,7731.200000000001,2.9,1,,,,46.5832679,59.4512196,61.9877179,67.9046588,78.7477834,97.6794914,118.513751,129.405159,141.636074,161.39835,78.5257448,98.1995537,104.976519,105.545401,115.551031,131.395547,153.255205,160.819077,179.887726,203.723331,95.8096961,119.4906,122.837049,128.674781,138.054803,149.694156,172.313317,180.423513,199.70103,222.292405,107.836651,132.766815,135.386603,136.702524,146.534977,163.025606,186.230457,198.661215,219.298542,242.458602,115.445359,144.851567,146.773866,150.459819,154.94501,176.224883,195.361531,208.693611,233.215299,255.044141,120.836363,151.705103,155.826868,157.950329,164.118811,176.629788,205.205949,210.709378,235.389264,267.486153
0.711,7731.200000000001,2.9,1,,,,54.8036374,71.1184527,75.5915463,81.2918626,97.5477687,116.379819,144.592737,160.553151,179.022502,201.267916,99.9069281,130.415512,136.81171,137.389534,145.915148,166.134278,192.618832,206.34429,225.7231,255.646095,120.984024,163.16396,159.368679,163.326698,173.806281,183.351727,212.106039,224.087636,250.11742,274.014511,130.141113,165.704795,173.170575,174.971156,179.533813,197.292474,223.709062,236.23137,260.13395,289.758501,136.19193,175.951169,183.483458,182.817932,189.866964,205.108764,227.162961,242.868289,272.38967,302.044332,143.775652,189.282705,189.08147,188.452941,202.284819,216.811048,239.223465,254.878738,277.436509,315.8691
0.711,7731.200000000001,2.9,1,,,,64.3960226,82.930977,90.8416168,93.9913975,117.687149,140.035504,185.643279,208.095112,214.274921,233.672568,121.31559,158.777774,162.526143,166.457653,182.071683,197.512181,232.154371,256.744142,267.406424,293.214523,146.103233,194.194624,202.14188,195.240202,218.095459,227.529796,265.023832,290.531047,301.658443,319.151422,161.435875,210.138822,215.245334,211.68249,230.128248,239.416281,280.363189,305.329212,312.025774,326.678771,167.900698,219.586864,223.227035,225.57731,239.852343,249.662205,292.781454,321.102621,325.903835,336.856427,173.321008,230.336166,234.361133,231.659763,240.53435,256.522745,291.433065,317.473264,331.259293,345.913747
0.711,7731.200000000001,2.9,1,,,,73.9765091,99.7715975,103.711421,113.654552,141.84988,172.563953,217.672331,234.474351,247.480783,261.689352,150.999101,197.215219,201.309564,198.86024,220.373174,249.027596,295.432366,302.070888,314.309037,325.333263,185.817881,236.534483,237.992634,239.93186,253.934323,282.148214,318.499781,333.509381,352.995473,361.130428,198.975881,260.730604,259.438634,259.186192,271.827183,290.588692,333.531009,342.235076,355.745021,372.636262,203.521738,265.862507,267.653549,264.358005,277.533889,312.267603,344.397237,365.175507,370.209228,381.565213,212.143865,268.073429,274.343645,273.338383,283.648247,301.374333,350.663371,354.842779,368.02964,380.827111
0.711,7731.200000000001,2.9,1,,,,85.8659756,109.524856,124.23201,125.65638,161.523916,211.552863,260.253911,271.171355,286.819224,304.271358,186.873112,236.577626,239.096974,246.518317,267.064499,292.155694,325.723735,339.892568,351.211146,354.719106,217.41182,270.2081,281.550378,276.774034,288.23298,327.401866,368.589301,372.434036,384.191686,403.371441,237.035458,295.696388,310.629227,309.561665,315.365465,348.564663,377.821935,383.850592,393.183538,404.35954,243.777996,303.712878,313.942407,305.364505,315.302324,356.243344,377.932198,384.134085,390.549148,395.965699,240.287495,299.806403,308.603486,307.520738,315.134345,341.901512,377.05028,382.338956,392.299668,401.833776
0.711,7731.200000000001,2.9,1,,,,108.962676,155.884312,169.714999,189.534555,241.131312,305.09364,341.961296,349.478927,360.654994,357.709757,267.963515,358.048416,359.781202,357.591079,373.032727,400.696078,413.173538,420.761926,426.216583,413.997135,296.381197,396.572168,404.819509,395.645029,403.794132,429.151363,441.590348,446.179909,456.776624,449.268316,317.150549,425.485514,420.183826,421.096906,414.248216,423.206672,441.614604,441.316338,440.804198,434.599049,306.785111,413.213882,416.479168,410.241454,422.376576,436.9802,439.706765,440.7551,438.901275,433.989833,304.509517,412.984186,409.878048,409.175011,410.526651,436.860061,444.074026,444.602052,455.830264,442.397698
0.711,7731.200000000001,2.9,1,,,,112.399298,158.816829,174.623153,196.036642,241.986928,286.453668,336.805656,343.650338,365.695552,355.485303,267.606248,367.559349,370.275409,358.948894,369.76923,397.182152,419.879377,424.981762,423.97735,425.410017,310.68404,422.955478,419.947477,406.496759,416.325875,429.248187,441.026574,449.078358,455.905038,445.669961,324.749352,434.635388,429.269029,424.193124,420.224736,432.122614,446.563458,449.428423,453.987403,442.680182,316.440102,436.944954,432.325128,424.206453,425.363184,448.51409,459.397965,462.081272,463.096794,457.68377,321.726983,441.899048,436.156871,427.968161,433.452627,446.914756,447.294332,456.005565,461.044063,452.609662
0.711,7731.200000000001,2.9,1,,,,113.245873,163.546931,181.583655,198.315105,247.355254,297.367448,336.476496,351.413672,358.561215,366.112165,265.967719,367.159839,370.387828,366.143947,380.779913,398.40032,413.053281,427.599631,426.84605,429.120808,303.583189,424.849138,424.95552,410.418716,411.369653,428.23475,435.413035,453.358637,450.610016,442.83063,315.597097,434.377522,434.064551,431.260537,424.561511,432.695636,445.630292,448.577001,447.346227,441.24971,316.06594,434.457166,439.875456,423.378159,425.25249,437.976407,441.784853,461.177181,449.244515,443.276595,318.457237,441.020842,441.054263,427.854607,425.067126,425.226495,440.179544,454.358078,444.906361,440.388907
0.711,7731.200000000001,2.9,1,,,,106.090299,161.396007,173.556541,190.721317,235.035416,286.863787,330.418404,341.360337,352.304095,365.549614,248.991477,357.331115,360.14686,352.44177,372.244119,398.946423,412.157954,421.478574,419.38001,420.42539,284.200661,412.112135,406.422271,405.66534,413.180875,438.233043,442.064815,446.811508,447.685249,455.920281,296.947941,431.984087,425.098419,423.061428,429.963619,440.154963,454.507728,449.935454,452.337266,455.547634,302.741204,432.555141,433.986668,424.732116,432.005409,457.473772,458.08901,457.470093,464.625133,458.32813,305.552333,438.460619,439.372949,437.969381,426.753767,446.45609,460.96574,452.401665,458.04133,456.634898
0.711,7731.200000000001,2.9,1,,,,98.2595537,145.826422,166.278459,179.975271,228.52179,288.762326,322.277314,338.51262,349.151861,355.078774,234.835216,336.658633,347.328688,342.380952,371.675573,406.782198,432.188149,428.214269,428.909549,433.130854,281.558658,397.259981,401.762913,401.242485,404.738345,433.193766,438.019686,454.208468,452.448753,444.024645,291.027739,405.359648,418.095384,415.609626,418.246085,433.148608,457.759119,452.290137,448.872288,446.442083,288.373089,407.838301,414.376967,411.392293,416.238546,445.212803,446.29764,447.581618,448.602507,435.032623,283.640395,401.778825,408.453364,405.361635,406.86664,425.605897,439.626336,449.820169,440.472546,440.154861
0.711,7731.200000000001,2.9,1,,,,92.8856405,130.781344,146.218013,165.31478,210.268832,259.103897,306.894264,323.710315,347.503099,335.623512,213.328401,287.623651,300.537508,309.474447,330.125033,365.054568,395.52408,403.686735,409.674374,405.648936,251.866561,339.569753,356.063305,357.98591,376.685365,407.19628,426.929264,434.326708,440.874445,437.416142,263.401213,354.892078,373.009499,373.553771,384.683721,408.062692,429.70108,441.074144,446.491757,444.794376,270.583222,366.598904,375.491704,384.715285,392.741192,420.024053,435.851872,434.796518,434.195159,443.696397,263.97417,359.099525,371.01211,376.852648,391.866228,407.64159,422.929382,425.238173,436.865919,427.494095
0.711,7731.200000000001,2.9,1,,,,62.1175212,87.7906759,94.4818426,97.2155259,123.064951,153.424231,204.140498,225.148941,252.433296,259.193898,121.862545,174.944477,176.37562,180.863231,191.414614,223.214051,276.441398,292.948544,325.147599,327.690519,148.098837,209.534799,218.477785,216.854108,225.387753,254.129789,306.552108,329.151594,348.688094,359.732732,163.895613,229.150193,238.440476,236.255173,246.184464,270.10488,326.08251,349.371406,375.584458,381.880296,173.739881,242.337358,242.450655,249.082008,252.073228,278.937576,338.715548,357.477234,370.637716,390.753176,170.519739,243.931257,248.967199,247.947643,257.142504,277.251464,340.641004,355.134351,375.332246,390.114174
0.711,7731.200000000001,2.9,1,,,,51.8587744,69.7658543,79.1481755,85.0537699,97.8593553,120.737904,155.328947,181.900289,212.080336,226.825289,98.2482359,136.333294,141.596792,143.52173,160.525893,177.609583,218.961284,235.742157,270.540143,291.715694,119.897478,168.470282,173.18741,176.008711,187.799685,203.251017,246.525646,273.96356,303.475339,319.676133,131.55402,190.094584,196.281049,188.220282,205.522861,222.424936,265.219605,288.304083,320.299324,336.845179,139.610584,199.006585,207.710001,205.786007,217.408524,235.083534,271.850496,299.481885,330.256245,349.129753,140.334608,198.398623,209.801754,209.125123,222.732446,238.1932,277.199203,302.679595,333.440154,356.243031
0.711,7731.200000000001,2.9,1,,,,44.4684718,58.7700978,67.2503159,71.4722646,79.5372982,100.242896,124.87981,136.679601,166.880873,186.064599,77.3656729,102.011088,109.000101,118.367708,123.216047,140.626575,168.762295,179.84481,214.79433,240.46712,94.5294243,126.12632,135.190187,145.707219,148.587173,165.528354,190.025193,205.218139,246.218303,271.080854,104.821416,138.464147,154.327767,160.379507,164.360885,178.334715,206.852282,224.793707,259.63429,292.924457,112.789814,148.642844,161.6845,169.896206,170.754781,190.154832,218.141825,231.059265,265.248593,301.855426,114.105584,157.744665,169.775088,174.337553,179.324269,197.88886,223.966241,243.985286,283.189221,313.149422
0.711,7731.200000000001,2.9,1,,,,37.8360875,46.7625365,52.2727466,52.1530936,67.7015969,79.2545171,98.736054,110.218147,124.857303,154.213003,62.7823639,77.7089646,79.9846589,83.0658928,98.5272045,110.598143,132.692884,133.904434,160.578245,187.582107,74.5629959,91.7070563,96.1067668,99.7007202,115.874467,126.207739,148.376018,152.565205,176.289244,212.186883,83.4949653,101.222838,108.447434,112.594065,123.374726,139.338651,167.950015,174.523185,199.60615,242.246509,92.2800222,110.423624,120.027608,120.484066,138.314548,154.340712,180.608558,192.26274,213.62248,253.957217,97.6356537,121.652591,125.00289,130.423176,142.107083,157.060513,180.600781,192.432601,220.107979,259.964175
0.711,7731.200000000001,2.9,1,,,,32.5369614,40.5160598,39.4353805,44.8280446,49.5578409,63.0735385,74.9903798,84.1785368,104.843926,117.607593,49.1648339,60.088919,59.4031064,61.5071275,68.5408614,82.7620437,100.167004,108.573948,124.902804,142.341133,60.1691032,72.0559393,72.3894772,73.601659,81.6500758,92.9861831,115.959436,129.768877,142.396439,165.101829,68.7134823,81.9425476,84.6481802,82.9502964,92.4232766,107.763756,130.979069,138.389899,157.110856,180.318592,73.6416554,89.7798898,88.0282324,91.2818906,103.329264,116.654271,134.303585,149.564792,167.480411,193.07642,78.7516374,94.2791691,95.2603029,101.326987,103.604099,120.116055,145.745743,157.740632,172.725637,209.2144
0.711,7731.200000000001,2.9,1,,,,30.2585623,32.8974061,33.9080768,35.3196793,40.7283699,46.8067312,64.6267461,72.9583866,79.3700701,90.2258944,42.7476861,47.0438695,48.3318625,50.894782,55.1498661,64.4599516,80.6236394,86.8114949,96.7301653,115.008147,50.0470902,55.2897586,57.0500471,60.2924729,64.3199223,72.0851544,89.1068666,97.7722168,108.374483,124.506991,56.146361,60.8900293,64.0169271,65.8186236,69.3574829,72.5236639,94.7144764,106.938336,114.916847,132.653203,57.819938,70.0743064,66.8033461,66.9405613,76.3272695,83.0910112,103.989021,112.866795,121.34418,137.459257,61.6796074,75.5620544,68.7429567,70.9057567,75.0803355,82.8285225,106.017212,117.881349,127.446523,145.479581
0.711,7731.200000000001,2.9,1,,,,40.5416841,49.0914984,52.566773,52.9784119,62.6611542,75.7012967,95.1279875,106.94599,118.230577,134.185297,65.8889769,76.5478072,83.5647897,83.4742038,91.0691465,100.067679,118.714698,126.910621,141.051566,162.16529,77.0626464,90.1925477,93.1330149,99.3001234,102.842784,113.769701,133.955964,141.924353,160.437364,183.399984,83.7109031,98.7580591,111.014374,105.502184,111.310248,120.69317,145.537529,149.767691,167.483542,191.734726,89.4439785,106.53047,109.56643,110.167107,118.486604,131.676576,150.609424,160.78029,179.40659,206.71744,94.03676,112.607075,116.220836,119.953322,123.669166,138.917798,159.859812,169.433925,188.293605,212.001241
0.711,7731.200000000001,2.9,1,,,,45.2910229,57.4160882,62.6856899,65.8976201,79.8761363,90.7667775,113.608048,126.905217,141.069287,160.258186,76.1194549,92.4902686,107.036488,104.111417,113.673164,125.692116,149.623403,161.401786,180.118517,202.748516,95.1866611,118.592883,121.783897,127.533758,133.342787,148.629713,177.198416,185.129543,203.480379,227.462791,108.609556,132.318483,137.076894,142.191591,147.580592,164.573945,183.046171,193.732691,216.864475,240.262445,117.394866,140.064355,142.642834,149.365531,156.216569,169.309216,192.707663,205.340586,229.367114,256.294295,120.102899,144.7169,153.332443,156.493551,164.152738,176.867315,200.245349,205.22351,232.358211,263.062393
0.711,7731.200000000001,2.9,1,,,,54.9130974,69.6328256,76.4990335,80.3497402,96.1273332,120.457681,142.092867,160.259871,181.117767,200.659024,100.145194,132.430517,133.537727,137.101447,147.335966,165.589125,187.528119,201.358786,224.535686,246.995888,122.17916,158.017846,163.105086,166.786615,175.369074,199.034312,215.501334,231.921858,256.674643,281.484098,134.526421,177.007715,178.213165,182.855141,191.510991,211.300786,230.242546,243.508175,266.249749,289.888881,138.594556,182.450549,190.784909,186.522015,197.280065,211.409111,239.914773,250.161324,281.696978,304.650984,145.176742,188.145046,191.805097,197.481159,202.248628,215.479796,242.108937,257.658984,281.345185,309.608541
0.711,7731.200000000001,2.9,1,,,,62.295884,83.0589825,89.5161509,96.2028643,118.098162,143.841188,175.377805,199.42594,222.146921,228.449663,123.489471,160.90563,166.240165,169.072834,180.39912,197.863238,234.454788,255.721453,272.773675,282.514655,148.816966,191.64792,201.784053,208.623889,209.877032,227.336709,259.712805,284.260017,300.401348,315.100499,161.32715,208.375666,216.076002,226.029099,228.148982,243.542023,276.294003,304.587414,324.072263,327.82422,167.359179,220.965264,231.93546,229.955596,237.914719,260.103812,285.424427,311.205044,331.047706,340.84092,175.95608,229.97629,234.532882,236.939807,246.28338,262.201739,292.138309,315.288023,338.716607,343.918143
0.711,7731.200000000001,2.9,1,,,,72.9015818,95.1099304,100.28898,115.592061,144.912968,177.630132,222.031983,235.563467,262.614026,274.634868,154.928881,195.34218,200.664442,211.458759,215.59944,240.415115,288.721138,298.161403,315.963915,328.895902,182.939725,235.895559,241.340005,243.57593,249.25804,270.961622,311.225507,323.867339,345.457807,354.792345,192.536511,250.627697,252.25127,257.166899,263.505142,283.433108,326.831449,337.076352,354.286548,362.757857,200.696879,255.939674,260.853289,269.046813,268.63384,296.397339,338.893109,355.804874,366.180797,376.98881,205.46148,264.200411,269.422927,270.510447,272.968689,298.580262,335.190384,344.2147,364.743276,376.398897
0.711,7731.200000000001,2.9,1,,,,84.0200919,107.873293,117.769132,128.763962,169.050736,202.461999,250.24206,263.729957,283.563935,297.073398,180.253014,233.09798,237.241283,237.418871,256.942195,285.812377,327.167629,344.342251,353.816881,360.582695,220.968958,276.704178,281.933978,282.931058,293.855583,327.011318,367.339515,375.468327,385.753724,387.037371,236.757278,296.964359,304.401804,302.868869,314.213756,342.732506,375.15543,384.461481,392.315754,407.911382,244.183609,304.035161,307.113704,308.235215,316.95994,348.38663,385.924677,399.958079,404.283525,412.743428,242.81743,305.495195,310.954531,306.468803,319.25131,346.159841,381.614584,383.085325,400.826261,409.419542
0.711,7731.200000000001,2.9,1,,,,109.27756,156.567144,167.978838,190.275502,238.615359,287.924437,325.536884,340.902126,350.21,351.494108,256.12603,350.471039,348.849317,350.101971,366.269282,389.794055,404.040356,419.50837,419.084271,419.819206,298.220633,397.933538,405.026092,393.488681,410.735249,423.183078,439.476548,443.329665,441.50604,448.047861,304.375866,412.646907,409.20807,412.987256,417.355325,427.555631,440.734139,447.663298,442.760067,440.478189,314.239128,420.894688,415.550407,417.742807,423.380336,442.81303,450.115858,452.508606,446.638149,450.220495,307.921826,419.734664,422.082033,419.520902,419.685048,431.048168,434.103654,443.781262,455.884257,444.003577
0.711,7731.200000000001,2.9,1,,,,112.548489,159.569978,172.743868,192.76117,249.24547,293.873728,340.331033,358.070851,365.806379,364.897956,269.578963,368.24391,370.924315,368.082406,388.744205,397.839498,414.450703,424.015318,426.421029,432.359684,308.910818,425.627998,421.060588,412.131476,413.695105,440.958168,448.46982,454.137265,454.579269,452.421424,322.68778,433.532817,438.945419,430.148005,426.363747,438.224896,437.090471,448.085378,446.188088,445.696383,318.689786,432.245234,434.315344,421.861374,425.080844,441.799581,443.443653,457.952499,453.282353,451.590074,324.691735,440.716764,440.755376,434.155492,430.561972,444.17918,443.655444,447.426953,456.521038,455.15537
0.711,7731.200000000001,2.9,1,,,,111.249579,159.885326,177.22871,189.725017,243.962806,289.930323,331.404127,347.901888,361.853642,361.944348,266.466298,369.137659,369.931316,371.459251,377.912418,403.426734,424.417629,425.101296,432.287973,430.29881,308.185176,423.543732,421.150752,415.958028,429.554173,440.504507,454.708977,458.208804,460.73577,452.745197,319.630085,439.266267,442.014899,432.434151,433.495653,442.647216,452.914838,456.138293,458.861827,457.736288,321.473613,445.931837,439.494561,437.941561,437.874837,451.333643,463.241923,463.443768,464.360722,460.290555,322.551144,448.465682,446.399139,431.081277,424.487732,441.017554,454.154797,456.996877,455.350002,450.814448
0.711,7731.200000000001,2.9,1,,,,105.370908,152.982559,172.497469,191.790791,239.972867,285.808014,323.886381,339.492409,349.923126,353.836009,245.484528,362.599888,356.679584,354.372162,364.361856,392.845876,417.414353,410.812457,417.515798,417.597461,282.005662,399.430081,412.664783,402.165529,410.557744,424.913642,431.16599,443.126992,443.223087,439.326718,297.168664,423.897368,422.326084,410.211257,419.80212,434.609041,440.719753,444.58404,441.895651,450.785411,296.175094,430.026164,421.974003,416.298383,419.810677,427.588981,442.718351,444.064104,443.267772,437.195684,295.437917,425.712707,414.494907,418.160971,415.523337,421.298883,441.933401,443.863499,435.70085,436.254195
0.711,7731.200000000001,2.9,1,,,,97.7852339,147.121875,160.335602,176.31438,222.2256,271.107831,312.885975,331.644606,350.405851,354.345219,226.68594,322.430157,330.73148,337.288467,365.710586,388.072225,417.127603,420.015192,431.447381,427.006252,271.816135,383.492526,391.596479,392.698456,399.430194,424.995789,432.913496,440.481864,441.322517,433.472134,279.358713,393.856105,406.448359,396.747347,401.564651,421.951783,427.594564,436.288283,451.575271,441.027639,279.447425,398.054268,408.238273,398.861983,407.112315,425.226729,430.71799,438.014435,443.025697,431.556311,272.402993,387.08194,397.931174,398.374608,396.666777,414.648967,431.189099,440.766567,435.917441,445.14643
0.711,7731.200000000001,2.9,1,,,,91.8338685,129.416902,143.681135,167.146697,212.870118,265.817768,303.757093,322.745685,334.486211,338.609457,214.127646,286.111117,309.705718,312.652142,335.255822,367.349272,380.612605,395.727951,403.128118,394.771705,248.630003,336.154775,354.63634,354.739722,376.350205,405.771677,414.966507,428.205407,429.35677,432.49525,261.893346,350.473246,370.91668,375.782458,388.835975,412.938829,427.098427,436.964565,433.123224,430.720813,262.601788,349.909997,379.917553,375.644687,393.901627,419.103547,424.756064,428.227273,429.689981,427.2321,263.118987,351.532736,379.580791,378.597149,394.247848,423.602102,435.681261,438.339751,442.899896,438.880486
0.711,7731.200000000001,2.9,1,,,,61.080354,81.2236404,94.4721855,104.447576,122.100816,155.802928,205.891502,230.524123,241.138871,250.580786,121.171274,171.572112,180.133317,177.890406,196.570727,215.228194,270.352671,288.645038,309.831407,324.847372,147.420855,202.965492,217.449365,214.946867,222.026364,246.923069,299.961137,327.731713,337.705868,348.982284,163.028778,225.043667,234.151206,231.285774,240.336895,273.113844,320.267545,347.18831,363.663656,370.213838,166.853031,233.311889,240.718209,239.666616,252.249679,275.935464,329.811275,357.285893,366.026144,377.27222,170.62523,238.262227,250.602115,247.754212,255.802752,282.496562,339.486471,361.698979,372.749782,383.03715
0.711,7731.200000000001,2.9,1,,,,51.4205668,73.4605694,77.4138786,81.1581526,100.649329,122.388263,159.608491,179.489288,205.134536,218.185248,94.9139492,139.451623,145.068234,143.99083,159.765986,180.661325,221.542449,237.312941,264.731141,285.008368,119.613213,174.698422,178.160874,176.976336,185.83139,204.098234,248.910161,274.301522,300.514292,317.968037,131.218339,189.277594,199.133031,198.876205,201.812544,221.562518,266.883486,293.208089,326.284917,340.486469,140.361701,200.849955,206.848692,208.442984,210.170563,230.438128,273.598102,296.063121,325.3252,344.525915,140.61527,201.592412,206.581059,209.733084,216.327458,234.290998,273.067836,296.214049,326.60085,341.591744
0.711,7731.200000000001,2.9,1,,,,42.8854278,57.4443799,68.3804349,69.8209628,81.3074894,96.3698723,124.163842,138.952384,171.961757,187.038084,77.1412984,108.758816,120.007523,114.65984,127.688821,141.506957,167.375972,182.741021,222.081039,241.741473,97.2091066,127.644194,144.895664,142.223166,149.973453,165.042615,197.756944,213.407124,250.885217,285.150614,111.325543,145.974138,163.215248,161.698965,174.651462,186.860702,213.531003,232.864025,272.607984,300.022561,119.108242,155.589579,171.869145,170.973661,180.767236,194.283599,220.481662,239.923124,278.394228,310.749945,118.242486,161.73464,174.151425,174.53785,180.537178,196.285373,223.62018,240.739206,283.637976,317.34775
0.711,7731.200000000001,2.9,1,,,,36.5258693,46.7280544,48.4955121,55.9112111,63.7856348,76.6849699,100.751663,110.236049,125.278367,150.328614,61.1732612,76.4175296,80.7999009,86.104601,98.327212,107.984844,132.223666,137.265204,158.950083,192.023959,75.4847131,93.2430301,99.1952493,102.380617,115.766922,131.381485,152.441037,163.686636,183.824731,218.686369,86.0851299,103.370669,109.931305,110.447243,124.230365,139.164098,165.274675,177.432644,201.537093,233.487305,93.6114105,111.413825,123.399721,121.442062,132.917798,148.389796,173.1086,187.324001,212.103978,247.267438,97.4793015,117.604548,128.460319,126.187023,138.377626,157.367527,180.731453,192.263714,215.914587,259.833138
0.711,7731.200000000001,2.9,1,,,,31.5208898,37.0829193,42.4985904,42.5569843,52.0081556,59.4936997,75.2787128,84.335933,94.8283152,114.193679,47.8760219,56.1843826,61.6350598,60.0574574,68.7065882,79.707962,99.7608424,106.497258,118.75852,145.272415,58.7441025,70.3356366,71.6531922,75.6012513,82.0326356,93.1690612,113.66715,124.721964,138.027776,167.719454,69.9521595,79.2907075,82.0370457,85.1667959,89.6361938,103.895876,124.513043,137.577927,155.524138,181.089871,73.4579278,85.195293,87.8344431,87.662234,103.341082,111.498207,134.011831,146.58463,162.121928,192.292131,78.4773274,88.5310771,93.2033547,99.3786779,104.973352,117.533502,139.044079,145.608539,161.941874,196.628468
0.711,7731.200000000001,2.9,1,,,,29.6776099,34.216811,35.4710149,38.3722251,39.1959339,46.2523863,60.3060036,69.0659184,77.3210733,89.1740493,39.9757795,45.7609405,46.5998685,48.6513062,51.8882709,60.6686753,78.1766451,85.0766972,96.3221569,110.949192,50.2962393,56.0457825,59.6586146,58.5565474,67.2014367,71.3812822,90.6079574,96.8149514,113.34704,125.913672,55.3334929,61.5492841,66.6548299,64.4391896,73.9743664,75.2319548,105.220159,105.303498,120.810853,138.32909,60.9844891,69.8672781,72.0054793,68.7423132,79.2285309,83.2238999,103.591039,115.235938,129.216668,143.804944,64.7444862,69.5467497,75.4083125,70.9834135,76.54476,85.2531116,109.747088,115.896096,131.047149,147.094638
0.711,7731.200000000001,2.9,1,,,,45.432598,54.0412343,58.3645126,58.9566247,70.7672005,78.9764421,94.3295706,101.48288,113.875618,128.782366,71.557481,82.2019579,87.0740312,88.0201413,96.1976557,103.128849,120.224281,129.172787,141.37773,157.145668,85.1602994,98.657939,103.977699,101.929678,108.710699,120.434181,134.4334,140.616644,153.905013,171.299652,91.4617189,105.611584,106.359848,108.207929,115.35798,125.577282,138.594007,144.266882,162.489719,174.73568,97.3876509,110.869815,112.740383,113.034944,119.527207,130.680802,149.625967,152.189697,167.900963,182.23991,100.543032,113.027247,115.982138,117.189621,122.208292,133.213156,150.287836,160.541096,171.068633,191.963301
0.711,7731.200000000001,2.9,1,,,,52.6345193,64.9280129,67.5735306,71.5808233,84.9493222,99.5114006,117.490495,126.732746,141.879402,156.916602,87.8909635,105.490172,109.304284,110.082227,121.163769,134.039966,159.559322,165.865746,175.381934,191.941357,106.691565,128.887388,131.192342,131.082486,139.59083,150.725805,166.744663,176.673633,199.740334,213.406184,115.808471,137.845056,143.227562,145.694546,150.860263,163.90097,179.172729,188.991592,208.890764,224.005316,121.284845,145.702333,150.063184,149.443341,160.293871,170.114959,184.52597,196.174081,209.623853,226.091441,125.274167,146.660153,154.205265,154.733176,159.458374,171.06861,189.007683,198.554561,215.70561,234.82868
0.711,7731.200000000001,2.9,1,,,,60.8300099,73.488308,78.7734305,86.4549216,100.736623,114.366823,142.349726,157.270261,175.013198,194.734452,110.077567,133.222123,137.588288,139.252777,151.137635,165.624884,190.159965,202.293203,215.726889,227.233268,129.826818,155.418274,160.54252,164.695387,169.369682,182.833921,205.54538,224.021419,248.196605,259.701406,143.125364,175.466441,177.112429,177.420918,183.793859,197.537765,218.766307,234.809207,252.816823,266.909557,146.437956,181.025053,183.339068,183.452099,194.619729,201.655813,224.378462,235.082011,250.165597,263.774297,150.38289,179.213324,186.191872,184.664075,191.714541,202.553708,224.25318,243.755661,259.358577,271.529545
0.711,7731.200000000001,2.9,1,,,,69.8535681,88.8663119,93.2163697,102.139497,120.349185,141.623645,172.19249,186.954265,203.789724,215.175694,133.839486,167.221995,167.46411,169.113147,178.042215,199.249273,220.065552,232.956639,247.223736,268.644855,155.032194,192.277664,197.013613,196.3901,205.309087,220.418282,245.987164,255.08858,274.692801,276.12698,165.350467,204.382059,211.525294,210.202612,219.837391,229.709635,252.038853,270.591032,282.903566,297.330968,173.641361,217.136135,221.028091,218.038954,226.584806,243.644528,266.216625,281.996013,299.804243,307.703643,177.252953,220.814748,228.071164,224.372353,226.991847,240.827775,266.207828,274.40248,292.564133,303.163065
0.711,7731.200000000001,2.9,1,,,,79.4417064,99.8409252,107.766593,115.433313,138.269269,169.283941,207.781792,224.074534,238.081679,246.52434,159.312254,192.281714,197.892081,202.710182,210.048747,227.399229,255.313279,269.989149,279.635042,283.134449,180.3904,222.650352,227.096252,226.186063,233.614319,252.955063,280.664452,298.60098,306.626986,320.51571,196.125835,242.600793,247.642172,245.825047,251.267424,268.957099,294.933973,304.306224,314.762323,329.994284,201.070413,247.926004,250.810023,249.899003,259.56066,279.909021,300.878764,316.555137,322.824046,331.039097,208.310005,254.733444,259.024098,257.670213,262.482815,280.558745,314.497145,326.972444,331.043726,340.957774
0.711,7731.200000000001,2.9,1,,,,88.8315163,114.910816,121.897636,130.983224,160.48513,196.498903,238.490278,250.71545,262.524483,270.802012,185.869025,227.236912,236.644622,232.389231,246.151644,267.436843,296.546311,312.275602,316.97107,332.393916,219.546234,271.634217,269.14585,269.480255,278.586146,293.686128,328.565931,333.697018,341.252404,341.680235,230.224637,283.173293,286.097696,280.185013,286.523023,303.788358,337.973171,350.865212,349.877223,362.585055,240.010141,295.307705,292.701513,293.629463,298.497676,313.517373,335.728488,350.906408,353.534041,357.46155,241.714905,292.313132,294.845779,288.437156,297.442533,314.07909,343.315662,352.09272,354.863602,363.869555
0.711,7731.200000000001,2.9,1,,,,113.752462,153.039953,164.265782,182.96671,226.40745,275.092286,306.159633,322.485456,333.582312,333.677909,259.635999,333.008073,324.319143,327.239634,341.311206,365.604021,384.53212,383.646087,390.741196,387.309096,293.803226,374.321242,371.973959,370.108199,364.813195,389.453453,394.271361,403.576366,397.12635,401.338074,299.360661,387.439988,382.246118,383.485437,371.352954,380.442299,394.332399,398.315035,397.59695,398.987402,300.291557,383.608942,380.770637,377.040789,373.506289,395.291743,397.887382,402.939993,404.254761,404.35127,302.133989,384.087956,384.100513,376.480129,372.153482,383.965312,398.979569,403.278635,417.095995,404.732348
0.711,7731.200000000001,2.9,1,,,,115.205596,155.864836,169.637397,181.293782,224.799335,270.911304,306.850906,312.481624,322.634804,329.234535,257.747047,339.600226,333.167924,328.96262,336.531214,354.710608,382.981053,382.46731,387.577021,394.558323,300.22737,388.745175,380.07937,372.102829,375.148467,386.014253,404.982007,403.348555,407.084103,406.528951,312.714373,403.396822,398.929198,387.781947,389.651348,394.501555,424.512596,417.490417,419.29691,416.65187,314.403811,408.916647,402.467022,390.626757,386.071767,392.63838,407.792155,404.890445,413.215113,397.851306,303.444691,393.985569,389.292968,376.685722,377.356148,389.85007,403.737674,405.227958,408.810127,403.043395
0.711,7731.200000000001,2.9,1,,,,115.255811,159.626809,169.548251,183.487226,226.028815,267.613799,309.761409,327.310047,328.99406,338.428781,261.650597,343.081186,336.930458,335.500509,347.872077,362.779765,379.701569,384.895204,388.091466,392.466477,297.370928,388.254337,383.904179,374.691027,380.436878,390.388528,404.685338,411.425493,412.969455,408.483663,304.969549,399.528451,396.042275,387.047341,386.794738,391.492386,405.924574,413.956216,411.709112,410.077138,306.18022,404.819519,394.712029,380.248638,393.765895,397.349966,408.974722,417.577497,413.201612,408.644616,308.7728,402.349037,395.648701,392.938947,388.250273,398.292829,410.00793,415.706288,413.957779,416.140366
0.711,7731.200000000001,2.9,1,1,1,1,109.966508,152.121203,169.368045,182.30223,224.639071,260.70093,302.242704,319.301143,325.749929,326.074272,248.484392,323.549404,330.260266,328.725585,332.364095,359.969526,369.251057,375.137737,379.808928,385.118121,279.283066,368.720719,372.744606,360.78226,370.081765,381.680683,399.941797,401.913773,403.948407,401.038584,293.58947,382.049192,393.57737,379.481502,396.365077,402.837796,410.567407,412.075927,410.802406,402.718535,300.135966,390.618814,397.888964,383.169821,390.020177,401.758115,407.737189,408.218519,409.85685,408.394892,298.784693,390.541092,395.37567,392.598384,385.420695,394.189971,408.626448,406.763911,410.771265,404.624467
0.711,7731.200000000001,2.9,1,1,1,2,104.58488,145.172547,160.224346,170.162168,220.02425,256.537401,296.09967,306.02471,313.09253,328.380517,234.671713,311.177294,318.081262,313.366963,325.543467,352.25349,372.546823,381.083751,384.047074,386.543957,275.7994,361.988392,371.277984,362.895271,368.767979,380.55272,395.639307,398.84597,398.635284,400.356118,285.014106,366.084451,372.892289,371.344158,375.79716,393.303228,403.655242,403.555856,397.128762,406.651792,286.094971,373.606828,381.191068,372.092751,373.977927,389.853971,397.617704,412.881871,401.19327,404.568403,283.185874,372.512797,384.241001,372.280182,373.562764,384.165409,393.751232,400.074358,394.623135,397.738997
0.711,7731.200000000001,2.9,1,1,1,3,99.0251095,129.333017,143.977242,161.355888,199.939785,244.862656,280.922284,301.306405,308.02303,310.694934,222.387627,287.848286,289.191253,293.219391,309.544222,332.594026,349.813055,360.158101,363.824029,362.019446,251.359233,317.732298,330.787076,333.704541,346.576303,365.487494,377.242261,388.545215,391.640337,387.200889,264.869418,342.165398,347.568617,343.15623,362.535218,379.398872,394.477831,409.17884,399.607322,400.383115,275.729373,355.41025,361.730038,358.452521,360.244506,383.820174,389.795134,403.247675,396.765483,397.075845,270.665597,343.176364,351.199402,345.992321,349.323617,365.617913,385.108127,393.700789,387.817839,390.900438
0.711,7731.200000000001,2.9,1,1,1,4,69.8902298,91.4748386,101.538821,104.867683,129.643376,158.061033,199.743248,221.835882,237.67563,247.897522,145.092153,182.587229,188.437638,189.5269,202.100527,219.653745,253.50383,272.493204,283.514755,293.153383,165.26114,210.410913,218.612028,212.485552,228.269622,248.452744,283.17466,299.791803,317.192616,319.659614,182.053397,228.485642,234.008464,234.890942,243.924156,259.517666,294.318554,317.800886,328.504415,337.47983,185.912529,239.652146,247.559004,239.180052,251.530858,265.009418,300.885904,325.333537,329.021448,342.473314,188.098189,241.987503,244.620698,243.143947,250.02589,271.607441,296.673363,313.562256,332.635309,336.683418
0.711,7731.200000000001,2.9,1,1,1,5,60.2455081,82.4565359,81.988145,90.832198,103.929744,130.836901,154.611908,169.751917,190.727025,204.385563,109.280858,143.65749,145.209886,148.351217,157.326081,181.150051,208.383864,222.163931,243.262047,260.191718,135.358293,177.536246,178.099928,181.169417,189.698367,212.474901,237.371762,254.895981,274.107654,287.860411,148.157288,194.516209,194.968363,195.125369,203.904547,216.301262,247.568209,263.91662,285.35885,301.012072,156.211803,201.978483,203.130458,207.343664,214.71273,229.183436,256.139035,269.079095,288.748957,306.753864,156.707777,202.208578,200.944813,208.286575,210.923599,225.055773,252.344416,268.322409,286.354769,302.591837
0.711,7731.200000000001,2.9,1,1,1,6,51.2332396,67.6743402,70.0306728,72.5421047,87.3871211,102.910598,131.640626,137.395849,157.398485,171.830506,88.8057401,112.253142,116.756698,117.458968,129.33685,143.171473,168.283788,180.661718,203.996792,221.187092,110.831674,143.745423,142.800452,145.022616,154.013973,165.003255,192.177297,201.582145,225.96424,242.766234,121.864844,155.780528,156.748405,158.521884,167.921717,177.992519,203.798987,214.618112,234.595213,252.850762,126.032125,161.056008,166.379594,167.036572,168.906964,185.84181,208.87653,221.823498,240.260026,264.72993,129.127763,159.733241,166.544956,167.066703,175.608488,190.141556,209.281243,223.431925,253.428089,266.503525
0.711,7731.200000000001,2.9,1,1,2,1,44.3171412,57.0806883,55.6212281,59.9822105,70.6716408,85.9248369,102.069543,111.416603,128.986655,142.343938,72.6004985,88.418588,90.2791383,91.9177966,101.010708,115.713493,133.259878,147.508295,161.513491,182.302237,89.9410681,105.695526,110.508626,113.277117,119.076901,136.161377,151.391727,160.900989,179.253473,202.594413,100.172576,117.698705,121.037595,125.825021,130.195851,144.340758,160.346939,171.096085,191.044143,212.175846,105.338879,124.511787,125.982404,128.966941,137.226475,152.083323,170.597079,178.846914,200.392534,220.571695,109.139543,129.734486,133.586389,136.992527,142.514182,154.218341,174.522428,185.121396,205.871817,226.06365
0.711,7731.200000000001,2.9,1,1,2,2,37.9711653,46.251958,47.2585165,49.0017046,56.9693563,66.717982,84.7022196,86.6084535,98.2510474,117.263072,59.2926507,68.9385747,70.0184662,71.2057005,77.8374409,85.8030861,100.704255,105.312806,118.074357,139.057292,69.0673339,78.307602,81.7374983,81.6196317,88.8696064,97.3163047,118.227247,122.061041,134.478717,152.955752,77.8278306,87.2687855,92.3893462,91.4593242,97.3517962,107.556836,128.639299,133.918014,142.958971,165.778206,81.1525313,93.6845544,99.0083119,98.7093427,103.341478,114.217311,134.163359,140.604455,150.90231,177.876656,85.478011,97.5850702,103.099872,102.563709,108.321003,119.427152,137.369359,144.036646,158.680937,182.694206
0.711,7731.200000000001,2.9,1,1,2,3,35.7022874,39.9063808,41.6806424,46.5926694,48.9711167,54.8901227,66.553279,72.572167,78.0640544,89.8428473,47.6523724,55.956339,54.6742016,57.1529033,60.7616383,69.5233299,79.6933652,87.4931969,96.1616422,110.770028,57.9689986,63.5546368,64.833871,67.3393008,70.6242346,76.533506,93.460991,97.5357761,107.192474,118.641762,62.5011816,68.6392894,70.425115,69.9510021,74.4294864,83.0374912,95.4081785,101.858167,113.20234,128.491678,68.0002255,74.9146916,76.8692922,77.8848735,80.3805512,87.7819735,104.879218,109.251707,119.515263,135.116526,71.1051289,78.1211597,78.3927195,78.0900592,85.6878614,91.1266702,103.624658,114.394392,124.030217,137.102707
0.711,7731.200000000001,2.9,1,1,2,4,47.4474059,56.2648575,63.4099869,61.4634195,68.0250192,77.0779968,93.1742074,102.141489,108.989941,120.376509,70.5595451,83.288632,90.1159956,85.2569443,92.0099352,103.421998,116.461168,125.877088,138.610856,150.503818,85.190809,99.6192536,100.142766,101.439411,107.20392,117.900187,131.026268,140.785443,156.880805,161.742264,92.432433,104.550507,110.117383,111.736618,112.817658,124.708979,136.069792,145.693589,157.048075,170.655218,98.2722911,113.343294,114.243397,115.160214,120.964769,129.779105,144.149143,150.101699,162.693617,174.18431,98.6522714,113.533266,114.317064,116.308974,120.993333,130.738014,145.54635,154.221877,165.58062,181.820294
0.711,7731.200000000001,2.9,1,1,2,5,54.4169033,65.1734603,69.8782862,70.9185651,84.2908501,97.4775962,116.662628,126.949252,138.714677,152.052126,90.7134231,106.476961,112.115807,115.302203,119.85826,131.719774,146.968184,156.34901,171.088928,187.09413,106.866779,126.583384,128.284343,129.801003,134.586991,147.469877,164.412086,173.842307,184.882503,203.222751,117.565409,139.919169,141.000562,142.776181,145.858888,154.003187,178.056324,182.914862,197.267756,208.543482,122.350962,146.259917,148.367996,150.050789,152.61629,159.539049,177.351045,184.25769,196.516765,213.919705,124.472207,147.40783,147.817139,150.836308,153.174865,160.786479,178.92132,189.733599,202.04592,222.244097
0.711,7731.200000000001,2.9,1,1,2,6,63.1658161,76.933188,78.7090094,86.5017019,104.045614,119.654797,146.255878,154.809836,171.572714,182.448832,113.05207,134.981124,136.133356,140.829993,147.521987,161.221019,179.200089,187.58375,203.483215,216.167587,130.304575,153.721953,157.170208,162.974612,164.420555,176.913951,197.13409,210.399496,223.201978,230.8642,141.75675,169.434134,167.265349,170.502687,177.166536,188.465047,207.933115,221.827467,229.791504,243.463052,147.205316,176.768707,178.945305,181.786959,186.111883,191.820533,210.519123,221.628451,239.898025,247.352068,146.633672,178.264076,181.540141,182.716553,187.65673,197.240185,218.012539,229.189943,241.467985,255.861208
0.711,7731.200000000001,2.9,1,1,3,1,70.9643049,89.2640039,91.5857263,102.834132,120.353867,138.794012,167.025017,177.009972,195.608809,201.867182,130.17058,159.528748,161.289994,164.504916,176.051202,184.575609,211.700415,225.669913,235.045544,247.164377,153.892489,189.723179,190.605556,194.611413,198.24414,205.961171,235.218634,245.206975,259.291812,263.189528,164.290432,202.164618,202.392797,203.282764,209.027716,220.589206,240.595042,252.403772,267.426419,272.540678,166.493651,206.114058,206.878788,207.828341,208.912933,221.640464,247.747796,263.42043,271.339863,278.33934,173.56938,211.96012,214.915677,214.705843,222.327301,229.89695,257.46626,261.755706,281.744944,289.11342
0.711,7731.200000000001,2.9,1,1,3,2,81.8830973,100.093945,105.614123,116.774722,136.749563,169.531829,199.658441,217.029615,229.651792,237.029898,161.0598,193.574578,197.373966,201.234526,208.046391,226.893072,254.987571,271.423267,281.189657,285.223749,190.369684,226.438987,230.474408,233.300003,234.349792,248.512747,272.508483,289.943447,294.840522,301.336688,196.326455,237.092467,239.674655,240.741955,246.763315,260.032839,281.731503,293.163141,305.528675,311.18995,202.853529,244.206437,245.557874,248.697606,251.315568,262.513201,286.785804,300.038255,307.240937,306.879085,201.683729,247.652055,250.569592,246.842005,249.814856,264.228527,288.61458,298.044845,307.624552,312.400694
0.711,7731.200000000001,2.9,1,1,3,3,91.590934,116.510161,120.917975,130.081623,161.339464,195.587685,224.172327,237.3331,248.749229,250.318707,181.606715,218.817956,221.627662,224.36707,233.302315,255.117215,281.168281,294.855399,301.483686,305.416122,213.172331,257.925192,264.198074,261.343348,274.096917,288.843915,309.559054,316.378865,322.496845,329.622634,226.637827,275.53486,274.539994,273.863655,282.761922,291.648553,310.008821,314.035812,318.010351,328.118757,221.017721,264.412776,268.505515,270.896242,279.837833,291.983201,311.26112,318.083212,326.991544,332.347871,229.708476,272.55021,274.526968,276.736984,280.375896,294.156257,309.971101,316.908791,325.513963,325.827437
0.711,7731.200000000001,2.9,1,1,3,4,115.068899,148.509434,158.962732,170.82951,213.551769,252.650228,284.297476,296.418944,299.578153,309.341304,245.646001,309.479046,305.058601,302.605519,310.204247,325.54597,352.466564,350.920652,357.498591,359.705475,277.714244,348.0705,348.559397,338.627973,342.500091,351.785388,365.230522,374.377219,371.06926,378.5761,289.346414,364.22659,359.433677,356.995345,353.828008,365.902143,381.440489,379.395401,382.047296,380.320081,294.93494,371.060668,366.335471,356.27803,352.230757,360.740827,382.124623,379.234869,376.598564,373.521396,289.86968,363.897385,363.467186,357.085967,358.310099,366.14977,375.926945,377.683936,374.883887,374.435058
0.711,7731.200000000001,2.9,1,1,3,5,116.442651,156.064158,164.133758,173.620524,219.834117,260.645846,293.894034,300.513415,312.834383,308.492645,250.138549,319.241397,313.895058,313.48893,322.769018,342.389154,360.808139,369.63734,374.424464,368.309969,290.118822,369.532291,364.186315,356.127146,352.152485,368.338662,376.182089,376.754701,381.768794,374.141517,293.403064,367.171902,368.308141,356.008376,357.607086,372.753765,379.349173,375.737383,381.431696,379.927199,298.257389,373.789867,371.999035,359.330523,366.669323,373.034845,371.765592,379.259693,384.771578,380.931448,294.117968,369.650904,364.986225,355.687825,361.92866,360.728568,373.762173,377.931857,380.962015,376.962418
0.711,7731.200000000001,2.9,1,1,3,6,115.526246,152.826203,163.820236,181.366214,222.553235,264.630991,300.51055,308.970556,315.831414,321.696874,253.53732,324.02543,320.682777,320.005753,329.391455,348.624759,359.521663,374.348146,363.102836,367.620602,286.516378,366.551901,363.492096,363.444743,359.226748,369.062321,390.643652,390.645352,386.605309,387.591544,301.518893,379.680422,372.538597,373.714986,367.853544,372.806493,385.300188,385.930861,384.827695,381.719119,299.859425,382.216486,379.535899,368.768135,371.962612,379.537936,382.259104,391.074394,385.002421,387.454392,298.905576,381.905095,377.270653,364.789718,375.546988,376.968224,384.191934,396.121992,385.291936,382.712199
0.711,7731.200000000001,2.9,1,2,1,1,112.038358,151.178193,160.747803,168.781717,213.108832,253.970176,292.057364,298.493944,309.110749,315.722978,244.556515,317.245446,319.071507,313.380831,324.951332,341.15446,365.455225,365.445702,366.060308,368.645106,283.214091,366.439791,356.690039,352.381777,363.440751,373.317783,385.473981,384.209511,386.356693,382.707072,290.490652,372.868746,369.358159,358.302559,360.444754,370.212731,378.00752,376.938769,383.381102,380.235854,290.568971,378.417285,372.676815,360.019361,358.992144,371.423481,380.2852,382.995989,385.374703,384.112297,291.16347,372.71669,366.98617,360.759028,362.933175,364.799567,373.096625,380.711145,385.569795,383.890009
0.711,7731.200000000001,2.9,1,2,1,2,107.054887,142.639211,151.24364,167.047631,211.574873,247.264688,276.409496,284.950335,297.158825,295.582344,227.254457,293.014177,293.335932,293.038126,308.835587,328.443682,340.670212,345.805245,344.347648,348.196302,256.598207,323.99178,326.786226,326.326266,336.054177,350.923444,364.591133,374.825929,367.941283,362.568015,272.503066,348.525884,347.318867,349.639802,349.732605,358.346382,365.037997,368.895121,368.891443,372.326206,270.19244,347.030265,346.99596,343.794484,353.478201,377.001828,370.089125,377.373616,384.292859,381.191625,280.399773,357.919696,359.080835,353.290773,355.863261,368.442912,371.940126,370.284995,372.939263,369.600982
0.711,7731.200000000001,2.9,1,2,1,3,101.603492,133.642764,141.91411,155.244797,191.866876,228.761074,266.099947,276.935618,284.108391,288.345266,215.419436,273.924324,268.319448,279.186173,285.981401,307.758689,336.153188,348.420385,346.19703,349.531816,250.928887,316.054032,318.314538,313.582361,320.90387,339.439288,352.728971,361.030767,364.767806,364.265852,264.928012,331.226597,332.549162,329.268839,334.323782,338.851596,357.163953,366.750741,365.665362,361.098684,255.972361,324.286967,329.717975,331.285979,336.29629,347.215061,355.854829,368.490622,372.827782,371.96861,259.035405,330.681736,335.909411,332.38928,328.867722,351.525854,361.572892,368.771339,370.620842,374.829564
0.711,7731.200000000001,2.9,1,2,1,4,73.9904815,91.2586757,100.884456,107.918563,125.50997,156.348497,187.867639,203.231342,222.822679,230.185374,143.829328,176.489694,186.914324,182.706533,193.287432,214.38919,244.492383,258.294088,264.875295,276.117043,168.203288,209.35089,212.699252,216.831233,218.499551,234.168222,264.717162,277.567365,289.347397,299.280789,180.263138,224.047339,229.490524,223.034632,230.40225,253.534123,279.119388,289.189694,304.542897,309.741677,187.304635,233.450519,237.837937,232.322979,242.103552,256.133325,281.97431,294.511514,298.457244,307.348407,180.848518,224.757319,235.897218,230.005122,236.327643,251.167538,278.424221,294.177187,300.778408,314.014681
0.711,7731.200000000001,2.9,1,2,1,5,63.4744234,83.0437775,84.5758807,90.4415764,108.797505,129.158391,156.179768,171.05971,191.06113,200.372723,118.698824,147.076295,151.081309,147.256577,159.870012,182.39037,206.982247,220.166712,236.348284,248.14832,141.569461,177.009412,180.439209,182.971442,184.536656,199.320899,224.63067,242.925755,256.81189,269.497433,151.069291,189.268574,190.552924,194.905513,193.87635,211.705266,240.148543,246.962911,267.623231,276.857205,156.724615,193.261543,199.699018,199.072536,203.919437,219.667583,247.504613,256.786106,278.734944,288.960305,161.163936,200.290006,204.856746,201.626212,210.080947,219.591643,246.718795,265.843686,276.801887,290.89771
0.711,7731.200000000001,2.9,1,2,1,6,54.9409189,66.610899,72.3357089,75.5197398,91.3974416,105.245724,124.416628,135.332253,150.238632,166.773659,91.2009257,113.606148,115.699254,117.75979,130.462397,143.506212,160.666621,173.705826,191.744363,210.613905,114.32657,139.335921,145.003889,145.969311,153.763628,162.388944,182.227513,194.92659,211.578053,222.882262,123.069433,150.022971,154.662132,155.597855,167.208519,176.212422,198.383508,208.480006,222.250239,240.378509,131.398677,157.986853,162.061654,164.876732,174.828243,183.226645,201.608229,216.285319,229.01838,245.881497,133.172669,161.943062,165.846212,167.735729,178.435948,181.354526,201.554468,208.242861,229.40906,252.148507
0.711,7731.200000000001,2.9,1,2,2,1,47.7032666,56.6046625,59.6401581,62.1900266,71.9634161,83.782633,105.956592,107.193581,123.04008,135.285041,74.5430207,86.7836955,91.0369877,93.9123748,100.632508,112.53389,140.322245,140.406351,153.011153,169.763295,91.6110637,106.321207,110.479083,113.704168,118.945002,128.548068,147.722799,154.284615,169.637379,193.034996,102.280418,119.497952,126.45899,126.801437,133.084672,140.964795,167.328577,162.671462,184.644781,201.245632,107.175245,123.561317,129.81629,131.968303,132.811486,148.300848,173.518911,172.694739,186.809945,205.151395,108.86407,130.541287,134.267584,132.022896,140.145059,153.248846,171.47903,177.891541,194.926807,211.574865
0.711,7731.200000000001,2.9,1,2,2,2,40.9019051,46.7187995,49.6732462,52.4946106,59.6753258,66.1177208,79.7868274,85.6984914,97.3113182,110.745407,60.4410342,70.2992586,71.8314228,74.9229377,79.4179712,87.5726773,102.083595,110.56878,123.139979,132.446821,73.322685,85.8268783,89.4805439,86.3914189,91.3672424,99.2890563,116.558551,122.620344,132.728781,149.183746,81.0706085,91.4237831,92.6253787,96.1548463,97.8359394,109.611026,121.947794,128.608952,142.866916,160.464473,83.834031,95.4919654,96.8006336,101.104986,102.760296,110.131568,128.199081,133.589386,150.744253,164.679127,89.7564525,101.389742,102.043966,103.408739,107.883478,116.395595,131.029519,141.083377,154.129232,171.29618
0.711,7731.200000000001,2.9,1,2,2,3,36.7576239,42.4866427,42.4385246,44.2525614,48.9280276,54.7457544,64.9645518,71.3949049,80.4777457,94.8601959,51.6560257,58.7858395,59.000118,60.253171,61.5955359,68.4722692,81.5476156,86.6993599,95.3636493,105.650764,59.9303553,67.913139,67.0997827,68.1942952,69.7241,76.6920419,90.9936283,96.0127916,103.607125,121.61373,63.9448372,70.4511453,71.3046061,73.1632368,73.7302243,84.2443582,92.925157,99.8514675,107.865041,124.040472,68.5333123,74.9085579,73.7131773,74.2411954,78.5213427,84.852725,95.8683486,105.445985,114.497047,134.430683,71.5944925,78.4855901,80.9601469,80.6294472,84.543223,90.1407345,104.152914,109.659348,118.972188,129.895843
0.711,7731.200000000001,2.9,1,2,2,4,46.8731189,53.9614649,56.8811755,60.9513191,67.8446333,76.3442288,94.7011111,102.736128,114.626702,125.501289,70.3483893,84.088516,84.7590943,88.6171158,97.1662284,102.374702,118.703058,126.179543,139.875216,149.579718,84.4095529,95.4534337,101.691617,100.818992,111.684453,119.224981,134.779222,141.86309,157.757991,168.211485,92.7422753,106.059348,110.989125,113.813168,116.641533,125.594489,142.536161,150.280161,164.122199,178.980042,96.2315221,112.756897,114.012899,116.104876,121.355439,131.510702,152.611253,160.449733,169.454271,188.91896,102.442134,115.795058,122.147446,124.530968,126.0826,137.815902,152.43159,159.523967,169.971132,192.464534
0.711,7731.200000000001,2.9,1,2,2,5,52.5474143,62.5886187,70.8950241,72.7707128,82.8184878,97.6473631,116.428578,125.644166,140.214056,151.914924,85.7734213,103.245352,108.050881,112.408305,115.661331,128.170607,148.24321,159.522713,177.449824,184.599092,104.493181,123.604065,128.084043,131.973702,138.673443,145.982185,166.074422,171.221579,190.732605,204.986577,112.779025,132.014721,138.865192,142.273465,149.209653,159.793509,176.063429,188.717306,203.792992,218.57784,121.141149,146.862019,151.987,150.325177,153.843188,170.87588,189.334454,195.164809,211.387021,230.019198,126.968712,150.20299,154.343425,157.348277,165.165427,169.100009,195.178681,202.844333,213.340823,233.98838
0.711,7731.200000000001,2.9,1,2,2,6,60.9509405,75.2065172,81.2378949,87.7104397,104.854317,117.912353,143.579905,159.336516,172.766654,187.767029,106.239227,130.430083,134.111933,138.066186,149.914318,159.837595,180.395767,194.676694,210.592842,223.253273,127.079215,158.140472,160.471646,162.696287,169.648551,179.547996,208.490684,214.722816,233.689313,243.341365,138.417013,172.151655,176.255183,174.663377,181.703873,190.431733,213.027731,222.09256,243.076601,253.364726,143.587737,179.366221,179.579268,181.246345,192.240476,199.970938,218.025541,233.900947,251.094853,264.049059,147.193751,180.664566,183.721489,186.328539,193.477868,205.963969,224.612056,242.228139,255.459529,275.157888
0.711,7731.200000000001,2.9,1,2,3,1,70.0172305,86.154375,91.8927514,100.678502,119.997234,144.038132,174.011255,190.03952,202.238234,214.471782,132.225003,157.958252,163.764084,169.384431,178.405315,191.610698,223.293233,234.575417,251.428986,262.93316,154.217019,191.829071,197.121837,200.179416,205.38585,222.704523,247.650745,260.921636,273.937865,287.990502,170.358954,207.611556,212.083927,210.536679,217.013379,235.217657,261.757789,273.810699,286.820679,301.596305,177.173772,219.221285,222.497093,223.020182,228.094924,243.42149,272.059809,279.145333,295.526613,303.065265,178.973065,220.296055,225.183192,227.307967,234.510146,248.052677,277.097499,286.945599,298.257893,310.290216
0.711,7731.200000000001,2.9,1,2,3,2,79.9207209,104.227184,107.818811,118.682856,142.272755,171.471797,206.753565,218.382253,237.591205,245.19899,157.796137,198.30079,197.829719,197.353688,219.161338,236.120726,266.696104,278.346468,293.645121,296.651083,186.721021,232.009944,232.918525,234.271717,243.439918,261.429334,286.631264,293.351208,317.757833,317.096124,199.311305,246.172711,246.586583,246.202794,252.208692,272.948785,306.318707,318.827259,328.843317,335.587094,210.171504,259.079272,261.085788,260.236156,266.489257,284.763798,308.949037,320.507447,333.714062,334.138623,213.327517,257.769978,260.79401,258.349794,262.829732,277.02012,305.639147,321.134245,328.811157,333.493253
0.711,7731.200000000001,2.9,1,2,3,3,90.6318009,115.660075,125.116482,132.904436,167.483628,200.979038,236.320839,255.773964,267.022648,274.562043,190.513868,241.677577,239.587119,238.019197,249.803322,275.004536,308.095644,318.652391,327.493278,336.451379,224.351429,279.045625,275.956365,279.482803,282.45055,305.193468,327.94821,334.719047,345.256263,352.613763,232.276667,288.65677,290.820718,285.316437,294.304935,311.309545,334.823871,344.076927,353.831675,354.194204,235.878211,286.201389,292.665754,291.371172,294.658163,314.409685,341.552108,348.339971,360.882828,359.369667,238.526231,294.189284,296.760316,290.623163,297.380845,310.331545,338.943706,344.126567,348.634187,353.278597
0.711,7731.200000000001,2.9,1,2,3,4,114.171319,152.190455,163.888588,181.907485,228.738068,271.885183,310.668645,320.170611,332.822198,338.178574,261.165752,324.284708,328.739236,323.080589,343.642999,364.030982,387.15573,390.048899,383.869311,385.111333,292.174966,371.000536,364.62981,364.549879,362.638549,374.695567,389.140455,403.765895,392.972223,398.051855,298.717866,378.720382,376.905337,368.667533,376.804552,387.320675,401.062247,409.629841,406.233824,405.68548,306.286135,391.933861,381.533127,380.336558,388.181453,394.437394,410.795905,415.730963,417.408479,408.745026,307.100932,393.534824,385.862058,376.284604,380.861456,387.787243,403.521443,411.467579,401.927919,401.985023
0.711,7731.200000000001,2.9,1,2,3,5,118.704902,160.689529,171.262009,187.435078,225.601471,267.347658,300.525088,322.432789,324.580996,326.318764,257.319344,337.634643,328.139903,327.665353,337.801084,358.444689,379.467852,381.492784,379.082342,385.384506,298.235858,386.709794,380.796497,371.599157,376.354083,386.627658,397.675108,394.492183,400.716315,403.552924,304.991709,394.334346,387.632604,377.889561,385.020405,395.972594,411.558125,415.754501,409.997676,410.20413,312.251804,402.342098,392.941141,388.685043,386.904564,393.157348,399.941556,401.337117,401.53252,403.078312,306.414681,398.254399,388.235997,380.664353,380.630256,387.02561,391.698551,395.878277,394.637754,391.775694
0.711,7731.200000000001,2.9,1,2,3,6,115.980021,158.961387,173.532901,184.76574,231.239282,275.001966,312.288413,327.944957,335.189175,338.911831,262.53693,342.385517,339.1145,337.110628,346.260145,374.04211,386.738814,395.586866,389.93563,391.485053,296.449129,390.261478,387.976957,377.862645,385.249045,390.679893,395.597983,394.689325,401.715035,395.531003,297.442077,398.419193,388.843732,384.527117,390.853083,398.117395,406.018859,409.961246,412.563641,409.842563,307.872447,407.289275,401.433002,392.749763,399.680657,409.335987,414.084886,415.931894,414.070861,409.868381,311.318384,404.591491,403.64154,396.185813,398.500663,404.910823,415.951271,415.112999,421.195977,414.782148
0.711,7731.200000000001,2.9,1,3,1,1,113.639624,152.114001,178.758581,183.267014,228.729615,277.962135,307.650153,318.922254,329.346146,328.555714,248.982172,332.040877,339.302753,329.903568,341.226889,361.636667,376.158087,386.126071,387.002896,386.222032,288.68298,378.480011,387.635169,375.713565,375.751404,383.620566,400.509758,404.227279,406.319906,404.783629,299.043952,389.723397,394.405236,378.883956,382.518166,390.827098,403.929493,405.348968,402.051679,401.847567,298.036568,386.05339,390.318778,378.269682,388.96874,402.673141,408.211517,411.894247,410.037525,407.952519,296.728894,396.81004,398.242431,381.455486,380.028926,388.844747,403.815535,409.253102,414.002433,400.469546
0.711,7731.200000000001,2.9,1,3,1,2,106.371444,148.453503,159.955454,178.663465,219.261093,265.223539,294.881048,310.636156,322.024178,318.250926,236.144806,313.874605,313.388706,316.374797,333.059239,359.306795,370.768856,380.616775,383.297553,381.367591,270.196738,355.420506,353.7499,363.297639,360.135312,378.21431,384.36997,394.700144,397.142888,391.991318,280.611813,367.75384,377.750605,369.662419,368.371619,384.741856,399.108888,407.350949,412.569283,404.950184,285.883985,374.964391,383.449341,381.601234,381.144398,402.274252,397.219465,405.18234,402.783465,399.778381,281.602114,376.958757,380.920671,372.899884,374.163921,383.163785,389.120828,403.656407,407.59122,398.316989
0.711,7731.200000000001,2.9,1,3,1,3,101.053468,133.372942,148.566336,163.580192,196.997826,245.362329,285.593601,298.573648,311.583802,314.665337,223.411327,285.396445,300.586846,297.421734,306.904274,331.512605,355.008574,362.905472,362.557451,362.20419,252.932611,322.479202,330.440759,331.528303,344.851968,365.294087,377.198552,376.028998,381.752155,385.605845,262.091451,331.205263,344.583337,340.917072,349.828264,368.040646,389.569559,385.497192,384.891545,388.124095,268.094337,336.890573,345.577349,346.322549,350.905871,380.505512,390.823188,394.543484,397.848643,403.253038,268.436074,342.492022,350.659096,352.439932,354.595235,370.466285,392.644103,396.419331,392.869001,394.069174
0.711,7731.200000000001,2.9,1,3,1,4,72.6886962,92.8545718,99.3411981,103.362736,129.23118,157.847564,198.270126,213.883507,228.822321,238.496512,138.220084,178.84266,180.559125,180.745308,197.681639,222.18376,254.000269,268.196377,280.271998,296.000549,165.482537,214.012121,216.917206,221.523444,225.781663,247.262246,286.957875,296.463183,311.939357,321.626677,179.148194,226.712377,235.800367,231.72936,244.305949,269.391766,302.327688,313.714377,328.850818,336.665425,186.985099,240.370586,242.696838,241.188663,252.086617,268.042576,300.308772,312.841014,326.062252,331.349113,186.676851,243.712408,247.420703,245.764273,250.444782,272.413957,308.588369,324.229882,338.884349,344.094623
0.711,7731.200000000001,2.9,1,3,1,5,61.1745611,81.9948648,83.9593861,90.3379121,106.484373,128.780454,158.739475,173.467578,192.669977,211.292387,110.32602,141.227727,146.042893,147.599313,162.400387,174.586453,205.951465,216.754159,237.275068,260.400612,134.059033,173.494701,174.021299,178.952766,185.993161,204.157704,236.51961,249.577095,264.671522,283.529091,148.777787,189.312443,197.322589,195.039358,201.661049,217.657418,248.392154,265.737978,284.726062,298.200938,152.865294,197.180965,199.934284,204.848395,208.078968,227.016203,253.958362,268.609592,289.316749,307.093581,156.375469,200.042032,208.140976,208.64016,214.398405,229.021463,263.501368,275.339518,297.597359,314.145148
0.711,7731.200000000001,2.9,1,3,1,6,53.4117074,63.8966299,70.4623459,72.7553905,88.0280131,104.986963,128.790556,145.555849,164.305018,184.163046,91.79114,114.32936,118.00048,121.548771,133.964451,145.542342,167.30901,182.682525,203.07133,227.367444,109.412815,136.151055,141.456956,144.580062,152.529053,163.84359,186.737859,202.171002,230.240236,244.677488,120.469945,152.018387,155.193557,156.021573,168.632865,182.324365,198.88664,216.019309,239.696159,260.931656,130.598937,159.738406,166.728044,166.732201,175.034962,191.404266,208.735388,225.719952,244.135966,270.59608,132.060527,163.406335,169.797738,171.551819,176.688588,188.567578,213.999768,223.548736,260.302981,275.335998
0.711,7731.200000000001,2.9,1,3,2,1,44.7299196,55.4212447,58.5602388,63.5152362,71.7218511,86.5939431,104.85922,113.403737,126.671619,148.675778,73.5189654,89.3683419,92.3574696,93.7929973,104.176752,115.82118,135.958716,142.042807,160.359673,189.705034,89.0399722,107.109454,110.087286,113.942707,124.343375,128.0584,149.240649,156.485345,174.604115,201.173964,96.8253288,117.376223,120.181391,119.533398,131.109078,141.131057,160.083309,167.904939,188.053552,209.472208,102.350246,124.72654,127.599917,128.16077,133.233702,150.404624,167.247823,181.417358,196.005834,220.628003,108.640777,131.05301,135.08688,135.238389,143.357342,157.99675,181.096909,187.559406,208.757729,235.173019
0.711,7731.200000000001,2.9,1,3,2,2,39.1896862,45.5867567,48.8886338,51.1603162,57.0947807,72.7177249,82.4797738,88.6013208,98.3977144,113.23826,58.3760205,67.7313838,70.7934321,71.1226441,80.3594356,92.5873758,103.611888,110.721561,124.495561,140.183423,71.1791687,81.4718109,85.7068432,85.3615183,89.127526,102.690851,117.450503,122.218113,138.212822,156.237989,77.2405661,93.3688174,91.1614571,91.9179877,97.2483396,107.607427,128.054246,135.12031,149.882406,165.941519,83.9272187,98.7724799,100.84521,99.834825,105.440665,115.385274,130.458445,141.187674,150.506095,174.668777,88.1138771,102.061283,104.09953,103.780064,110.663277,124.366982,139.769961,153.693181,159.308507,182.222668
0.711,7731.200000000001,2.9,1,3,2,3,34.2775111,39.1873843,44.5893799,42.5374771,48.5988497,54.6432232,68.6464891,72.931392,83.3440659,93.3296039,49.3544718,54.9184423,55.9092433,60.4717193,60.5579556,67.1423812,81.4265782,87.7662559,95.9926212,108.690252,57.1247373,66.8905088,67.2782505,69.3232518,68.9281927,77.1767918,91.9283206,101.348593,110.064671,122.511124,63.9937199,71.8820876,72.6864002,73.5843953,75.9825708,87.1408649,99.8310473,108.614281,115.181997,129.490759,69.2392934,74.9778103,79.3802691,77.5346944,81.7345626,88.3955207,102.016311,111.105724,121.523482,137.043124,70.8955079,80.0971622,79.6868407,81.5189583,82.8189862,88.5548412,107.076542,115.42289,125.609417,136.538783
