U%,Density,Thermal_Conductivity,IV,Digit1,Digit2,Digit3,N_U_235,0,1,3,5,10,15,20,22,24,26,26.001,27,29,31,36,41,46,48,50,52,52.001,53,55,57,62,67,72,74,76,78,78.001,79,81,83,88,93,98,100,102,104,104.001,105,107,109,114,119,124,126,128,130,130.001,131,133,135,140,145,150,152,154,156,156.001,157,159,161,166,171,176,178,180,182,182.001,183,185,187,192,197,202,204,206,208,208.001,209,211,213,218,223,228,230,232,234,234.001,235,237,239,244,249,254,256,258,260,260.001,261,263,265,270,275,280,282,284,286,286.001,287,289,291,296,301,306,308,310,312,312.001,313,315,317,322,327,332,334,336,338,338.001,339,341,343,348,353,358,360,362,364,364.001,365,367,369,374,379,384,386,388,390,390.001,391,393,395,400,405,410,412,414,416
0.71,10920.00,2.90,2.00,1.00,3.00,6.00,175000000000000000000.00,30.91,34.99,35.29,35.24,35.90,38.10,41.36,42.58,44.76,46.92,33.56,37.18,37.58,37.54,38.39,39.81,42.59,44.38,46.38,48.44,34.60,38.62,38.49,38.27,39.21,40.61,43.70,45.08,47.50,49.85,35.35,39.48,39.32,39.28,39.29,40.76,43.72,45.10,47.50,49.28,35.52,39.04,39.20,39.03,39.65,41.47,43.83,45.67,47.58,50.08,35.15,39.85,39.45,39.45,39.49,41.36,43.41,44.88,47.23,49.04,35.15,39.85,39.45,39.45,39.49,41.36,43.41,44.88,47.23,49.04,35.15,39.85,39.45,39.45,39.49,41.36,43.41,44.88,47.23,49.04,35.15,39.85,39.45,39.45,39.49,41.36,43.41,44.88,47.23,49.04,35.15,39.85,39.45,39.45,39.49,41.36,43.41,44.88,47.23,49.04,35.15,39.85,39.45,39.45,39.49,41.36,43.41,44.88,47.23,49.04,35.15,39.85,39.45,39.45,39.49,41.36,43.41,44.88,47.23,49.04,35.15,39.85,39.45,39.45,39.49,41.36,43.41,44.88,47.23,49.04,35.15,39.85,39.45,39.45,39.49,41.36,43.41,44.88,47.23,49.04,35.15,39.85,39.45,39.45,39.49,41.36,43.41,44.88,47.23,49.04,35.15,39.85,39.45,39.45,39.49,41.36,43.41,44.88,47.23,49.04
0.71,10920.00,2.90,2.00,1.00,3.00,5.00,175000000000000000000.00,35.05,39.64,40.28,39.91,41.24,43.98,47.88,48.68,51.41,53.59,38.67,43.52,44.35,44.07,44.76,46.46,50.10,51.97,53.62,56.69,40.57,45.92,45.39,45.30,46.05,47.93,51.25,53.04,56.28,58.10,41.83,46.94,46.95,46.21,47.13,48.66,52.03,53.92,55.64,58.32,42.20,48.12,46.89,47.32,47.67,48.96,52.45,54.08,55.74,58.27,42.16,47.09,47.40,47.01,47.24,48.53,52.20,53.76,56.07,58.43,42.16,47.09,47.40,47.01,47.24,48.53,52.20,53.76,56.07,58.43,42.16,47.09,47.40,47.01,47.24,48.53,52.20,53.76,56.07,58.43,42.16,47.09,47.40,47.01,47.24,48.53,52.20,53.76,56.07,58.43,42.16,47.09,47.40,47.01,47.24,48.53,52.20,53.76,56.07,58.43,42.16,47.09,47.40,47.01,47.24,48.53,52.20,53.76,56.07,58.43,42.16,47.09,47.40,47.01,47.24,48.53,52.20,53.76,56.07,58.43,42.16,47.09,47.40,47.01,47.24,48.53,52.20,53.76,56.07,58.43,42.16,47.09,47.40,47.01,47.24,48.53,52.20,53.76,56.07,58.43,42.16,47.09,47.40,47.01,47.24,48.53,52.20,53.76,56.07,58.43,42.16,47.09,47.40,47.01,47.24,48.53,52.20,53.76,56.07,58.43
0.71,10920.00,2.90,2.00,1.00,3.00,4.00,175000000000000000000.00,40.38,45.68,45.91,46.04,47.70,50.68,53.95,57.09,59.99,62.20,45.65,50.93,51.77,51.54,52.25,55.24,58.35,60.89,63.55,65.96,48.86,54.85,54.30,54.55,54.57,57.24,59.86,62.23,64.58,66.99,49.38,55.52,55.19,54.60,54.82,57.26,60.79,63.05,65.04,67.52,49.57,55.26,56.45,55.51,56.12,58.13,61.57,63.26,65.87,68.23,50.72,56.39,56.64,55.95,56.33,58.03,61.48,63.41,66.75,68.50,50.72,56.39,56.64,55.95,56.33,58.03,61.48,63.41,66.75,68.50,50.72,56.39,56.64,55.95,56.33,58.03,61.48,63.41,66.75,68.50,50.72,56.39,56.64,55.95,56.33,58.03,61.48,63.41,66.75,68.50,50.72,56.39,56.64,55.95,56.33,58.03,61.48,63.41,66.75,68.50,50.72,56.39,56.64,55.95,56.33,58.03,61.48,63.41,66.75,68.50,50.72,56.39,56.64,55.95,56.33,58.03,61.48,63.41,66.75,68.50,50.72,56.39,56.64,55.95,56.33,58.03,61.48,63.41,66.75,68.50,50.72,56.39,56.64,55.95,56.33,58.03,61.48,63.41,66.75,68.50,50.72,56.39,56.64,55.95,56.33,58.03,61.48,63.41,66.75,68.50,50.72,56.39,56.64,55.95,56.33,58.03,61.48,63.41,66.75,68.50
0.71,10920.00,2.90,2.00,1.00,3.00,3.00,175000000000000000000.00,45.40,52.15,51.99,52.42,54.33,57.26,62.29,64.57,67.75,69.56,52.35,59.01,59.07,58.85,59.38,62.82,66.79,68.67,71.57,73.46,55.53,62.38,62.06,61.21,61.65,64.50,68.20,71.12,73.51,75.50,57.17,64.14,63.67,62.66,63.88,65.87,69.75,72.43,74.09,76.97,57.64,64.93,64.42,63.81,64.70,66.75,69.89,72.16,75.30,76.83,57.76,65.07,64.32,64.43,64.11,66.25,70.03,72.73,75.35,77.35,57.76,65.07,64.32,64.43,64.11,66.25,70.03,72.73,75.35,77.35,57.76,65.07,64.32,64.43,64.11,66.25,70.03,72.73,75.35,77.35,57.76,65.07,64.32,64.43,64.11,66.25,70.03,72.73,75.35,77.35,57.76,65.07,64.32,64.43,64.11,66.25,70.03,72.73,75.35,77.35,57.76,65.07,64.32,64.43,64.11,66.25,70.03,72.73,75.35,77.35,57.76,65.07,64.32,64.43,64.11,66.25,70.03,72.73,75.35,77.35,57.76,65.07,64.32,64.43,64.11,66.25,70.03,72.73,75.35,77.35,57.76,65.07,64.32,64.43,64.11,66.25,70.03,72.73,75.35,77.35,57.76,65.07,64.32,64.43,64.11,66.25,70.03,72.73,75.35,77.35,57.76,65.07,64.32,64.43,64.11,66.25,70.03,72.73,75.35,77.35
0.71,10920.00,2.90,2.00,1.00,3.00,2.00,175000000000000000000.00,50.55,59.18,58.21,58.70,60.92,65.21,70.15,72.35,75.09,77.65,59.03,67.60,67.27,66.45,67.05,71.65,75.94,78.28,80.36,82.55,63.28,71.31,70.42,70.02,71.37,73.79,77.41,80.34,82.14,84.20,64.45,72.52,72.36,72.14,72.80,74.28,77.77,81.24,84.00,84.88,65.63,73.67,73.51,72.38,72.69,75.22,79.61,81.37,83.34,86.25,66.22,73.49,73.80,73.44,73.34,75.44,79.46,81.57,84.31,86.01,66.22,73.49,73.80,73.44,73.34,75.44,79.46,81.57,84.31,86.01,66.22,73.49,73.80,73.44,73.34,75.44,79.46,81.57,84.31,86.01,66.22,73.49,73.80,73.44,73.34,75.44,79.46,81.57,84.31,86.01,66.22,73.49,73.80,73.44,73.34,75.44,79.46,81.57,84.31,86.01,66.22,73.49,73.80,73.44,73.34,75.44,79.46,81.57,84.31,86.01,66.22,73.49,73.80,73.44,73.34,75.44,79.46,81.57,84.31,86.01,66.22,73.49,73.80,73.44,73.34,75.44,79.46,81.57,84.31,86.01,66.22,73.49,73.80,73.44,73.34,75.44,79.46,81.57,84.31,86.01,66.22,73.49,73.80,73.44,73.34,75.44,79.46,81.57,84.31,86.01,66.22,73.49,73.80,73.44,73.34,75.44,79.46,81.57,84.31,86.01
0.71,10920.00,2.90,2.00,1.00,3.00,1.00,175000000000000000000.00,57.89,66.01,66.27,66.63,69.25,74.71,79.69,82.76,85.56,88.38,68.83,78.07,77.43,76.42,77.84,80.66,85.56,87.10,90.33,91.95,72.16,81.32,80.41,79.12,80.35,82.66,87.60,88.89,91.52,93.52,73.09,81.61,82.17,80.64,81.15,84.05,88.08,89.96,91.75,93.76,73.48,82.85,82.01,81.68,81.44,84.11,88.01,89.44,91.62,94.31,73.44,82.63,81.64,81.34,82.13,84.44,88.12,89.35,91.15,93.90,73.44,82.63,81.64,81.34,82.13,84.44,88.12,89.35,91.15,93.90,73.44,82.63,81.64,81.34,82.13,84.44,88.12,89.35,91.15,93.90,73.44,82.63,81.64,81.34,82.13,84.44,88.12,89.35,91.15,93.90,73.44,82.63,81.64,81.34,82.13,84.44,88.12,89.35,91.15,93.90,73.44,82.63,81.64,81.34,82.13,84.44,88.12,89.35,91.15,93.90,73.44,82.63,81.64,81.34,82.13,84.44,88.12,89.35,91.15,93.90,73.44,82.63,81.64,81.34,82.13,84.44,88.12,89.35,91.15,93.90,73.44,82.63,81.64,81.34,82.13,84.44,88.12,89.35,91.15,93.90,73.44,82.63,81.64,81.34,82.13,84.44,88.12,89.35,91.15,93.90,73.44,82.63,81.64,81.34,82.13,84.44,88.12,89.35,91.15,93.90
0.71,10920.00,2.90,2.00,1.00,2.00,6.00,175000000000000000000.00,68.16,79.03,79.94,79.84,83.04,89.26,94.39,97.53,98.84,100.40,84.33,95.89,93.78,93.98,93.95,97.68,101.66,104.21,105.27,107.32,88.64,100.21,99.15,97.39,97.83,100.91,104.46,106.72,107.56,109.02,89.14,101.54,100.87,98.91,99.27,101.76,105.73,106.94,108.16,108.55,90.35,101.89,100.86,99.24,99.64,102.30,105.69,107.76,109.07,109.33,91.02,102.91,101.41,100.36,99.34,102.24,106.03,106.37,109.07,109.31,91.02,102.91,101.41,100.36,99.34,102.24,106.03,106.37,109.07,109.31,91.02,102.91,101.41,100.36,99.34,102.24,106.03,106.37,109.07,109.31,91.02,102.91,101.41,100.36,99.34,102.24,106.03,106.37,109.07,109.31,91.02,102.91,101.41,100.36,99.34,102.24,106.03,106.37,109.07,109.31,91.02,102.91,101.41,100.36,99.34,102.24,106.03,106.37,109.07,109.31,91.02,102.91,101.41,100.36,99.34,102.24,106.03,106.37,109.07,109.31,91.02,102.91,101.41,100.36,99.34,102.24,106.03,106.37,109.07,109.31,91.02,102.91,101.41,100.36,99.34,102.24,106.03,106.37,109.07,109.31,91.02,102.91,101.41,100.36,99.34,102.24,106.03,106.37,109.07,109.31,91.02,102.91,101.41,100.36,99.34,102.24,106.03,106.37,109.07,109.31
0.71,10920.00,2.90,2.00,1.00,2.00,5.00,175000000000000000000.00,69.28,80.73,80.48,81.56,85.29,90.57,95.65,98.53,100.92,102.29,84.79,97.47,96.15,96.33,96.26,99.71,104.68,106.46,108.16,108.80,91.33,102.80,102.15,101.07,100.33,103.94,107.33,109.02,109.75,110.56,92.91,103.82,102.98,101.87,101.70,104.05,107.36,108.04,109.83,110.35,92.46,104.37,103.63,101.35,101.30,104.53,108.49,109.37,110.16,111.29,92.36,104.64,103.68,102.26,102.53,104.96,108.37,109.30,110.98,111.37,92.36,104.64,103.68,102.26,102.53,104.96,108.37,109.30,110.98,111.37,92.36,104.64,103.68,102.26,102.53,104.96,108.37,109.30,110.98,111.37,92.36,104.64,103.68,102.26,102.53,104.96,108.37,109.30,110.98,111.37,92.36,104.64,103.68,102.26,102.53,104.96,108.37,109.30,110.98,111.37,92.36,104.64,103.68,102.26,102.53,104.96,108.37,109.30,110.98,111.37,92.36,104.64,103.68,102.26,102.53,104.96,108.37,109.30,110.98,111.37,92.36,104.64,103.68,102.26,102.53,104.96,108.37,109.30,110.98,111.37,92.36,104.64,103.68,102.26,102.53,104.96,108.37,109.30,110.98,111.37,92.36,104.64,103.68,102.26,102.53,104.96,108.37,109.30,110.98,111.37,92.36,104.64,103.68,102.26,102.53,104.96,108.37,109.30,110.98,111.37
0.71,10920.00,2.90,2.00,1.00,2.00,4.00,175000000000000000000.00,70.74,81.98,81.52,82.91,86.39,91.77,97.03,99.61,100.90,103.16,86.65,97.65,96.38,95.43,96.74,100.96,104.91,106.41,107.70,108.94,91.07,104.58,102.49,101.43,100.91,104.78,108.28,109.30,109.87,110.94,93.79,106.31,104.22,103.53,103.41,105.35,108.56,110.48,111.30,112.84,94.68,107.63,105.37,104.54,105.65,106.55,110.24,109.97,111.39,112.65,94.10,107.25,105.43,104.89,103.93,105.94,108.92,111.11,111.50,112.23,94.10,107.25,105.43,104.89,103.93,105.94,108.92,111.11,111.50,112.23,94.10,107.25,105.43,104.89,103.93,105.94,108.92,111.11,111.50,112.23,94.10,107.25,105.43,104.89,103.93,105.94,108.92,111.11,111.50,112.23,94.10,107.25,105.43,104.89,103.93,105.94,108.92,111.11,111.50,112.23,94.10,107.25,105.43,104.89,103.93,105.94,108.92,111.11,111.50,112.23,94.10,107.25,105.43,104.89,103.93,105.94,108.92,111.11,111.50,112.23,94.10,107.25,105.43,104.89,103.93,105.94,108.92,111.11,111.50,112.23,94.10,107.25,105.43,104.89,103.93,105.94,108.92,111.11,111.50,112.23,94.10,107.25,105.43,104.89,103.93,105.94,108.92,111.11,111.50,112.23,94.10,107.25,105.43,104.89,103.93,105.94,108.92,111.11,111.50,112.23
0.71,10920.00,2.90,2.00,1.00,2.00,3.00,175000000000000000000.00,70.72,82.13,82.43,82.73,86.41,92.03,98.36,100.05,101.38,104.07,86.17,98.91,97.70,97.29,97.34,101.32,104.93,107.29,108.96,109.48,91.93,104.59,102.39,101.76,101.74,105.12,107.09,108.97,109.83,111.04,93.68,105.25,103.31,102.73,102.65,104.70,109.35,110.07,110.64,112.29,93.69,105.72,104.54,103.46,103.04,105.25,108.90,110.15,110.89,111.63,94.09,106.60,104.50,103.70,104.32,106.18,109.54,110.07,111.27,112.52,94.09,106.60,104.50,103.70,104.32,106.18,109.54,110.07,111.27,112.52,94.09,106.60,104.50,103.70,104.32,106.18,109.54,110.07,111.27,112.52,94.09,106.60,104.50,103.70,104.32,106.18,109.54,110.07,111.27,112.52,94.09,106.60,104.50,103.70,104.32,106.18,109.54,110.07,111.27,112.52,94.09,106.60,104.50,103.70,104.32,106.18,109.54,110.07,111.27,112.52,94.09,106.60,104.50,103.70,104.32,106.18,109.54,110.07,111.27,112.52,94.09,106.60,104.50,103.70,104.32,106.18,109.54,110.07,111.27,112.52,94.09,106.60,104.50,103.70,104.32,106.18,109.54,110.07,111.27,112.52,94.09,106.60,104.50,103.70,104.32,106.18,109.54,110.07,111.27,112.52,94.09,106.60,104.50,103.70,104.32,106.18,109.54,110.07,111.27,112.52
0.71,10920.00,2.90,2.00,1.00,2.00,2.00,175000000000000000000.00,69.91,80.90,81.55,81.36,85.35,90.53,96.53,99.04,101.38,102.23,85.92,97.67,96.78,94.96,96.22,100.09,103.11,105.26,106.13,107.65,89.75,101.84,101.05,99.43,99.54,102.57,106.01,107.58,108.65,110.15,91.87,104.29,102.89,101.18,101.03,103.42,107.25,108.32,109.74,110.60,92.03,104.50,102.69,102.23,100.98,103.62,107.97,108.93,109.20,110.87,92.07,104.73,103.69,102.19,101.76,105.30,108.55,108.48,110.55,111.78,92.07,104.73,103.69,102.19,101.76,105.30,108.55,108.48,110.55,111.78,92.07,104.73,103.69,102.19,101.76,105.30,108.55,108.48,110.55,111.78,92.07,104.73,103.69,102.19,101.76,105.30,108.55,108.48,110.55,111.78,92.07,104.73,103.69,102.19,101.76,105.30,108.55,108.48,110.55,111.78,92.07,104.73,103.69,102.19,101.76,105.30,108.55,108.48,110.55,111.78,92.07,104.73,103.69,102.19,101.76,105.30,108.55,108.48,110.55,111.78,92.07,104.73,103.69,102.19,101.76,105.30,108.55,108.48,110.55,111.78,92.07,104.73,103.69,102.19,101.76,105.30,108.55,108.48,110.55,111.78,92.07,104.73,103.69,102.19,101.76,105.30,108.55,108.48,110.55,111.78,92.07,104.73,103.69,102.19,101.76,105.30,108.55,108.48,110.55,111.78
0.71,10920.00,2.90,2.00,1.00,2.00,1.00,175000000000000000000.00,70.04,81.00,81.21,81.83,85.40,91.63,96.71,99.15,101.29,103.91,86.56,98.24,97.72,96.09,96.98,100.55,105.21,106.92,108.19,109.04,89.86,102.83,101.80,99.78,100.02,102.85,106.24,108.88,109.26,110.20,91.86,104.06,101.63,100.53,100.88,102.94,105.77,108.18,109.84,111.33,92.15,103.99,103.08,100.95,102.34,103.22,107.92,108.50,109.15,111.00,92.49,103.95,102.31,101.52,101.72,104.03,107.31,107.13,109.48,110.03,92.49,103.95,102.31,101.52,101.72,104.03,107.31,107.13,109.48,110.03,92.49,103.95,102.31,101.52,101.72,104.03,107.31,107.13,109.48,110.03,92.49,103.95,102.31,101.52,101.72,104.03,107.31,107.13,109.48,110.03,92.49,103.95,102.31,101.52,101.72,104.03,107.31,107.13,109.48,110.03,92.49,103.95,102.31,101.52,101.72,104.03,107.31,107.13,109.48,110.03,92.49,103.95,102.31,101.52,101.72,104.03,107.31,107.13,109.48,110.03,92.49,103.95,102.31,101.52,101.72,104.03,107.31,107.13,109.48,110.03,92.49,103.95,102.31,101.52,101.72,104.03,107.31,107.13,109.48,110.03,92.49,103.95,102.31,101.52,101.72,104.03,107.31,107.13,109.48,110.03,92.49,103.95,102.31,101.52,101.72,104.03,107.31,107.13,109.48,110.03
0.71,10920.00,2.90,2.00,1.00,1.00,6.00,175000000000000000000.00,56.14,64.31,64.81,64.70,67.37,71.72,76.81,79.78,82.32,84.93,66.54,75.17,74.71,74.96,75.28,78.71,82.89,84.93,86.46,88.28,70.26,79.06,78.04,77.25,78.07,80.13,84.34,86.00,88.19,89.35,70.43,79.66,78.39,78.54,78.59,81.15,83.61,86.08,87.69,90.52,70.18,79.40,78.92,78.36,78.15,80.39,84.57,85.59,88.47,90.52,70.90,79.47,79.83,79.10,78.58,81.44,85.20,86.76,88.74,90.21,70.90,79.47,79.83,79.10,78.58,81.44,85.20,86.76,88.74,90.21,70.90,79.47,79.83,79.10,78.58,81.44,85.20,86.76,88.74,90.21,70.90,79.47,79.83,79.10,78.58,81.44,85.20,86.76,88.74,90.21,70.90,79.47,79.83,79.10,78.58,81.44,85.20,86.76,88.74,90.21,70.90,79.47,79.83,79.10,78.58,81.44,85.20,86.76,88.74,90.21,70.90,79.47,79.83,79.10,78.58,81.44,85.20,86.76,88.74,90.21,70.90,79.47,79.83,79.10,78.58,81.44,85.20,86.76,88.74,90.21,70.90,79.47,79.83,79.10,78.58,81.44,85.20,86.76,88.74,90.21,70.90,79.47,79.83,79.10,78.58,81.44,85.20,86.76,88.74,90.21,70.90,79.47,79.83,79.10,78.58,81.44,85.20,86.76,88.74,90.21
0.71,10920.00,2.90,2.00,1.00,1.00,5.00,175000000000000000000.00,50.55,58.01,58.10,58.11,59.75,64.32,69.45,71.33,73.53,76.85,58.85,66.61,66.52,65.84,67.33,70.64,74.85,76.90,79.81,81.57,62.88,71.13,70.57,70.01,71.02,72.99,76.73,78.94,81.08,82.92,64.31,72.88,72.01,71.03,71.30,73.52,77.49,79.46,82.27,82.79,63.97,72.33,71.70,71.36,72.09,74.21,78.42,79.79,81.22,84.46,64.23,72.31,72.35,71.06,71.17,73.59,77.10,79.11,81.02,83.48,64.23,72.31,72.35,71.06,71.17,73.59,77.10,79.11,81.02,83.48,64.23,72.31,72.35,71.06,71.17,73.59,77.10,79.11,81.02,83.48,64.23,72.31,72.35,71.06,71.17,73.59,77.10,79.11,81.02,83.48,64.23,72.31,72.35,71.06,71.17,73.59,77.10,79.11,81.02,83.48,64.23,72.31,72.35,71.06,71.17,73.59,77.10,79.11,81.02,83.48,64.23,72.31,72.35,71.06,71.17,73.59,77.10,79.11,81.02,83.48,64.23,72.31,72.35,71.06,71.17,73.59,77.10,79.11,81.02,83.48,64.23,72.31,72.35,71.06,71.17,73.59,77.10,79.11,81.02,83.48,64.23,72.31,72.35,71.06,71.17,73.59,77.10,79.11,81.02,83.48,64.23,72.31,72.35,71.06,71.17,73.59,77.10,79.11,81.02,83.48
0.71,10920.00,2.90,2.00,1.00,1.00,4.00,175000000000000000000.00,45.05,52.37,52.56,52.14,54.36,57.14,61.54,63.91,66.43,69.44,52.01,58.57,59.69,58.60,59.42,62.22,66.25,68.24,70.61,72.94,54.84,62.28,62.21,61.71,62.26,63.76,67.46,70.39,71.99,74.49,55.81,62.68,62.95,62.86,63.07,64.92,68.11,70.44,73.46,75.12,56.69,64.21,63.02,63.03,63.32,65.32,69.54,71.10,73.65,75.40,56.61,63.59,63.88,63.27,63.09,65.36,68.36,71.43,72.95,75.03,56.61,63.59,63.88,63.27,63.09,65.36,68.36,71.43,72.95,75.03,56.61,63.59,63.88,63.27,63.09,65.36,68.36,71.43,72.95,75.03,56.61,63.59,63.88,63.27,63.09,65.36,68.36,71.43,72.95,75.03,56.61,63.59,63.88,63.27,63.09,65.36,68.36,71.43,72.95,75.03,56.61,63.59,63.88,63.27,63.09,65.36,68.36,71.43,72.95,75.03,56.61,63.59,63.88,63.27,63.09,65.36,68.36,71.43,72.95,75.03,56.61,63.59,63.88,63.27,63.09,65.36,68.36,71.43,72.95,75.03,56.61,63.59,63.88,63.27,63.09,65.36,68.36,71.43,72.95,75.03,56.61,63.59,63.88,63.27,63.09,65.36,68.36,71.43,72.95,75.03,56.61,63.59,63.88,63.27,63.09,65.36,68.36,71.43,72.95,75.03
0.71,10920.00,2.90,2.00,1.00,1.00,3.00,175000000000000000000.00,39.87,45.95,46.14,46.23,48.16,50.46,54.25,56.70,58.98,61.50,45.30,51.08,50.85,51.33,51.59,54.73,57.93,60.44,62.36,64.76,47.96,53.51,53.66,53.34,54.06,56.03,59.81,62.27,63.79,66.35,48.51,54.96,54.76,54.12,55.24,56.85,60.37,62.03,63.92,66.23,48.77,55.00,54.64,54.70,54.71,56.83,59.61,61.67,63.68,65.86,48.58,54.83,55.10,54.88,54.91,57.10,59.86,61.79,64.47,65.97,48.58,54.83,55.10,54.88,54.91,57.10,59.86,61.79,64.47,65.97,48.58,54.83,55.10,54.88,54.91,57.10,59.86,61.79,64.47,65.97,48.58,54.83,55.10,54.88,54.91,57.10,59.86,61.79,64.47,65.97,48.58,54.83,55.10,54.88,54.91,57.10,59.86,61.79,64.47,65.97,48.58,54.83,55.10,54.88,54.91,57.10,59.86,61.79,64.47,65.97,48.58,54.83,55.10,54.88,54.91,57.10,59.86,61.79,64.47,65.97,48.58,54.83,55.10,54.88,54.91,57.10,59.86,61.79,64.47,65.97,48.58,54.83,55.10,54.88,54.91,57.10,59.86,61.79,64.47,65.97,48.58,54.83,55.10,54.88,54.91,57.10,59.86,61.79,64.47,65.97,48.58,54.83,55.10,54.88,54.91,57.10,59.86,61.79,64.47,65.97
0.71,10920.00,2.90,2.00,1.00,1.00,2.00,175000000000000000000.00,35.23,39.97,40.31,40.16,42.23,43.75,47.12,48.81,51.19,53.56,38.85,43.93,44.27,43.79,44.51,46.33,49.55,51.40,53.39,55.91,40.58,45.06,45.59,45.22,46.19,47.96,51.09,53.43,54.64,56.74,41.35,46.50,46.78,46.22,46.61,48.97,51.76,53.59,55.24,57.45,41.47,46.74,46.69,46.58,47.41,48.44,52.15,53.09,55.50,58.28,41.52,46.97,46.69,46.38,46.91,49.02,52.10,53.59,55.85,57.14,41.52,46.97,46.69,46.38,46.91,49.02,52.10,53.59,55.85,57.14,41.52,46.97,46.69,46.38,46.91,49.02,52.10,53.59,55.85,57.14,41.52,46.97,46.69,46.38,46.91,49.02,52.10,53.59,55.85,57.14,41.52,46.97,46.69,46.38,46.91,49.02,52.10,53.59,55.85,57.14,41.52,46.97,46.69,46.38,46.91,49.02,52.10,53.59,55.85,57.14,41.52,46.97,46.69,46.38,46.91,49.02,52.10,53.59,55.85,57.14,41.52,46.97,46.69,46.38,46.91,49.02,52.10,53.59,55.85,57.14,41.52,46.97,46.69,46.38,46.91,49.02,52.10,53.59,55.85,57.14,41.52,46.97,46.69,46.38,46.91,49.02,52.10,53.59,55.85,57.14,41.52,46.97,46.69,46.38,46.91,49.02,52.10,53.59,55.85,57.14
0.71,10920.00,2.90,2.00,1.00,1.00,1.00,175000000000000000000.00,31.01,35.84,36.07,35.62,36.84,38.64,41.25,43.40,45.09,47.59,33.79,38.12,38.72,38.62,38.29,40.11,42.63,44.53,46.23,48.72,34.83,38.97,38.70,39.29,39.46,41.13,44.58,45.87,47.26,49.13,35.33,40.41,40.17,39.57,40.61,41.45,43.75,45.84,47.64,49.50,35.11,39.82,39.58,39.48,39.97,41.10,43.81,46.24,46.90,49.09,35.21,39.98,39.20,39.73,39.66,41.57,44.38,45.21,46.92,49.35,35.21,39.98,39.20,39.73,39.66,41.57,44.38,45.21,46.92,49.35,35.21,39.98,39.20,39.73,39.66,41.57,44.38,45.21,46.92,49.35,35.21,39.98,39.20,39.73,39.66,41.57,44.38,45.21,46.92,49.35,35.21,39.98,39.20,39.73,39.66,41.57,44.38,45.21,46.92,49.35,35.21,39.98,39.20,39.73,39.66,41.57,44.38,45.21,46.92,49.35,35.21,39.98,39.20,39.73,39.66,41.57,44.38,45.21,46.92,49.35,35.21,39.98,39.20,39.73,39.66,41.57,44.38,45.21,46.92,49.35,35.21,39.98,39.20,39.73,39.66,41.57,44.38,45.21,46.92,49.35,35.21,39.98,39.20,39.73,39.66,41.57,44.38,45.21,46.92,49.35,35.21,39.98,39.20,39.73,39.66,41.57,44.38,45.21,46.92,49.35
0.71,10920.00,2.90,2.00,3.00,3.00,6.00,175000000000000000000.00,34.15,38.98,39.15,39.11,40.12,42.27,46.01,48.38,50.71,53.70,37.35,42.40,42.64,42.68,42.85,45.09,48.58,50.26,53.42,56.04,39.12,43.81,43.92,43.88,44.40,46.31,49.46,51.95,54.59,57.09,40.39,44.99,45.07,44.31,45.00,46.65,50.30,52.24,54.72,57.94,40.21,45.09,45.07,44.56,45.21,46.74,50.76,51.87,54.56,57.63,40.85,45.56,45.66,44.52,45.75,47.08,50.36,52.73,54.93,57.90,40.85,45.56,45.66,44.52,45.75,47.08,50.36,52.73,54.93,57.90,40.85,45.56,45.66,44.52,45.75,47.08,50.36,52.73,54.93,57.90,40.85,45.56,45.66,44.52,45.75,47.08,50.36,52.73,54.93,57.90,40.85,45.56,45.66,44.52,45.75,47.08,50.36,52.73,54.93,57.90,40.85,45.56,45.66,44.52,45.75,47.08,50.36,52.73,54.93,57.90,40.85,45.56,45.66,44.52,45.75,47.08,50.36,52.73,54.93,57.90,40.85,45.56,45.66,44.52,45.75,47.08,50.36,52.73,54.93,57.90,40.85,45.56,45.66,44.52,45.75,47.08,50.36,52.73,54.93,57.90,40.85,45.56,45.66,44.52,45.75,47.08,50.36,52.73,54.93,57.90,40.85,45.56,45.66,44.52,45.75,47.08,50.36,52.73,54.93,57.90
0.71,10920.00,2.90,2.00,3.00,3.00,5.00,175000000000000000000.00,39.69,44.64,44.99,45.08,46.61,49.46,54.32,56.39,59.57,62.70,44.41,49.73,50.18,49.88,50.37,52.71,57.35,59.72,62.73,65.41,45.95,51.52,51.54,51.92,51.99,54.22,58.78,60.15,64.21,66.55,47.18,53.08,53.18,52.26,52.56,54.38,58.81,61.12,63.85,66.65,46.90,53.22,53.03,52.98,52.94,55.00,59.17,61.40,64.08,67.69,48.19,53.42,53.44,53.59,53.67,55.41,59.54,61.29,65.03,67.03,48.19,53.42,53.44,53.59,53.67,55.41,59.54,61.29,65.03,67.03,48.19,53.42,53.44,53.59,53.67,55.41,59.54,61.29,65.03,67.03,48.19,53.42,53.44,53.59,53.67,55.41,59.54,61.29,65.03,67.03,48.19,53.42,53.44,53.59,53.67,55.41,59.54,61.29,65.03,67.03,48.19,53.42,53.44,53.59,53.67,55.41,59.54,61.29,65.03,67.03,48.19,53.42,53.44,53.59,53.67,55.41,59.54,61.29,65.03,67.03,48.19,53.42,53.44,53.59,53.67,55.41,59.54,61.29,65.03,67.03,48.19,53.42,53.44,53.59,53.67,55.41,59.54,61.29,65.03,67.03,48.19,53.42,53.44,53.59,53.67,55.41,59.54,61.29,65.03,67.03,48.19,53.42,53.44,53.59,53.67,55.41,59.54,61.29,65.03,67.03
0.71,10920.00,2.90,2.00,3.00,3.00,4.00,175000000000000000000.00,45.10,51.69,51.88,51.58,53.94,57.41,62.54,65.60,68.08,71.38,51.53,58.48,58.26,57.91,59.02,62.58,66.91,69.82,72.25,76.32,55.26,61.92,61.66,62.06,62.31,64.88,68.50,71.21,74.70,76.96,55.36,63.64,63.33,61.91,63.05,65.51,69.35,72.78,75.86,77.88,56.76,64.11,62.91,63.01,63.84,66.65,71.27,72.88,75.85,78.89,56.95,64.08,63.36,63.50,63.48,66.24,70.90,73.38,75.76,78.30,56.95,64.08,63.36,63.50,63.48,66.24,70.90,73.38,75.76,78.30,56.95,64.08,63.36,63.50,63.48,66.24,70.90,73.38,75.76,78.30,56.95,64.08,63.36,63.50,63.48,66.24,70.90,73.38,75.76,78.30,56.95,64.08,63.36,63.50,63.48,66.24,70.90,73.38,75.76,78.30,56.95,64.08,63.36,63.50,63.48,66.24,70.90,73.38,75.76,78.30,56.95,64.08,63.36,63.50,63.48,66.24,70.90,73.38,75.76,78.30,56.95,64.08,63.36,63.50,63.48,66.24,70.90,73.38,75.76,78.30,56.95,64.08,63.36,63.50,63.48,66.24,70.90,73.38,75.76,78.30,56.95,64.08,63.36,63.50,63.48,66.24,70.90,73.38,75.76,78.30,56.95,64.08,63.36,63.50,63.48,66.24,70.90,73.38,75.76,78.30
0.71,10920.00,2.90,2.00,3.00,3.00,3.00,175000000000000000000.00,50.47,57.73,58.86,59.24,61.38,66.00,71.13,74.21,77.87,80.27,59.39,67.37,67.11,67.01,67.82,71.69,76.47,78.60,82.10,85.57,63.15,70.59,70.12,70.02,70.52,73.48,78.02,81.96,84.47,87.43,64.61,73.28,72.66,72.12,72.95,75.44,80.13,82.47,85.69,88.46,65.03,74.11,72.36,71.93,72.63,75.91,80.10,82.12,85.12,88.84,64.93,73.26,73.21,72.40,73.29,75.32,79.78,82.93,85.39,88.16,64.93,73.26,73.21,72.40,73.29,75.32,79.78,82.93,85.39,88.16,64.93,73.26,73.21,72.40,73.29,75.32,79.78,82.93,85.39,88.16,64.93,73.26,73.21,72.40,73.29,75.32,79.78,82.93,85.39,88.16,64.93,73.26,73.21,72.40,73.29,75.32,79.78,82.93,85.39,88.16,64.93,73.26,73.21,72.40,73.29,75.32,79.78,82.93,85.39,88.16,64.93,73.26,73.21,72.40,73.29,75.32,79.78,82.93,85.39,88.16,64.93,73.26,73.21,72.40,73.29,75.32,79.78,82.93,85.39,88.16,64.93,73.26,73.21,72.40,73.29,75.32,79.78,82.93,85.39,88.16,64.93,73.26,73.21,72.40,73.29,75.32,79.78,82.93,85.39,88.16,64.93,73.26,73.21,72.40,73.29,75.32,79.78,82.93,85.39,88.16
0.71,10920.00,2.90,2.00,3.00,3.00,2.00,175000000000000000000.00,57.21,65.79,65.72,66.35,68.68,73.77,80.60,83.72,87.03,89.95,67.89,77.28,76.99,76.26,77.11,81.09,85.73,88.66,91.66,95.10,71.29,81.59,80.65,80.12,80.75,83.59,88.39,92.14,95.06,97.10,73.62,83.29,82.65,81.85,82.37,84.25,89.74,92.22,94.57,97.88,73.35,83.12,82.81,81.69,82.73,85.13,91.48,92.96,96.25,99.04,75.50,85.11,83.42,82.34,83.24,86.03,90.88,93.25,96.81,97.76,75.50,85.11,83.42,82.34,83.24,86.03,90.88,93.25,96.81,97.76,75.50,85.11,83.42,82.34,83.24,86.03,90.88,93.25,96.81,97.76,75.50,85.11,83.42,82.34,83.24,86.03,90.88,93.25,96.81,97.76,75.50,85.11,83.42,82.34,83.24,86.03,90.88,93.25,96.81,97.76,75.50,85.11,83.42,82.34,83.24,86.03,90.88,93.25,96.81,97.76,75.50,85.11,83.42,82.34,83.24,86.03,90.88,93.25,96.81,97.76,75.50,85.11,83.42,82.34,83.24,86.03,90.88,93.25,96.81,97.76,75.50,85.11,83.42,82.34,83.24,86.03,90.88,93.25,96.81,97.76,75.50,85.11,83.42,82.34,83.24,86.03,90.88,93.25,96.81,97.76,75.50,85.11,83.42,82.34,83.24,86.03,90.88,93.25,96.81,97.76
0.71,10920.00,2.90,2.00,3.00,3.00,1.00,175000000000000000000.00,64.50,74.52,75.18,75.09,79.08,85.40,91.50,94.44,98.43,101.31,78.65,89.47,88.16,88.19,90.01,92.83,97.93,101.79,105.16,106.99,83.88,94.95,93.92,92.45,92.49,96.49,100.97,104.14,106.55,108.16,84.51,95.78,94.80,93.75,93.89,96.68,101.22,103.56,107.41,109.76,84.24,95.22,94.44,92.48,94.56,97.02,102.50,104.63,106.50,109.97,85.16,96.01,94.80,93.83,94.91,97.52,101.50,104.64,107.55,109.18,85.16,96.01,94.80,93.83,94.91,97.52,101.50,104.64,107.55,109.18,85.16,96.01,94.80,93.83,94.91,97.52,101.50,104.64,107.55,109.18,85.16,96.01,94.80,93.83,94.91,97.52,101.50,104.64,107.55,109.18,85.16,96.01,94.80,93.83,94.91,97.52,101.50,104.64,107.55,109.18,85.16,96.01,94.80,93.83,94.91,97.52,101.50,104.64,107.55,109.18,85.16,96.01,94.80,93.83,94.91,97.52,101.50,104.64,107.55,109.18,85.16,96.01,94.80,93.83,94.91,97.52,101.50,104.64,107.55,109.18,85.16,96.01,94.80,93.83,94.91,97.52,101.50,104.64,107.55,109.18,85.16,96.01,94.80,93.83,94.91,97.52,101.50,104.64,107.55,109.18,85.16,96.01,94.80,93.83,94.91,97.52,101.50,104.64,107.55,109.18
0.71,10920.00,2.90,2.00,3.00,2.00,6.00,175000000000000000000.00,78.03,90.41,90.55,91.18,94.76,101.94,109.68,111.78,114.39,116.50,96.22,108.94,108.68,107.36,109.20,113.26,118.33,119.80,120.77,123.14,102.02,115.89,115.20,113.55,113.01,115.81,120.45,122.89,123.68,125.79,103.72,117.66,115.29,114.15,114.78,117.21,122.89,124.93,125.78,127.07,104.24,119.23,117.47,114.75,115.34,118.82,122.91,125.59,125.94,127.39,106.26,120.17,117.79,116.57,116.76,119.73,122.59,123.37,126.64,126.32,106.26,120.17,117.79,116.57,116.76,119.73,122.59,123.37,126.64,126.32,106.26,120.17,117.79,116.57,116.76,119.73,122.59,123.37,126.64,126.32,106.26,120.17,117.79,116.57,116.76,119.73,122.59,123.37,126.64,126.32,106.26,120.17,117.79,116.57,116.76,119.73,122.59,123.37,126.64,126.32,106.26,120.17,117.79,116.57,116.76,119.73,122.59,123.37,126.64,126.32,106.26,120.17,117.79,116.57,116.76,119.73,122.59,123.37,126.64,126.32,106.26,120.17,117.79,116.57,116.76,119.73,122.59,123.37,126.64,126.32,106.26,120.17,117.79,116.57,116.76,119.73,122.59,123.37,126.64,126.32,106.26,120.17,117.79,116.57,116.76,119.73,122.59,123.37,126.64,126.32,106.26,120.17,117.79,116.57,116.76,119.73,122.59,123.37,126.64,126.32
0.71,10920.00,2.90,2.00,3.00,2.00,5.00,175000000000000000000.00,78.75,92.11,92.15,93.16,97.89,105.23,112.57,115.26,117.73,119.41,100.40,113.34,112.59,111.61,111.93,116.28,121.63,122.43,124.52,125.38,105.09,120.10,118.25,115.65,116.99,119.86,123.12,125.27,127.50,127.60,107.10,121.12,119.54,117.17,117.78,121.34,125.03,126.97,127.70,128.62,106.87,121.82,119.40,117.76,118.10,120.79,125.78,127.40,127.78,128.30,107.77,122.25,119.89,118.38,117.05,120.89,125.48,126.15,128.82,129.55,107.77,122.25,119.89,118.38,117.05,120.89,125.48,126.15,128.82,129.55,107.77,122.25,119.89,118.38,117.05,120.89,125.48,126.15,128.82,129.55,107.77,122.25,119.89,118.38,117.05,120.89,125.48,126.15,128.82,129.55,107.77,122.25,119.89,118.38,117.05,120.89,125.48,126.15,128.82,129.55,107.77,122.25,119.89,118.38,117.05,120.89,125.48,126.15,128.82,129.55,107.77,122.25,119.89,118.38,117.05,120.89,125.48,126.15,128.82,129.55,107.77,122.25,119.89,118.38,117.05,120.89,125.48,126.15,128.82,129.55,107.77,122.25,119.89,118.38,117.05,120.89,125.48,126.15,128.82,129.55,107.77,122.25,119.89,118.38,117.05,120.89,125.48,126.15,128.82,129.55,107.77,122.25,119.89,118.38,117.05,120.89,125.48,126.15,128.82,129.55
0.71,10920.00,2.90,2.00,3.00,2.00,4.00,175000000000000000000.00,80.30,93.11,93.66,94.88,99.33,106.08,113.67,116.26,117.73,120.45,101.62,115.37,114.07,112.35,113.62,117.15,122.44,123.51,124.90,126.47,107.18,120.78,118.87,118.14,116.68,120.05,124.22,126.61,127.29,127.14,107.51,123.17,120.58,119.21,118.65,121.50,125.15,127.30,128.35,129.18,108.39,122.74,120.62,119.52,118.62,121.71,126.57,127.57,127.84,128.48,108.30,123.56,121.95,120.73,119.29,122.16,126.57,127.05,128.78,129.82,108.30,123.56,121.95,120.73,119.29,122.16,126.57,127.05,128.78,129.82,108.30,123.56,121.95,120.73,119.29,122.16,126.57,127.05,128.78,129.82,108.30,123.56,121.95,120.73,119.29,122.16,126.57,127.05,128.78,129.82,108.30,123.56,121.95,120.73,119.29,122.16,126.57,127.05,128.78,129.82,108.30,123.56,121.95,120.73,119.29,122.16,126.57,127.05,128.78,129.82,108.30,123.56,121.95,120.73,119.29,122.16,126.57,127.05,128.78,129.82,108.30,123.56,121.95,120.73,119.29,122.16,126.57,127.05,128.78,129.82,108.30,123.56,121.95,120.73,119.29,122.16,126.57,127.05,128.78,129.82,108.30,123.56,121.95,120.73,119.29,122.16,126.57,127.05,128.78,129.82,108.30,123.56,121.95,120.73,119.29,122.16,126.57,127.05,128.78,129.82
0.71,10920.00,2.90,2.00,3.00,2.00,3.00,175000000000000000000.00,80.16,93.51,93.58,94.34,99.43,106.79,113.31,115.90,118.44,120.13,100.72,115.43,113.63,112.68,114.64,118.12,121.78,124.33,125.78,126.57,107.37,121.44,118.96,116.86,118.25,121.66,125.37,125.81,127.97,127.77,108.12,123.05,121.57,119.09,118.72,121.88,125.16,127.27,127.65,129.07,108.76,123.31,120.85,119.13,120.08,121.95,125.48,127.34,127.90,129.50,108.51,123.58,121.21,119.94,119.43,121.82,126.08,127.17,128.57,129.01,108.51,123.58,121.21,119.94,119.43,121.82,126.08,127.17,128.57,129.01,108.51,123.58,121.21,119.94,119.43,121.82,126.08,127.17,128.57,129.01,108.51,123.58,121.21,119.94,119.43,121.82,126.08,127.17,128.57,129.01,108.51,123.58,121.21,119.94,119.43,121.82,126.08,127.17,128.57,129.01,108.51,123.58,121.21,119.94,119.43,121.82,126.08,127.17,128.57,129.01,108.51,123.58,121.21,119.94,119.43,121.82,126.08,127.17,128.57,129.01,108.51,123.58,121.21,119.94,119.43,121.82,126.08,127.17,128.57,129.01,108.51,123.58,121.21,119.94,119.43,121.82,126.08,127.17,128.57,129.01,108.51,123.58,121.21,119.94,119.43,121.82,126.08,127.17,128.57,129.01,108.51,123.58,121.21,119.94,119.43,121.82,126.08,127.17,128.57,129.01
0.71,10920.00,2.90,2.00,3.00,2.00,2.00,175000000000000000000.00,81.15,92.94,92.67,93.59,97.87,104.65,112.26,114.44,116.48,119.26,99.28,114.33,112.26,110.70,112.42,116.46,120.51,122.18,123.85,125.78,105.49,119.57,117.76,115.43,116.27,118.97,122.69,124.09,124.96,127.45,105.80,120.18,118.45,115.91,115.99,119.10,122.65,124.20,125.61,126.21,106.57,120.95,118.20,116.65,117.57,120.13,123.34,125.09,126.61,128.09,107.60,122.02,120.06,117.18,117.18,120.40,124.23,125.51,127.28,127.61,107.60,122.02,120.06,117.18,117.18,120.40,124.23,125.51,127.28,127.61,107.60,122.02,120.06,117.18,117.18,120.40,124.23,125.51,127.28,127.61,107.60,122.02,120.06,117.18,117.18,120.40,124.23,125.51,127.28,127.61,107.60,122.02,120.06,117.18,117.18,120.40,124.23,125.51,127.28,127.61,107.60,122.02,120.06,117.18,117.18,120.40,124.23,125.51,127.28,127.61,107.60,122.02,120.06,117.18,117.18,120.40,124.23,125.51,127.28,127.61,107.60,122.02,120.06,117.18,117.18,120.40,124.23,125.51,127.28,127.61,107.60,122.02,120.06,117.18,117.18,120.40,124.23,125.51,127.28,127.61,107.60,122.02,120.06,117.18,117.18,120.40,124.23,125.51,127.28,127.61,107.60,122.02,120.06,117.18,117.18,120.40,124.23,125.51,127.28,127.61
0.71,10920.00,2.90,2.00,3.00,2.00,1.00,175000000000000000000.00,79.84,92.78,92.79,93.15,97.39,104.59,112.15,113.80,116.23,118.71,99.11,112.31,110.83,109.23,110.49,114.60,119.92,121.41,123.24,124.34,104.45,117.89,116.38,114.61,114.19,116.27,120.97,123.58,125.45,125.97,104.56,118.58,115.86,115.35,115.47,118.04,122.60,123.73,126.39,127.92,105.17,119.86,117.90,115.98,115.55,119.24,123.63,123.98,127.48,128.78,106.29,120.92,120.00,117.97,116.39,119.87,124.04,124.56,127.40,128.31,106.29,120.92,120.00,117.97,116.39,119.87,124.04,124.56,127.40,128.31,106.29,120.92,120.00,117.97,116.39,119.87,124.04,124.56,127.40,128.31,106.29,120.92,120.00,117.97,116.39,119.87,124.04,124.56,127.40,128.31,106.29,120.92,120.00,117.97,116.39,119.87,124.04,124.56,127.40,128.31,106.29,120.92,120.00,117.97,116.39,119.87,124.04,124.56,127.40,128.31,106.29,120.92,120.00,117.97,116.39,119.87,124.04,124.56,127.40,128.31,106.29,120.92,120.00,117.97,116.39,119.87,124.04,124.56,127.40,128.31,106.29,120.92,120.00,117.97,116.39,119.87,124.04,124.56,127.40,128.31,106.29,120.92,120.00,117.97,116.39,119.87,124.04,124.56,127.40,128.31,106.29,120.92,120.00,117.97,116.39,119.87,124.04,124.56,127.40,128.31
0.71,10920.00,2.90,2.00,3.00,1.00,6.00,175000000000000000000.00,63.45,72.98,73.84,74.28,77.91,82.51,88.82,92.24,95.00,98.34,76.67,86.26,86.24,86.63,86.83,91.24,96.04,98.23,101.10,103.93,81.45,91.00,90.22,89.90,91.17,93.56,98.19,99.07,102.23,104.57,81.10,92.62,91.52,90.27,90.92,93.24,98.02,100.78,103.17,105.70,81.28,92.21,91.78,90.33,91.73,94.08,98.61,101.00,103.17,105.17,82.32,93.76,92.33,90.79,91.16,94.32,98.82,101.11,103.73,105.44,82.32,93.76,92.33,90.79,91.16,94.32,98.82,101.11,103.73,105.44,82.32,93.76,92.33,90.79,91.16,94.32,98.82,101.11,103.73,105.44,82.32,93.76,92.33,90.79,91.16,94.32,98.82,101.11,103.73,105.44,82.32,93.76,92.33,90.79,91.16,94.32,98.82,101.11,103.73,105.44,82.32,93.76,92.33,90.79,91.16,94.32,98.82,101.11,103.73,105.44,82.32,93.76,92.33,90.79,91.16,94.32,98.82,101.11,103.73,105.44,82.32,93.76,92.33,90.79,91.16,94.32,98.82,101.11,103.73,105.44,82.32,93.76,92.33,90.79,91.16,94.32,98.82,101.11,103.73,105.44,82.32,93.76,92.33,90.79,91.16,94.32,98.82,101.11,103.73,105.44,82.32,93.76,92.33,90.79,91.16,94.32,98.82,101.11,103.73,105.44
0.71,10920.00,2.90,2.00,3.00,1.00,5.00,175000000000000000000.00,57.27,65.93,65.80,66.35,68.83,74.00,79.92,82.63,86.55,89.52,67.53,76.89,76.35,76.75,77.57,81.07,86.54,89.12,92.54,94.61,72.54,81.57,81.29,79.98,81.03,83.15,88.32,90.65,93.56,95.77,72.57,82.30,82.26,81.51,81.34,84.01,88.64,91.80,93.64,96.18,73.60,84.30,82.23,81.46,82.11,85.26,89.04,90.58,93.38,95.89,72.75,82.86,82.36,81.10,81.94,84.39,89.02,90.59,93.61,95.53,72.75,82.86,82.36,81.10,81.94,84.39,89.02,90.59,93.61,95.53,72.75,82.86,82.36,81.10,81.94,84.39,89.02,90.59,93.61,95.53,72.75,82.86,82.36,81.10,81.94,84.39,89.02,90.59,93.61,95.53,72.75,82.86,82.36,81.10,81.94,84.39,89.02,90.59,93.61,95.53,72.75,82.86,82.36,81.10,81.94,84.39,89.02,90.59,93.61,95.53,72.75,82.86,82.36,81.10,81.94,84.39,89.02,90.59,93.61,95.53,72.75,82.86,82.36,81.10,81.94,84.39,89.02,90.59,93.61,95.53,72.75,82.86,82.36,81.10,81.94,84.39,89.02,90.59,93.61,95.53,72.75,82.86,82.36,81.10,81.94,84.39,89.02,90.59,93.61,95.53,72.75,82.86,82.36,81.10,81.94,84.39,89.02,90.59,93.61,95.53
0.71,10920.00,2.90,2.00,3.00,1.00,4.00,175000000000000000000.00,51.08,58.60,59.12,59.43,61.54,65.88,70.59,74.18,77.21,80.28,59.91,68.36,67.61,67.35,68.19,71.39,76.57,78.84,82.12,84.50,62.97,71.61,70.58,70.39,71.34,73.80,78.36,81.14,83.90,86.50,63.49,72.25,71.94,71.49,72.54,74.96,79.10,81.75,84.09,86.73,64.80,72.91,72.53,72.01,73.05,75.40,79.44,82.68,84.65,87.08,64.79,72.87,73.09,72.79,72.29,74.46,79.27,81.50,84.36,87.32,64.79,72.87,73.09,72.79,72.29,74.46,79.27,81.50,84.36,87.32,64.79,72.87,73.09,72.79,72.29,74.46,79.27,81.50,84.36,87.32,64.79,72.87,73.09,72.79,72.29,74.46,79.27,81.50,84.36,87.32,64.79,72.87,73.09,72.79,72.29,74.46,79.27,81.50,84.36,87.32,64.79,72.87,73.09,72.79,72.29,74.46,79.27,81.50,84.36,87.32,64.79,72.87,73.09,72.79,72.29,74.46,79.27,81.50,84.36,87.32,64.79,72.87,73.09,72.79,72.29,74.46,79.27,81.50,84.36,87.32,64.79,72.87,73.09,72.79,72.29,74.46,79.27,81.50,84.36,87.32,64.79,72.87,73.09,72.79,72.29,74.46,79.27,81.50,84.36,87.32,64.79,72.87,73.09,72.79,72.29,74.46,79.27,81.50,84.36,87.32
0.71,10920.00,2.90,2.00,3.00,1.00,3.00,175000000000000000000.00,45.22,51.61,51.96,52.41,53.96,57.48,61.92,64.79,67.27,70.50,51.23,58.19,58.06,57.82,59.53,62.66,66.17,68.92,72.22,75.00,54.55,62.01,61.26,60.74,61.65,63.68,68.51,70.38,73.08,77.22,55.53,62.88,62.54,62.33,63.03,64.99,69.17,71.75,74.55,76.77,55.69,63.11,62.74,62.76,63.08,65.73,69.54,71.74,74.74,76.98,56.08,63.80,63.52,62.89,63.17,65.07,68.95,70.77,74.50,77.08,56.08,63.80,63.52,62.89,63.17,65.07,68.95,70.77,74.50,77.08,56.08,63.80,63.52,62.89,63.17,65.07,68.95,70.77,74.50,77.08,56.08,63.80,63.52,62.89,63.17,65.07,68.95,70.77,74.50,77.08,56.08,63.80,63.52,62.89,63.17,65.07,68.95,70.77,74.50,77.08,56.08,63.80,63.52,62.89,63.17,65.07,68.95,70.77,74.50,77.08,56.08,63.80,63.52,62.89,63.17,65.07,68.95,70.77,74.50,77.08,56.08,63.80,63.52,62.89,63.17,65.07,68.95,70.77,74.50,77.08,56.08,63.80,63.52,62.89,63.17,65.07,68.95,70.77,74.50,77.08,56.08,63.80,63.52,62.89,63.17,65.07,68.95,70.77,74.50,77.08,56.08,63.80,63.52,62.89,63.17,65.07,68.95,70.77,74.50,77.08
0.71,10920.00,2.90,2.00,3.00,1.00,2.00,175000000000000000000.00,38.82,44.83,45.67,45.50,47.54,49.55,53.81,56.10,59.03,61.46,43.71,50.21,49.95,49.73,50.60,53.20,56.89,58.99,62.29,64.39,46.01,51.75,51.88,51.49,51.84,54.51,58.01,60.19,62.65,65.03,46.69,52.44,52.33,52.08,51.88,54.28,58.01,60.81,63.15,65.70,46.63,52.51,52.61,52.31,53.04,54.53,58.76,61.45,63.49,65.80,46.27,52.72,52.67,52.27,53.35,54.97,58.76,59.78,62.89,65.11,46.27,52.72,52.67,52.27,53.35,54.97,58.76,59.78,62.89,65.11,46.27,52.72,52.67,52.27,53.35,54.97,58.76,59.78,62.89,65.11,46.27,52.72,52.67,52.27,53.35,54.97,58.76,59.78,62.89,65.11,46.27,52.72,52.67,52.27,53.35,54.97,58.76,59.78,62.89,65.11,46.27,52.72,52.67,52.27,53.35,54.97,58.76,59.78,62.89,65.11,46.27,52.72,52.67,52.27,53.35,54.97,58.76,59.78,62.89,65.11,46.27,52.72,52.67,52.27,53.35,54.97,58.76,59.78,62.89,65.11,46.27,52.72,52.67,52.27,53.35,54.97,58.76,59.78,62.89,65.11,46.27,52.72,52.67,52.27,53.35,54.97,58.76,59.78,62.89,65.11,46.27,52.72,52.67,52.27,53.35,54.97,58.76,59.78,62.89,65.11
0.71,10920.00,2.90,2.00,3.00,1.00,1.00,175000000000000000000.00,34.87,40.30,40.73,40.81,41.01,43.18,47.01,49.00,51.60,53.56,38.32,42.89,43.09,43.30,43.26,46.08,48.86,50.55,53.89,55.67,39.87,44.11,44.37,44.70,44.99,46.58,49.96,51.33,54.13,56.46,39.93,44.43,44.94,44.98,44.61,46.49,49.54,51.86,53.97,56.05,39.33,44.47,44.59,44.45,44.88,46.58,49.69,51.76,53.42,56.20,39.05,44.33,44.67,44.77,44.62,46.57,49.66,50.87,53.92,56.09,39.05,44.33,44.67,44.77,44.62,46.57,49.66,50.87,53.92,56.09,39.05,44.33,44.67,44.77,44.62,46.57,49.66,50.87,53.92,56.09,39.05,44.33,44.67,44.77,44.62,46.57,49.66,50.87,53.92,56.09,39.05,44.33,44.67,44.77,44.62,46.57,49.66,50.87,53.92,56.09,39.05,44.33,44.67,44.77,44.62,46.57,49.66,50.87,53.92,56.09,39.05,44.33,44.67,44.77,44.62,46.57,49.66,50.87,53.92,56.09,39.05,44.33,44.67,44.77,44.62,46.57,49.66,50.87,53.92,56.09,39.05,44.33,44.67,44.77,44.62,46.57,49.66,50.87,53.92,56.09,39.05,44.33,44.67,44.77,44.62,46.57,49.66,50.87,53.92,56.09,39.05,44.33,44.67,44.77,44.62,46.57,49.66,50.87,53.92,56.09
0.71,10920.00,2.90,2.00,2.00,3.00,6.00,175000000000000000000.00,33.97,38.78,38.52,38.68,39.87,42.12,45.68,47.79,50.56,53.36,37.22,41.21,41.64,42.30,42.08,44.43,47.70,50.60,52.05,54.62,38.21,43.47,43.40,42.90,43.64,45.07,48.43,50.08,53.28,55.81,38.86,43.84,43.11,43.25,43.83,45.56,49.27,50.94,53.98,56.07,39.27,43.90,43.76,43.58,43.47,45.56,49.21,51.19,52.69,56.28,39.82,43.74,43.83,44.14,44.36,45.98,49.49,51.22,53.46,56.19,39.82,43.74,43.83,44.14,44.36,45.98,49.49,51.22,53.46,56.19,39.82,43.74,43.83,44.14,44.36,45.98,49.49,51.22,53.46,56.19,39.82,43.74,43.83,44.14,44.36,45.98,49.49,51.22,53.46,56.19,39.82,43.74,43.83,44.14,44.36,45.98,49.49,51.22,53.46,56.19,39.82,43.74,43.83,44.14,44.36,45.98,49.49,51.22,53.46,56.19,39.82,43.74,43.83,44.14,44.36,45.98,49.49,51.22,53.46,56.19,39.82,43.74,43.83,44.14,44.36,45.98,49.49,51.22,53.46,56.19,39.82,43.74,43.83,44.14,44.36,45.98,49.49,51.22,53.46,56.19,39.82,43.74,43.83,44.14,44.36,45.98,49.49,51.22,53.46,56.19,39.82,43.74,43.83,44.14,44.36,45.98,49.49,51.22,53.46,56.19
0.71,10920.00,2.90,2.00,2.00,3.00,5.00,175000000000000000000.00,39.22,44.32,44.34,44.65,45.81,48.53,53.24,56.15,57.61,61.51,42.80,49.06,49.54,48.31,49.42,51.86,56.30,58.34,61.64,64.93,45.68,50.92,51.28,50.88,51.44,53.48,57.69,60.44,63.07,65.65,46.82,52.54,52.44,52.81,53.14,55.97,59.48,61.82,64.34,66.90,47.13,53.38,52.73,53.60,53.19,54.64,59.36,61.69,64.30,66.78,47.72,53.87,53.62,53.29,53.21,55.35,59.72,61.94,65.16,67.72,47.72,53.87,53.62,53.29,53.21,55.35,59.72,61.94,65.16,67.72,47.72,53.87,53.62,53.29,53.21,55.35,59.72,61.94,65.16,67.72,47.72,53.87,53.62,53.29,53.21,55.35,59.72,61.94,65.16,67.72,47.72,53.87,53.62,53.29,53.21,55.35,59.72,61.94,65.16,67.72,47.72,53.87,53.62,53.29,53.21,55.35,59.72,61.94,65.16,67.72,47.72,53.87,53.62,53.29,53.21,55.35,59.72,61.94,65.16,67.72,47.72,53.87,53.62,53.29,53.21,55.35,59.72,61.94,65.16,67.72,47.72,53.87,53.62,53.29,53.21,55.35,59.72,61.94,65.16,67.72,47.72,53.87,53.62,53.29,53.21,55.35,59.72,61.94,65.16,67.72,47.72,53.87,53.62,53.29,53.21,55.35,59.72,61.94,65.16,67.72
0.71,10920.00,2.90,2.00,2.00,3.00,4.00,175000000000000000000.00,44.41,50.58,51.44,51.08,53.60,57.07,61.38,64.78,68.08,71.24,51.28,57.94,57.74,57.81,58.41,61.94,66.52,68.23,72.42,75.27,54.03,61.20,60.71,59.93,60.97,63.43,68.30,70.59,74.22,76.64,55.37,62.60,61.62,61.99,61.80,64.74,68.97,72.04,75.24,77.89,55.44,62.45,62.72,62.17,63.07,65.23,69.60,71.99,76.00,77.35,56.63,62.80,62.44,62.58,63.03,65.08,69.94,71.49,75.46,78.02,56.63,62.80,62.44,62.58,63.03,65.08,69.94,71.49,75.46,78.02,56.63,62.80,62.44,62.58,63.03,65.08,69.94,71.49,75.46,78.02,56.63,62.80,62.44,62.58,63.03,65.08,69.94,71.49,75.46,78.02,56.63,62.80,62.44,62.58,63.03,65.08,69.94,71.49,75.46,78.02,56.63,62.80,62.44,62.58,63.03,65.08,69.94,71.49,75.46,78.02,56.63,62.80,62.44,62.58,63.03,65.08,69.94,71.49,75.46,78.02,56.63,62.80,62.44,62.58,63.03,65.08,69.94,71.49,75.46,78.02,56.63,62.80,62.44,62.58,63.03,65.08,69.94,71.49,75.46,78.02,56.63,62.80,62.44,62.58,63.03,65.08,69.94,71.49,75.46,78.02,56.63,62.80,62.44,62.58,63.03,65.08,69.94,71.49,75.46,78.02
0.71,10920.00,2.90,2.00,2.00,3.00,3.00,175000000000000000000.00,50.27,57.64,58.17,58.38,60.74,64.19,69.72,73.01,76.15,80.35,58.58,66.53,66.84,66.80,67.74,71.12,76.25,79.04,82.25,85.18,61.99,71.60,69.88,70.19,70.77,74.16,78.52,81.28,84.43,87.66,64.28,72.42,72.11,71.48,71.99,75.95,79.93,83.17,86.62,88.26,65.39,73.67,73.73,72.77,73.59,75.91,80.25,82.96,86.11,89.04,65.42,73.81,73.26,72.81,73.57,76.00,80.84,83.39,86.21,89.30,65.42,73.81,73.26,72.81,73.57,76.00,80.84,83.39,86.21,89.30,65.42,73.81,73.26,72.81,73.57,76.00,80.84,83.39,86.21,89.30,65.42,73.81,73.26,72.81,73.57,76.00,80.84,83.39,86.21,89.30,65.42,73.81,73.26,72.81,73.57,76.00,80.84,83.39,86.21,89.30,65.42,73.81,73.26,72.81,73.57,76.00,80.84,83.39,86.21,89.30,65.42,73.81,73.26,72.81,73.57,76.00,80.84,83.39,86.21,89.30,65.42,73.81,73.26,72.81,73.57,76.00,80.84,83.39,86.21,89.30,65.42,73.81,73.26,72.81,73.57,76.00,80.84,83.39,86.21,89.30,65.42,73.81,73.26,72.81,73.57,76.00,80.84,83.39,86.21,89.30,65.42,73.81,73.26,72.81,73.57,76.00,80.84,83.39,86.21,89.30
0.71,10920.00,2.90,2.00,2.00,3.00,2.00,175000000000000000000.00,56.46,64.46,65.24,65.90,68.24,73.66,78.69,82.75,86.22,89.81,68.23,76.07,76.24,75.74,77.45,80.77,85.94,88.66,90.52,94.60,71.49,80.99,80.69,80.11,80.19,82.89,87.91,90.62,93.11,96.64,72.40,81.86,81.05,80.84,80.97,83.95,88.67,91.33,94.05,97.15,73.40,83.14,81.72,81.54,81.56,84.20,89.25,91.21,93.64,96.67,73.53,83.09,82.28,81.89,81.98,84.47,89.79,91.90,95.56,97.35,73.53,83.09,82.28,81.89,81.98,84.47,89.79,91.90,95.56,97.35,73.53,83.09,82.28,81.89,81.98,84.47,89.79,91.90,95.56,97.35,73.53,83.09,82.28,81.89,81.98,84.47,89.79,91.90,95.56,97.35,73.53,83.09,82.28,81.89,81.98,84.47,89.79,91.90,95.56,97.35,73.53,83.09,82.28,81.89,81.98,84.47,89.79,91.90,95.56,97.35,73.53,83.09,82.28,81.89,81.98,84.47,89.79,91.90,95.56,97.35,73.53,83.09,82.28,81.89,81.98,84.47,89.79,91.90,95.56,97.35,73.53,83.09,82.28,81.89,81.98,84.47,89.79,91.90,95.56,97.35,73.53,83.09,82.28,81.89,81.98,84.47,89.79,91.90,95.56,97.35,73.53,83.09,82.28,81.89,81.98,84.47,89.79,91.90,95.56,97.35
0.71,10920.00,2.90,2.00,2.00,3.00,1.00,175000000000000000000.00,63.78,73.68,73.85,74.95,78.20,83.67,91.26,93.99,97.07,99.66,78.05,87.61,88.14,87.17,87.91,91.76,96.61,99.48,103.25,105.46,80.86,91.77,90.57,89.77,90.76,93.25,98.90,101.75,103.33,106.28,81.75,92.46,92.53,91.45,91.50,94.50,99.55,101.70,104.28,106.26,82.12,93.44,92.04,90.50,91.47,94.40,98.82,101.90,103.78,106.54,82.37,93.73,92.78,91.50,92.58,95.56,100.49,102.87,106.10,107.77,82.37,93.73,92.78,91.50,92.58,95.56,100.49,102.87,106.10,107.77,82.37,93.73,92.78,91.50,92.58,95.56,100.49,102.87,106.10,107.77,82.37,93.73,92.78,91.50,92.58,95.56,100.49,102.87,106.10,107.77,82.37,93.73,92.78,91.50,92.58,95.56,100.49,102.87,106.10,107.77,82.37,93.73,92.78,91.50,92.58,95.56,100.49,102.87,106.10,107.77,82.37,93.73,92.78,91.50,92.58,95.56,100.49,102.87,106.10,107.77,82.37,93.73,92.78,91.50,92.58,95.56,100.49,102.87,106.10,107.77,82.37,93.73,92.78,91.50,92.58,95.56,100.49,102.87,106.10,107.77,82.37,93.73,92.78,91.50,92.58,95.56,100.49,102.87,106.10,107.77,82.37,93.73,92.78,91.50,92.58,95.56,100.49,102.87,106.10,107.77
0.71,10920.00,2.90,2.00,2.00,2.00,6.00,175000000000000000000.00,77.29,89.76,90.05,89.65,95.43,101.94,109.90,113.11,115.06,117.61,97.39,111.00,108.79,107.91,109.18,112.11,116.46,118.99,120.28,122.20,101.49,114.53,112.62,112.38,111.72,114.33,118.74,120.93,122.78,123.99,102.77,116.91,115.57,113.14,113.56,115.27,120.51,121.70,123.77,125.93,102.96,116.81,116.08,113.37,113.61,117.65,122.98,123.19,125.19,125.65,103.51,117.69,117.13,114.85,114.27,118.82,122.00,124.08,125.39,126.25,103.51,117.69,117.13,114.85,114.27,118.82,122.00,124.08,125.39,126.25,103.51,117.69,117.13,114.85,114.27,118.82,122.00,124.08,125.39,126.25,103.51,117.69,117.13,114.85,114.27,118.82,122.00,124.08,125.39,126.25,103.51,117.69,117.13,114.85,114.27,118.82,122.00,124.08,125.39,126.25,103.51,117.69,117.13,114.85,114.27,118.82,122.00,124.08,125.39,126.25,103.51,117.69,117.13,114.85,114.27,118.82,122.00,124.08,125.39,126.25,103.51,117.69,117.13,114.85,114.27,118.82,122.00,124.08,125.39,126.25,103.51,117.69,117.13,114.85,114.27,118.82,122.00,124.08,125.39,126.25,103.51,117.69,117.13,114.85,114.27,118.82,122.00,124.08,125.39,126.25,103.51,117.69,117.13,114.85,114.27,118.82,122.00,124.08,125.39,126.25
0.71,10920.00,2.90,2.00,2.00,2.00,5.00,175000000000000000000.00,78.95,91.47,92.19,92.36,97.89,104.51,111.28,114.48,116.03,118.38,98.94,112.59,112.48,111.05,111.40,116.40,119.67,122.97,124.74,125.89,104.92,118.62,116.76,115.45,116.14,117.72,122.22,125.26,126.00,126.76,106.29,121.06,118.95,117.08,117.53,119.25,124.32,125.16,126.85,127.75,106.12,121.69,119.55,118.23,118.19,120.19,125.60,125.90,127.45,129.08,107.33,121.87,120.30,118.16,118.42,120.91,124.23,124.44,127.58,128.77,107.33,121.87,120.30,118.16,118.42,120.91,124.23,124.44,127.58,128.77,107.33,121.87,120.30,118.16,118.42,120.91,124.23,124.44,127.58,128.77,107.33,121.87,120.30,118.16,118.42,120.91,124.23,124.44,127.58,128.77,107.33,121.87,120.30,118.16,118.42,120.91,124.23,124.44,127.58,128.77,107.33,121.87,120.30,118.16,118.42,120.91,124.23,124.44,127.58,128.77,107.33,121.87,120.30,118.16,118.42,120.91,124.23,124.44,127.58,128.77,107.33,121.87,120.30,118.16,118.42,120.91,124.23,124.44,127.58,128.77,107.33,121.87,120.30,118.16,118.42,120.91,124.23,124.44,127.58,128.77,107.33,121.87,120.30,118.16,118.42,120.91,124.23,124.44,127.58,128.77,107.33,121.87,120.30,118.16,118.42,120.91,124.23,124.44,127.58,128.77
0.71,10920.00,2.90,2.00,2.00,2.00,4.00,175000000000000000000.00,80.17,92.64,93.23,94.24,99.44,106.13,111.52,114.94,116.52,118.22,100.49,114.33,112.13,110.67,111.55,116.92,120.00,123.02,123.54,125.99,105.67,119.85,118.63,116.89,116.53,120.29,123.91,126.14,127.47,128.26,108.26,122.65,120.80,119.16,118.01,122.07,125.52,127.42,128.83,129.65,108.23,124.08,120.66,119.38,120.22,122.89,126.48,127.66,128.83,130.52,109.83,124.42,122.31,120.49,119.33,122.74,127.83,128.41,129.23,130.30,109.83,124.42,122.31,120.49,119.33,122.74,127.83,128.41,129.23,130.30,109.83,124.42,122.31,120.49,119.33,122.74,127.83,128.41,129.23,130.30,109.83,124.42,122.31,120.49,119.33,122.74,127.83,128.41,129.23,130.30,109.83,124.42,122.31,120.49,119.33,122.74,127.83,128.41,129.23,130.30,109.83,124.42,122.31,120.49,119.33,122.74,127.83,128.41,129.23,130.30,109.83,124.42,122.31,120.49,119.33,122.74,127.83,128.41,129.23,130.30,109.83,124.42,122.31,120.49,119.33,122.74,127.83,128.41,129.23,130.30,109.83,124.42,122.31,120.49,119.33,122.74,127.83,128.41,129.23,130.30,109.83,124.42,122.31,120.49,119.33,122.74,127.83,128.41,129.23,130.30,109.83,124.42,122.31,120.49,119.33,122.74,127.83,128.41,129.23,130.30
0.71,10920.00,2.90,2.00,2.00,2.00,3.00,175000000000000000000.00,79.88,92.14,93.08,94.31,98.94,106.20,112.57,115.94,116.95,118.89,100.29,114.44,112.45,112.01,113.51,117.10,121.16,123.84,124.03,125.27,105.17,120.04,118.00,117.20,116.37,120.10,124.37,125.96,126.56,128.24,107.35,122.32,119.75,118.06,118.86,120.63,124.52,126.39,127.98,128.02,107.95,122.30,121.47,119.10,120.59,122.17,125.75,127.32,128.27,128.45,108.12,123.84,121.53,118.65,117.66,122.18,125.83,126.53,128.66,130.05,108.12,123.84,121.53,118.65,117.66,122.18,125.83,126.53,128.66,130.05,108.12,123.84,121.53,118.65,117.66,122.18,125.83,126.53,128.66,130.05,108.12,123.84,121.53,118.65,117.66,122.18,125.83,126.53,128.66,130.05,108.12,123.84,121.53,118.65,117.66,122.18,125.83,126.53,128.66,130.05,108.12,123.84,121.53,118.65,117.66,122.18,125.83,126.53,128.66,130.05,108.12,123.84,121.53,118.65,117.66,122.18,125.83,126.53,128.66,130.05,108.12,123.84,121.53,118.65,117.66,122.18,125.83,126.53,128.66,130.05,108.12,123.84,121.53,118.65,117.66,122.18,125.83,126.53,128.66,130.05,108.12,123.84,121.53,118.65,117.66,122.18,125.83,126.53,128.66,130.05,108.12,123.84,121.53,118.65,117.66,122.18,125.83,126.53,128.66,130.05
0.71,10920.00,2.90,2.00,2.00,2.00,2.00,175000000000000000000.00,79.74,92.20,92.93,92.87,98.31,104.51,111.65,113.66,115.67,118.63,99.88,113.02,111.48,110.81,111.58,115.58,119.09,121.69,123.38,125.02,104.22,118.36,117.00,115.84,115.08,117.65,122.43,124.40,125.52,126.49,106.55,120.61,118.83,116.22,116.47,119.81,122.52,125.61,126.48,127.02,105.94,120.87,119.45,117.74,115.67,119.50,122.57,124.48,125.52,127.00,105.69,120.84,118.25,116.09,116.70,119.31,122.99,124.29,126.26,126.39,105.69,120.84,118.25,116.09,116.70,119.31,122.99,124.29,126.26,126.39,105.69,120.84,118.25,116.09,116.70,119.31,122.99,124.29,126.26,126.39,105.69,120.84,118.25,116.09,116.70,119.31,122.99,124.29,126.26,126.39,105.69,120.84,118.25,116.09,116.70,119.31,122.99,124.29,126.26,126.39,105.69,120.84,118.25,116.09,116.70,119.31,122.99,124.29,126.26,126.39,105.69,120.84,118.25,116.09,116.70,119.31,122.99,124.29,126.26,126.39,105.69,120.84,118.25,116.09,116.70,119.31,122.99,124.29,126.26,126.39,105.69,120.84,118.25,116.09,116.70,119.31,122.99,124.29,126.26,126.39,105.69,120.84,118.25,116.09,116.70,119.31,122.99,124.29,126.26,126.39,105.69,120.84,118.25,116.09,116.70,119.31,122.99,124.29,126.26,126.39
0.71,10920.00,2.90,2.00,2.00,2.00,1.00,175000000000000000000.00,79.68,92.37,92.71,93.04,97.33,104.01,111.04,114.10,115.16,118.71,98.10,112.37,110.79,110.42,110.77,114.30,119.89,121.97,122.56,124.41,103.42,117.19,116.03,113.44,113.58,116.31,121.26,122.31,124.85,125.72,104.04,118.52,116.58,115.53,114.86,118.72,122.10,124.46,125.70,126.77,105.69,119.87,117.71,115.27,115.73,119.13,122.98,123.54,126.37,127.74,106.54,120.98,119.11,116.71,116.64,119.53,123.60,124.33,127.15,128.16,106.54,120.98,119.11,116.71,116.64,119.53,123.60,124.33,127.15,128.16,106.54,120.98,119.11,116.71,116.64,119.53,123.60,124.33,127.15,128.16,106.54,120.98,119.11,116.71,116.64,119.53,123.60,124.33,127.15,128.16,106.54,120.98,119.11,116.71,116.64,119.53,123.60,124.33,127.15,128.16,106.54,120.98,119.11,116.71,116.64,119.53,123.60,124.33,127.15,128.16,106.54,120.98,119.11,116.71,116.64,119.53,123.60,124.33,127.15,128.16,106.54,120.98,119.11,116.71,116.64,119.53,123.60,124.33,127.15,128.16,106.54,120.98,119.11,116.71,116.64,119.53,123.60,124.33,127.15,128.16,106.54,120.98,119.11,116.71,116.64,119.53,123.60,124.33,127.15,128.16,106.54,120.98,119.11,116.71,116.64,119.53,123.60,124.33,127.15,128.16
0.71,10920.00,2.90,2.00,2.00,1.00,6.00,175000000000000000000.00,62.08,72.29,72.51,72.66,77.07,81.99,88.16,90.87,94.56,97.60,75.63,85.84,85.09,84.84,86.04,90.25,95.40,98.76,99.59,102.74,80.30,90.59,89.83,89.27,89.92,92.29,98.12,100.40,102.18,104.75,80.88,92.50,91.36,90.92,90.14,93.42,98.88,101.68,103.90,105.77,82.18,93.57,92.30,91.41,90.99,94.23,98.64,100.50,102.49,105.43,81.69,93.15,92.02,90.58,91.02,93.81,98.64,100.53,103.39,105.40,81.69,93.15,92.02,90.58,91.02,93.81,98.64,100.53,103.39,105.40,81.69,93.15,92.02,90.58,91.02,93.81,98.64,100.53,103.39,105.40,81.69,93.15,92.02,90.58,91.02,93.81,98.64,100.53,103.39,105.40,81.69,93.15,92.02,90.58,91.02,93.81,98.64,100.53,103.39,105.40,81.69,93.15,92.02,90.58,91.02,93.81,98.64,100.53,103.39,105.40,81.69,93.15,92.02,90.58,91.02,93.81,98.64,100.53,103.39,105.40,81.69,93.15,92.02,90.58,91.02,93.81,98.64,100.53,103.39,105.40,81.69,93.15,92.02,90.58,91.02,93.81,98.64,100.53,103.39,105.40,81.69,93.15,92.02,90.58,91.02,93.81,98.64,100.53,103.39,105.40,81.69,93.15,92.02,90.58,91.02,93.81,98.64,100.53,103.39,105.40
0.71,10920.00,2.90,2.00,2.00,1.00,5.00,175000000000000000000.00,56.79,65.06,65.22,65.92,68.65,72.85,79.58,82.65,84.97,87.64,67.14,75.57,75.41,75.33,76.42,80.30,85.41,87.30,91.17,92.31,70.37,80.42,79.41,78.75,79.56,82.54,87.38,90.36,92.57,94.62,72.16,81.43,80.76,80.74,80.93,83.62,88.54,90.58,93.20,95.31,72.53,82.45,80.77,80.55,81.06,83.60,89.31,90.85,93.97,95.17,72.25,81.91,81.53,80.76,80.82,84.06,87.97,89.97,92.49,95.05,72.25,81.91,81.53,80.76,80.82,84.06,87.97,89.97,92.49,95.05,72.25,81.91,81.53,80.76,80.82,84.06,87.97,89.97,92.49,95.05,72.25,81.91,81.53,80.76,80.82,84.06,87.97,89.97,92.49,95.05,72.25,81.91,81.53,80.76,80.82,84.06,87.97,89.97,92.49,95.05,72.25,81.91,81.53,80.76,80.82,84.06,87.97,89.97,92.49,95.05,72.25,81.91,81.53,80.76,80.82,84.06,87.97,89.97,92.49,95.05,72.25,81.91,81.53,80.76,80.82,84.06,87.97,89.97,92.49,95.05,72.25,81.91,81.53,80.76,80.82,84.06,87.97,89.97,92.49,95.05,72.25,81.91,81.53,80.76,80.82,84.06,87.97,89.97,92.49,95.05,72.25,81.91,81.53,80.76,80.82,84.06,87.97,89.97,92.49,95.05
0.71,10920.00,2.90,2.00,2.00,1.00,4.00,175000000000000000000.00,50.43,58.18,58.61,58.77,60.71,65.24,70.44,73.46,75.56,79.62,59.87,66.89,67.23,66.75,67.35,70.84,75.68,78.65,81.46,84.43,62.48,70.77,70.23,69.46,70.26,72.70,78.45,80.85,82.81,85.99,63.36,72.04,71.09,70.86,71.61,74.88,78.23,80.76,83.65,86.07,63.66,71.37,72.19,71.57,70.94,74.48,78.20,80.72,82.52,85.87,63.13,71.70,71.53,70.87,71.67,73.45,77.10,80.55,83.67,85.22,63.13,71.70,71.53,70.87,71.67,73.45,77.10,80.55,83.67,85.22,63.13,71.70,71.53,70.87,71.67,73.45,77.10,80.55,83.67,85.22,63.13,71.70,71.53,70.87,71.67,73.45,77.10,80.55,83.67,85.22,63.13,71.70,71.53,70.87,71.67,73.45,77.10,80.55,83.67,85.22,63.13,71.70,71.53,70.87,71.67,73.45,77.10,80.55,83.67,85.22,63.13,71.70,71.53,70.87,71.67,73.45,77.10,80.55,83.67,85.22,63.13,71.70,71.53,70.87,71.67,73.45,77.10,80.55,83.67,85.22,63.13,71.70,71.53,70.87,71.67,73.45,77.10,80.55,83.67,85.22,63.13,71.70,71.53,70.87,71.67,73.45,77.10,80.55,83.67,85.22,63.13,71.70,71.53,70.87,71.67,73.45,77.10,80.55,83.67,85.22
0.71,10920.00,2.90,2.00,2.00,1.00,3.00,175000000000000000000.00,44.24,50.90,51.60,51.89,53.73,57.38,61.27,64.61,67.16,70.16,50.81,57.75,58.19,57.59,58.87,61.41,65.90,69.07,71.28,73.00,53.70,60.23,60.93,60.12,60.97,62.99,67.42,69.66,72.63,75.18,54.21,61.41,61.32,61.33,61.74,64.02,68.55,70.95,72.68,75.96,55.16,62.52,62.16,61.93,61.93,64.07,68.72,70.40,73.73,75.98,55.37,62.17,61.97,61.79,62.27,65.00,68.46,72.26,73.88,77.09,55.37,62.17,61.97,61.79,62.27,65.00,68.46,72.26,73.88,77.09,55.37,62.17,61.97,61.79,62.27,65.00,68.46,72.26,73.88,77.09,55.37,62.17,61.97,61.79,62.27,65.00,68.46,72.26,73.88,77.09,55.37,62.17,61.97,61.79,62.27,65.00,68.46,72.26,73.88,77.09,55.37,62.17,61.97,61.79,62.27,65.00,68.46,72.26,73.88,77.09,55.37,62.17,61.97,61.79,62.27,65.00,68.46,72.26,73.88,77.09,55.37,62.17,61.97,61.79,62.27,65.00,68.46,72.26,73.88,77.09,55.37,62.17,61.97,61.79,62.27,65.00,68.46,72.26,73.88,77.09,55.37,62.17,61.97,61.79,62.27,65.00,68.46,72.26,73.88,77.09,55.37,62.17,61.97,61.79,62.27,65.00,68.46,72.26,73.88,77.09
0.71,10920.00,2.90,2.00,2.00,1.00,2.00,175000000000000000000.00,39.05,44.84,45.24,45.09,46.67,49.58,53.36,55.33,58.49,61.26,43.38,48.94,49.11,48.95,50.37,53.02,56.51,58.45,61.74,64.02,46.13,51.39,51.46,51.38,52.30,54.74,58.23,61.34,63.76,66.14,46.46,53.43,53.04,52.74,52.88,54.93,59.03,62.21,63.39,66.21,46.93,53.43,53.02,53.23,53.70,55.09,59.02,61.14,63.23,65.37,46.91,53.63,53.33,52.23,52.64,54.69,58.01,60.26,62.65,65.19,46.91,53.63,53.33,52.23,52.64,54.69,58.01,60.26,62.65,65.19,46.91,53.63,53.33,52.23,52.64,54.69,58.01,60.26,62.65,65.19,46.91,53.63,53.33,52.23,52.64,54.69,58.01,60.26,62.65,65.19,46.91,53.63,53.33,52.23,52.64,54.69,58.01,60.26,62.65,65.19,46.91,53.63,53.33,52.23,52.64,54.69,58.01,60.26,62.65,65.19,46.91,53.63,53.33,52.23,52.64,54.69,58.01,60.26,62.65,65.19,46.91,53.63,53.33,52.23,52.64,54.69,58.01,60.26,62.65,65.19,46.91,53.63,53.33,52.23,52.64,54.69,58.01,60.26,62.65,65.19,46.91,53.63,53.33,52.23,52.64,54.69,58.01,60.26,62.65,65.19,46.91,53.63,53.33,52.23,52.64,54.69,58.01,60.26,62.65,65.19
0.71,10920.00,2.90,2.00,2.00,1.00,1.00,175000000000000000000.00,34.66,39.66,39.61,39.88,40.87,42.70,46.81,48.79,50.62,53.52,37.52,42.91,43.09,43.39,43.58,44.97,48.21,50.65,53.07,55.78,38.41,43.55,43.76,43.68,44.37,46.21,49.48,51.01,54.31,56.46,38.93,44.08,44.15,44.43,44.38,46.19,49.53,51.69,53.93,56.48,38.99,44.15,44.72,44.31,43.88,46.36,49.17,50.54,53.25,56.40,39.50,43.98,43.98,44.44,44.55,46.16,49.51,50.66,53.22,55.49,39.50,43.98,43.98,44.44,44.55,46.16,49.51,50.66,53.22,55.49,39.50,43.98,43.98,44.44,44.55,46.16,49.51,50.66,53.22,55.49,39.50,43.98,43.98,44.44,44.55,46.16,49.51,50.66,53.22,55.49,39.50,43.98,43.98,44.44,44.55,46.16,49.51,50.66,53.22,55.49,39.50,43.98,43.98,44.44,44.55,46.16,49.51,50.66,53.22,55.49,39.50,43.98,43.98,44.44,44.55,46.16,49.51,50.66,53.22,55.49,39.50,43.98,43.98,44.44,44.55,46.16,49.51,50.66,53.22,55.49,39.50,43.98,43.98,44.44,44.55,46.16,49.51,50.66,53.22,55.49,39.50,43.98,43.98,44.44,44.55,46.16,49.51,50.66,53.22,55.49,39.50,43.98,43.98,44.44,44.55,46.16,49.51,50.66,53.22,55.49
