U%,Density,Thermal_Conductivity,IV,Digit1,Digit2,Digit3,N_U_235,0,1,5,10,15,20,25,25.001,26,30,35,40,45,50,50.001,51,55,60,65,70,75,75.001,76,80,85,90,95,100,100.001,101,105,110,115,120,125,125.001,126,130,135,140,145,150,150.001,151,155,160,165,170,175,175.001,176,180,185,190,195,200,200.001,201,205,210,215,220,225,225.001,226,230,235,240,245,250,250.001,251,255,260,265,270,275,275.001,276,280,285,290,295,300
0.711,10920,2.9,1,1,1,1,1.75E+20,40.96525931,46.43090844,49.43346389,55.01147443,64.14535349,90.5039947,99.48185778,60.56907643,68.44556575,69.58001367,74.14693742,83.69934974,113.9211389,122.3596521,70.76666635,80.28141548,81.45949205,85.51157978,96.6721577,129.4357347,135.5528038,78.56966039,88.91442883,90.60680291,93.7920633,103.5432165,139.9229268,144.462229,82.32963889,94.60042217,95.7233147,98.41096876,109.397851,147.7454967,153.4372005,87.30763363,99.20647061,100.5655674,103.0309558,114.947487,152.9033772,158.3868333,87.30763363,99.20647061,100.5655674,103.0309558,114.947487,152.9033772,158.3868333,87.30763363,99.20647061,100.5655674,103.0309558,114.947487,152.9033772,158.3868333,87.30763363,99.20647061,100.5655674,103.0309558,114.947487,152.9033772,158.3868333,87.30763363,99.20647061,100.5655674,103.0309558,114.947487,152.9033772,158.3868333,87.30763363,99.20647061,100.5655674,103.0309558,114.947487,152.9033772,158.3868333,87.30763363,99.20647061,100.5655674,103.0309558,114.947487,152.9033772,158.3868333
0.711,10920,2.9,1,1,1,2,1.75E+20,48.3141226,56.03829194,60.33329721,68.13891478,80.22054342,111.3755402,125.6118763,74.4116007,86.76047353,88.82154978,96.64817761,108.7973613,143.704469,153.7783641,90.1269409,105.6109697,107.7801305,113.2668738,125.5761562,164.6603276,174.5046148,101.8276577,118.237586,119.2588135,125.0268525,138.664059,179.2137102,185.2505515,105.4910255,122.9473651,125.4549018,131.2261486,142.5855435,188.0910975,191.7538963,109.4560178,128.7046089,130.0209524,134.8035724,146.8702239,191.0799996,196.0893748,109.4560178,128.7046089,130.0209524,134.8035724,146.8702239,191.0799996,196.0893748,109.4560178,128.7046089,130.0209524,134.8035724,146.8702239,191.0799996,196.0893748,109.4560178,128.7046089,130.0209524,134.8035724,146.8702239,191.0799996,196.0893748,109.4560178,128.7046089,130.0209524,134.8035724,146.8702239,191.0799996,196.0893748,109.4560178,128.7046089,130.0209524,134.8035724,146.8702239,191.0799996,196.0893748,109.4560178,128.7046089,130.0209524,134.8035724,146.8702239,191.0799996,196.0893748
0.711,10920,2.9,1,1,1,3,1.75E+20,57.71165777,67.62413732,74.39190448,85.0914123,99.89626616,142.2034822,157.8746449,97.02954594,114.6666617,116.7527719,125.6603751,139.4775423,187.5833726,199.8710982,118.7041362,141.678308,142.7542455,147.9866326,160.6230979,210.8573559,218.6823909,129.131681,152.2559949,154.067668,158.5634401,173.7131133,226.3836816,232.6149146,135.8108023,161.8999778,162.8313418,167.9756453,179.7836292,235.1613812,240.3379231,141.0736214,167.9088081,167.8267965,172.179216,183.2567691,239.4421169,243.4201949,141.0736214,167.9088081,167.8267965,172.179216,183.2567691,239.4421169,243.4201949,141.0736214,167.9088081,167.8267965,172.179216,183.2567691,239.4421169,243.4201949,141.0736214,167.9088081,167.8267965,172.179216,183.2567691,239.4421169,243.4201949,141.0736214,167.9088081,167.8267965,172.179216,183.2567691,239.4421169,243.4201949,141.0736214,167.9088081,167.8267965,172.179216,183.2567691,239.4421169,243.4201949,141.0736214,167.9088081,167.8267965,172.179216,183.2567691,239.4421169,243.4201949
0.711,10920,2.9,1,1,1,4,1.75E+20,69.37040814,80.25779839,87.92135457,103.399375,123.2925674,174.3011362,194.6215714,122.9079252,143.1215813,144.98357,156.0591305,171.0163734,228.3964643,239.7876349,147.6597313,172.9130898,174.7495666,179.353984,194.4546876,256.6691616,264.338914,162.8146418,190.9735701,189.8016384,194.4988538,207.2994081,271.4261863,279.2760796,170.4934694,196.8613025,198.2187046,199.7487547,211.9121092,277.9168545,281.4641856,172.026994,200.3573821,199.2193899,203.0925947,217.2203461,281.5506601,286.8796361,172.026994,200.3573821,199.2193899,203.0925947,217.2203461,281.5506601,286.8796361,172.026994,200.3573821,199.2193899,203.0925947,217.2203461,281.5506601,286.8796361,172.026994,200.3573821,199.2193899,203.0925947,217.2203461,281.5506601,286.8796361,172.026994,200.3573821,199.2193899,203.0925947,217.2203461,281.5506601,286.8796361,172.026994,200.3573821,199.2193899,203.0925947,217.2203461,281.5506601,286.8796361,172.026994,200.3573821,199.2193899,203.0925947,217.2203461,281.5506601,286.8796361
0.711,10920,2.9,1,1,1,5,1.75E+20,82.97344566,94.05290427,104.2604037,122.6404474,147.6172362,206.1133374,231.05431,155.7632323,176.4028121,177.3844687,186.9792583,205.0963847,268.4741729,281.4286143,186.3041699,211.2495757,207.5782416,214.7135838,232.8256654,298.3964622,306.3160261,197.1779575,224.7441488,222.0181449,226.0668569,241.797403,308.580866,315.0956376,203.180375,230.6705985,227.3769173,230.1943864,249.1179705,313.6803307,318.5212027,206.5796163,232.5818563,231.2628188,234.8107073,250.719182,315.2388103,319.9081343,206.5796163,232.5818563,231.2628188,234.8107073,250.719182,315.2388103,319.9081343,206.5796163,232.5818563,231.2628188,234.8107073,250.719182,315.2388103,319.9081343,206.5796163,232.5818563,231.2628188,234.8107073,250.719182,315.2388103,319.9081343,206.5796163,232.5818563,231.2628188,234.8107073,250.719182,315.2388103,319.9081343,206.5796163,232.5818563,231.2628188,234.8107073,250.719182,315.2388103,319.9081343,206.5796163,232.5818563,231.2628188,234.8107073,250.719182,315.2388103,319.9081343
0.711,10920,2.9,1,1,1,6,1.75E+20,92.00816488,105.3923423,118.43778,144.0927515,178.7489231,234.3582262,259.4116063,183.7148657,207.7259753,208.0527381,220.8165493,247.1102259,302.3001547,313.992244,217.0810344,245.193413,242.1892738,247.7193891,269.3961594,325.4548142,332.2247571,227.8325057,258.4420229,253.3695405,258.8142656,282.9573334,336.9080159,346.610401,234.4617623,266.1432554,261.6285193,266.647629,289.2477664,343.8697963,346.608199,236.3846553,267.6045067,263.5713872,268.2052825,289.8025263,343.5885571,350.1164454,236.3846553,267.6045067,263.5713872,268.2052825,289.8025263,343.5885571,350.1164454,236.3846553,267.6045067,263.5713872,268.2052825,289.8025263,343.5885571,350.1164454,236.3846553,267.6045067,263.5713872,268.2052825,289.8025263,343.5885571,350.1164454,236.3846553,267.6045067,263.5713872,268.2052825,289.8025263,343.5885571,350.1164454,236.3846553,267.6045067,263.5713872,268.2052825,289.8025263,343.5885571,350.1164454,236.3846553,267.6045067,263.5713872,268.2052825,289.8025263,343.5885571,350.1164454
0.711,10920,2.9,1,1,2,1,1.75E+20,128.395498,151.9081586,172.8768934,213.9745056,256.5135269,294.0359129,323.4195709,275.9666566,317.8198419,309.9548114,322.3723384,343.6201271,361.8289024,376.725493,312.2182245,359.387256,346.1788794,353.4728175,371.7742333,386.7953026,396.7158318,326.5190885,375.5906381,359.054152,361.7135403,376.5647975,388.2531507,397.4210005,328.3957676,379.4086762,362.9772005,364.160382,378.4125007,392.7453697,400.5590714,326.8383017,376.0601206,359.6195345,360.6786286,373.5150168,387.1443768,393.5452508,326.8383017,376.0601206,359.6195345,360.6786286,373.5150168,387.1443768,393.5452508,326.8383017,376.0601206,359.6195345,360.6786286,373.5150168,387.1443768,393.5452508,326.8383017,376.0601206,359.6195345,360.6786286,373.5150168,387.1443768,393.5452508,326.8383017,376.0601206,359.6195345,360.6786286,373.5150168,387.1443768,393.5452508,326.8383017,376.0601206,359.6195345,360.6786286,373.5150168,387.1443768,393.5452508,326.8383017,376.0601206,359.6195345,360.6786286,373.5150168,387.1443768,393.5452508
0.711,10920,2.9,1,1,2,2,1.75E+20,136.1522411,156.7547722,179.4727545,220.7895841,261.2527993,292.4560412,325.3497607,290.7088875,327.5551902,316.2755848,329.5745743,347.8218725,362.3843037,383.9290144,336.0198143,377.4106987,359.6250046,363.0897713,382.3487884,388.8708827,401.0993678,345.1384968,390.4422481,369.1952236,372.0414406,383.4200745,392.1786496,401.5579486,342.7090971,388.1124306,367.9932499,370.7534285,382.26795,390.7917239,400.4831173,345.2265256,389.447711,371.5804363,370.9770516,382.6298447,388.4164088,397.0078319,345.2265256,389.447711,371.5804363,370.9770516,382.6298447,388.4164088,397.0078319,345.2265256,389.447711,371.5804363,370.9770516,382.6298447,388.4164088,397.0078319,345.2265256,389.447711,371.5804363,370.9770516,382.6298447,388.4164088,397.0078319,345.2265256,389.447711,371.5804363,370.9770516,382.6298447,388.4164088,397.0078319,345.2265256,389.447711,371.5804363,370.9770516,382.6298447,388.4164088,397.0078319,345.2265256,389.447711,371.5804363,370.9770516,382.6298447,388.4164088,397.0078319
0.711,10920,2.9,1,1,2,3,1.75E+20,135.9263735,156.2257596,179.0520293,221.1932367,264.4624297,297.5433468,328.6973279,297.829177,333.6782557,321.9997915,333.3976107,355.1175611,370.1380108,386.926055,341.1321232,381.0443585,363.7666231,368.2235085,383.4899264,390.2461667,403.4193853,354.7179727,395.5797338,379.5379509,376.6615328,391.3452631,398.9914562,407.7792464,354.3288631,400.0012326,379.7802742,376.7274701,387.3682989,391.9454317,402.4818736,348.6312991,391.5935658,373.4119048,373.6903192,384.2885786,394.0605226,401.9289275,348.6312991,391.5935658,373.4119048,373.6903192,384.2885786,394.0605226,401.9289275,348.6312991,391.5935658,373.4119048,373.6903192,384.2885786,394.0605226,401.9289275,348.6312991,391.5935658,373.4119048,373.6903192,384.2885786,394.0605226,401.9289275,348.6312991,391.5935658,373.4119048,373.6903192,384.2885786,394.0605226,401.9289275,348.6312991,391.5935658,373.4119048,373.6903192,384.2885786,394.0605226,401.9289275,348.6312991,391.5935658,373.4119048,373.6903192,384.2885786,394.0605226,401.9289275
0.711,10920,2.9,1,1,2,4,1.75E+20,132.4598346,155.6292647,176.4012945,219.223056,260.8372129,293.7695654,324.7221669,280.8156249,321.0837581,312.7817184,328.4380853,348.3698839,366.0093668,378.5732503,322.6011376,368.9979608,351.4825572,355.2350494,373.9649946,387.0110927,396.5924155,337.3251293,384.1971318,369.3563906,373.0086163,386.1790167,394.4257593,402.0781539,335.6645024,387.253897,369.3630248,370.9577612,383.7335625,394.5914226,402.3635551,339.1387101,390.2035703,370.8742503,369.8493731,384.3340659,393.0420266,404.487969,339.1387101,390.2035703,370.8742503,369.8493731,384.3340659,393.0420266,404.487969,339.1387101,390.2035703,370.8742503,369.8493731,384.3340659,393.0420266,404.487969,339.1387101,390.2035703,370.8742503,369.8493731,384.3340659,393.0420266,404.487969,339.1387101,390.2035703,370.8742503,369.8493731,384.3340659,393.0420266,404.487969,339.1387101,390.2035703,370.8742503,369.8493731,384.3340659,393.0420266,404.487969,339.1387101,390.2035703,370.8742503,369.8493731,384.3340659,393.0420266,404.487969
0.711,10920,2.9,1,1,2,5,1.75E+20,116.4956067,143.6398951,166.4428579,206.8314549,249.5361516,285.5386654,313.0761099,248.3611039,301.0661661,296.3297593,311.6063259,335.5019878,357.7334389,375.5389723,290.5964195,350.9727166,341.6354908,347.7188759,365.4606588,387.1873856,395.6196558,300.7188367,365.1761658,351.4285184,355.9946803,371.0834019,387.9993731,397.7967154,302.6032812,369.0186384,354.1829292,357.9146335,373.9814224,387.0819858,393.1466739,302.6930181,368.341479,352.5136344,355.2093742,370.1563673,386.1054669,393.5215939,302.6930181,368.341479,352.5136344,355.2093742,370.1563673,386.1054669,393.5215939,302.6930181,368.341479,352.5136344,355.2093742,370.1563673,386.1054669,393.5215939,302.6930181,368.341479,352.5136344,355.2093742,370.1563673,386.1054669,393.5215939,302.6930181,368.341479,352.5136344,355.2093742,370.1563673,386.1054669,393.5215939,302.6930181,368.341479,352.5136344,355.2093742,370.1563673,386.1054669,393.5215939,302.6930181,368.341479,352.5136344,355.2093742,370.1563673,386.1054669,393.5215939
0.711,10920,2.9,1,1,2,6,1.75E+20,103.2626864,129.9311526,148.198581,185.5532213,230.3303146,272.2630248,300.2135274,215.9500281,266.6701635,266.4627156,285.1055138,315.3593999,348.029094,362.988377,254.1832423,314.2153736,308.3398143,320.0380567,347.1710527,376.2526735,382.3813264,263.5225097,324.0127662,320.686623,332.0450868,354.5841608,381.9341559,388.0221887,266.7063628,330.5345866,324.7147367,333.4661129,357.9563616,384.4267316,387.5245677,265.9512977,330.3290751,324.0287534,331.454422,355.2463586,379.941225,386.5308397,265.9512977,330.3290751,324.0287534,331.454422,355.2463586,379.941225,386.5308397,265.9512977,330.3290751,324.0287534,331.454422,355.2463586,379.941225,386.5308397,265.9512977,330.3290751,324.0287534,331.454422,355.2463586,379.941225,386.5308397,265.9512977,330.3290751,324.0287534,331.454422,355.2463586,379.941225,386.5308397,265.9512977,330.3290751,324.0287534,331.454422,355.2463586,379.941225,386.5308397,265.9512977,330.3290751,324.0287534,331.454422,355.2463586,379.941225,386.5308397
0.711,10920,2.9,1,1,3,1,1.75E+20,70.49242322,81.26510267,90.58125985,107.5952037,130.4830804,201.406919,219.9552204,132.2274526,152.103973,155.3551582,166.5429605,185.5435691,267.0859799,278.8316741,162.6665184,187.1640729,187.1561581,196.0839616,212.8177552,303.7386535,307.2699441,175.3074144,201.2044577,201.5750579,208.3601357,224.3160398,312.7118472,316.8191156,178.5046042,207.4401182,207.3761008,211.145127,229.8062399,321.1948715,320.1574885,183.3396874,210.6902846,211.2988385,215.6263676,234.4714963,324.7974425,327.2214848,183.3396874,210.6902846,211.2988385,215.6263676,234.4714963,324.7974425,327.2214848,183.3396874,210.6902846,211.2988385,215.6263676,234.4714963,324.7974425,327.2214848,183.3396874,210.6902846,211.2988385,215.6263676,234.4714963,324.7974425,327.2214848,183.3396874,210.6902846,211.2988385,215.6263676,234.4714963,324.7974425,327.2214848,183.3396874,210.6902846,211.2988385,215.6263676,234.4714963,324.7974425,327.2214848,183.3396874,210.6902846,211.2988385,215.6263676,234.4714963,324.7974425,327.2214848
0.711,10920,2.9,1,1,3,2,1.75E+20,57.16629883,68.73816622,75.84064521,88.82601086,105.6650471,165.4441128,183.3749098,99.87285151,121.4458463,124.1994378,132.6912884,148.2629426,219.6707096,230.946124,123.2634047,151.5407802,152.6203008,157.9654464,173.2705931,249.9355758,256.9663399,134.3073125,164.90258,165.1394263,172.5100494,187.0369341,269.2984493,274.9324557,142.5390262,175.9060491,176.2221825,181.321992,194.7264202,277.9668813,282.0261768,146.8611639,178.941037,180.0999944,185.5724505,199.1362476,284.408635,288.2207838,146.8611639,178.941037,180.0999944,185.5724505,199.1362476,284.408635,288.2207838,146.8611639,178.941037,180.0999944,185.5724505,199.1362476,284.408635,288.2207838,146.8611639,178.941037,180.0999944,185.5724505,199.1362476,284.408635,288.2207838,146.8611639,178.941037,180.0999944,185.5724505,199.1362476,284.408635,288.2207838,146.8611639,178.941037,180.0999944,185.5724505,199.1362476,284.408635,288.2207838,146.8611639,178.941037,180.0999944,185.5724505,199.1362476,284.408635,288.2207838
0.711,10920,2.9,1,1,3,3,1.75E+20,46.61039214,56.87412571,61.97281518,71.77915574,85.80021277,128.8163547,143.0098648,75.18286209,93.26879563,96.69065086,105.6814112,119.7043424,168.8752811,179.4091236,91.75923215,114.7519798,118.8941618,125.2160243,138.5353706,197.7933518,201.9773202,101.2290696,127.7150683,131.837091,138.4085865,150.7353386,212.8490339,217.8004445,108.4871105,136.5400762,140.2311812,146.4804565,161.3302535,223.1466251,225.1028126,111.903143,140.6654643,143.6539693,151.5153836,164.0071152,228.8486608,231.7694163,111.903143,140.6654643,143.6539693,151.5153836,164.0071152,228.8486608,231.7694163,111.903143,140.6654643,143.6539693,151.5153836,164.0071152,228.8486608,231.7694163,111.903143,140.6654643,143.6539693,151.5153836,164.0071152,228.8486608,231.7694163,111.903143,140.6654643,143.6539693,151.5153836,164.0071152,228.8486608,231.7694163,111.903143,140.6654643,143.6539693,151.5153836,164.0071152,228.8486608,231.7694163,111.903143,140.6654643,143.6539693,151.5153836,164.0071152,228.8486608,231.7694163
0.711,10920,2.9,1,1,3,4,1.75E+20,39.36277348,45.02693723,49.08295966,56.24172256,68.27243085,99.83191116,110.5564677,60.67056666,70.52143097,74.18479709,79.71942807,94.27647724,130.7133391,139.8092094,71.56565173,84.64710772,88.24096405,92.97349396,108.515873,150.8674525,158.3563639,81.32681753,95.60173802,97.69769693,103.8049148,121.0301447,166.5681543,172.0361737,85.67376709,102.2227928,104.8242267,112.3407378,128.2978146,175.8477307,180.638007,91.09506779,107.6125681,110.774922,116.9006423,133.4871072,182.7479259,189.2925203,91.09506779,107.6125681,110.774922,116.9006423,133.4871072,182.7479259,189.2925203,91.09506779,107.6125681,110.774922,116.9006423,133.4871072,182.7479259,189.2925203,91.09506779,107.6125681,110.774922,116.9006423,133.4871072,182.7479259,189.2925203,91.09506779,107.6125681,110.774922,116.9006423,133.4871072,182.7479259,189.2925203,91.09506779,107.6125681,110.774922,116.9006423,133.4871072,182.7479259,189.2925203,91.09506779,107.6125681,110.774922,116.9006423,133.4871072,182.7479259,189.2925203
0.711,10920,2.9,1,1,3,5,1.75E+20,31.46532375,35.55969586,37.32866367,41.55703635,49.36977527,75.46101833,84.70746418,45.20935282,50.90873581,52.77312823,56.05769105,65.43645816,98.38853177,104.7961904,54.56078539,60.99891868,62.82160893,65.82692888,76.22919849,112.3569583,119.336883,61.50228669,70.6293937,71.39989296,74.45458339,84.50670159,125.0432828,131.133437,65.96540577,74.22419795,75.1307885,78.89830033,90.47086694,133.5283816,138.6535226,70.29654465,79.32428754,80.26858912,83.73897569,94.5080548,140.4831736,145.7373426,70.29654465,79.32428754,80.26858912,83.73897569,94.5080548,140.4831736,145.7373426,70.29654465,79.32428754,80.26858912,83.73897569,94.5080548,140.4831736,145.7373426,70.29654465,79.32428754,80.26858912,83.73897569,94.5080548,140.4831736,145.7373426,70.29654465,79.32428754,80.26858912,83.73897569,94.5080548,140.4831736,145.7373426,70.29654465,79.32428754,80.26858912,83.73897569,94.5080548,140.4831736,145.7373426,70.29654465,79.32428754,80.26858912,83.73897569,94.5080548,140.4831736,145.7373426
0.711,10920,2.9,1,1,3,6,1.75E+20,27.42803954,30.13671562,31.40957083,33.67817227,38.12027024,61.71956638,67.60878962,36.61301698,40.28018161,41.17226221,43.46548541,48.52670426,76.72337121,82.26395659,43.68969883,46.93990314,48.06693218,50.39905764,55.50529977,87.78848533,92.51383998,47.97028126,52.97456525,53.86352643,54.95152851,59.99475805,95.26478499,100.5719903,50.75745202,56.2598967,57.1505581,58.92794171,63.84872511,101.5763745,105.1013073,54.01830637,59.31522316,59.46748061,61.88406698,67.4935648,107.0290309,111.8384828,54.01830637,59.31522316,59.46748061,61.88406698,67.4935648,107.0290309,111.8384828,54.01830637,59.31522316,59.46748061,61.88406698,67.4935648,107.0290309,111.8384828,54.01830637,59.31522316,59.46748061,61.88406698,67.4935648,107.0290309,111.8384828,54.01830637,59.31522316,59.46748061,61.88406698,67.4935648,107.0290309,111.8384828,54.01830637,59.31522316,59.46748061,61.88406698,67.4935648,107.0290309,111.8384828,54.01830637,59.31522316,59.46748061,61.88406698,67.4935648,107.0290309,111.8384828
0.711,10920,2.9,1,2,1,1,1.75E+20,47.40971885,53.24811548,56.66668527,62.74816089,71.42302362,97.86500907,108.1581811,67.34968798,76.55534424,78.20011756,82.35511003,92.58555966,121.9722141,130.499758,80.54021686,90.86020537,92.24262474,95.81805215,105.7077748,138.6253855,144.6689827,88.78835194,98.67397294,100.3087967,103.3623763,112.9817724,147.6265615,153.0587083,93.60381827,104.6453436,106.2824472,109.0895756,118.3537956,153.8287269,158.4145696,95.39671986,107.2624886,108.5767966,111.8834076,122.4472193,159.566742,164.1646353,95.39671986,107.2624886,108.5767966,111.8834076,122.4472193,159.566742,164.1646353,95.39671986,107.2624886,108.5767966,111.8834076,122.4472193,159.566742,164.1646353,95.39671986,107.2624886,108.5767966,111.8834076,122.4472193,159.566742,164.1646353,95.39671986,107.2624886,108.5767966,111.8834076,122.4472193,159.566742,164.1646353,95.39671986,107.2624886,108.5767966,111.8834076,122.4472193,159.566742,164.1646353,95.39671986,107.2624886,108.5767966,111.8834076,122.4472193,159.566742,164.1646353
0.711,10920,2.9,1,2,1,2,1.75E+20,55.86009707,63.69425713,67.77744105,76.54744058,89.8645557,121.5840966,135.7857921,86.42307353,98.91210777,101.4229586,106.2262906,119.0338227,153.9631801,162.68932,100.6666165,115.3385428,117.1357351,122.1019306,134.2508868,173.2110212,180.3337841,111.3558989,129.0469923,128.9589598,133.4173853,145.1445054,184.9045661,191.83044,116.1746905,133.8866344,135.0572569,139.437171,148.9458765,191.1711959,196.2375445,119.8561321,138.3716799,139.2363379,142.4257325,154.0079898,197.5108873,204.0301586,119.8561321,138.3716799,139.2363379,142.4257325,154.0079898,197.5108873,204.0301586,119.8561321,138.3716799,139.2363379,142.4257325,154.0079898,197.5108873,204.0301586,119.8561321,138.3716799,139.2363379,142.4257325,154.0079898,197.5108873,204.0301586,119.8561321,138.3716799,139.2363379,142.4257325,154.0079898,197.5108873,204.0301586,119.8561321,138.3716799,139.2363379,142.4257325,154.0079898,197.5108873,204.0301586,119.8561321,138.3716799,139.2363379,142.4257325,154.0079898,197.5108873,204.0301586
0.711,10920,2.9,1,2,1,3,1.75E+20,65.12040457,75.05488863,81.52959516,93.9416005,109.959923,149.8087868,167.1892804,108.3487798,125.854653,128.1162513,136.4906902,150.1612853,196.2790702,206.7682613,131.2131051,152.4090827,151.8138644,158.6292905,171.7895977,217.790155,227.0273386,143.3851079,166.664317,168.1238124,171.8357669,183.4455822,232.6668595,239.1212867,148.3427944,172.0167495,171.8779849,176.6307978,188.9747181,240.3876369,245.2252543,153.183091,176.833154,177.5844431,182.4761026,194.4578672,244.0528976,249.9172856,153.183091,176.833154,177.5844431,182.4761026,194.4578672,244.0528976,249.9172856,153.183091,176.833154,177.5844431,182.4761026,194.4578672,244.0528976,249.9172856,153.183091,176.833154,177.5844431,182.4761026,194.4578672,244.0528976,249.9172856,153.183091,176.833154,177.5844431,182.4761026,194.4578672,244.0528976,249.9172856,153.183091,176.833154,177.5844431,182.4761026,194.4578672,244.0528976,249.9172856,153.183091,176.833154,177.5844431,182.4761026,194.4578672,244.0528976,249.9172856
0.711,10920,2.9,1,2,1,4,1.75E+20,77.77108348,89.31152211,97.1534169,112.85599,134.052362,183.4515681,204.4073334,138.9161222,157.6361975,159.1009528,168.1454933,182.4135965,234.754497,245.191589,162.8689635,186.6948635,185.9996992,191.0207821,204.4164274,260.0745034,267.9040767,175.3951887,200.0078442,198.9817685,203.268512,217.6701318,273.8598167,280.4858095,181.960353,207.4267986,205.5235475,209.8162508,222.4026848,281.280176,286.829516,186.6228327,213.4243224,211.4912651,215.7471969,227.4549253,282.7155807,286.6058199,186.6228327,213.4243224,211.4912651,215.7471969,227.4549253,282.7155807,286.6058199,186.6228327,213.4243224,211.4912651,215.7471969,227.4549253,282.7155807,286.6058199,186.6228327,213.4243224,211.4912651,215.7471969,227.4549253,282.7155807,286.6058199,186.6228327,213.4243224,211.4912651,215.7471969,227.4549253,282.7155807,286.6058199,186.6228327,213.4243224,211.4912651,215.7471969,227.4549253,282.7155807,286.6058199,186.6228327,213.4243224,211.4912651,215.7471969,227.4549253,282.7155807,286.6058199
0.711,10920,2.9,1,2,1,5,1.75E+20,89.94661782,102.8951361,112.9218374,132.9280016,158.4402051,212.5463132,235.6002016,165.8039773,187.3493346,186.418098,196.1410119,215.0604946,268.9269739,281.7630529,194.3460902,218.347316,215.9925922,221.811273,238.5900754,294.2450065,303.7695808,208.6376118,235.679945,231.2895876,236.1517739,252.9666841,310.3760799,314.5876499,213.7333086,242.23592,237.6421598,242.5997725,258.0435536,316.1908354,320.8141816,218.365586,247.0507619,242.7599427,246.4093104,261.0606817,318.0430292,324.9658204,218.365586,247.0507619,242.7599427,246.4093104,261.0606817,318.0430292,324.9658204,218.365586,247.0507619,242.7599427,246.4093104,261.0606817,318.0430292,324.9658204,218.365586,247.0507619,242.7599427,246.4093104,261.0606817,318.0430292,324.9658204,218.365586,247.0507619,242.7599427,246.4093104,261.0606817,318.0430292,324.9658204,218.365586,247.0507619,242.7599427,246.4093104,261.0606817,318.0430292,324.9658204,218.365586,247.0507619,242.7599427,246.4093104,261.0606817,318.0430292,324.9658204
0.711,10920,2.9,1,2,1,6,1.75E+20,101.1333651,115.5400254,128.4653155,153.7532508,187.5279018,241.1336158,266.7268315,195.3649213,220.985451,217.419329,229.4985449,253.1352465,300.5498878,315.5299431,229.6931042,257.7266478,251.8775857,260.7001067,284.2138264,332.4974178,341.0328862,244.0121819,274.7231121,267.8549344,274.7009251,295.1600611,345.3489777,353.2966306,252.584164,285.2472629,277.9390769,282.9936317,304.1833052,350.9730188,351.6895532,249.9441716,281.5405626,274.3852055,277.1023381,298.4815248,347.6024397,352.8364151,249.9441716,281.5405626,274.3852055,277.1023381,298.4815248,347.6024397,352.8364151,249.9441716,281.5405626,274.3852055,277.1023381,298.4815248,347.6024397,352.8364151,249.9441716,281.5405626,274.3852055,277.1023381,298.4815248,347.6024397,352.8364151,249.9441716,281.5405626,274.3852055,277.1023381,298.4815248,347.6024397,352.8364151,249.9441716,281.5405626,274.3852055,277.1023381,298.4815248,347.6024397,352.8364151,249.9441716,281.5405626,274.3852055,277.1023381,298.4815248,347.6024397,352.8364151
0.711,10920,2.9,1,2,2,1,1.75E+20,136.6081136,159.2566577,179.1105783,219.8894363,264.5255867,299.6521404,327.5261868,283.8780962,323.3384573,312.1575507,325.6765569,346.8392672,365.3258005,379.8769831,320.6043431,366.0327273,350.7311321,355.983397,375.8562536,392.4849754,400.3633259,337.4554215,382.7635511,363.3474036,363.2787224,376.6672207,393.2285068,398.9038046,334.7833843,379.0882185,364.3076316,362.6164307,375.972686,389.5815056,397.087587,333.3712792,377.2849067,363.1656655,364.4480083,378.8520376,390.0934611,396.4222408,333.3712792,377.2849067,363.1656655,364.4480083,378.8520376,390.0934611,396.4222408,333.3712792,377.2849067,363.1656655,364.4480083,378.8520376,390.0934611,396.4222408,333.3712792,377.2849067,363.1656655,364.4480083,378.8520376,390.0934611,396.4222408,333.3712792,377.2849067,363.1656655,364.4480083,378.8520376,390.0934611,396.4222408,333.3712792,377.2849067,363.1656655,364.4480083,378.8520376,390.0934611,396.4222408,333.3712792,377.2849067,363.1656655,364.4480083,378.8520376,390.0934611,396.4222408
0.711,10920,2.9,1,2,2,2,1.75E+20,142.274891,163.2330001,184.3637766,226.3188335,269.8727368,304.0945903,335.8655136,304.2891665,340.2248374,326.9135972,335.266025,355.5441056,372.0792125,386.0788449,336.6305888,379.3187231,359.3513987,364.2709319,381.4237632,392.4160094,406.4478258,355.2477903,396.7277077,376.1236513,378.0626286,387.8366458,397.460049,405.3281356,349.8608942,395.0837653,375.0410974,375.2114653,388.7623732,396.0034749,407.3058168,355.6374269,399.1476795,378.8779072,376.994545,387.3587705,398.7204229,411.6413974,355.6374269,399.1476795,378.8779072,376.994545,387.3587705,398.7204229,411.6413974,355.6374269,399.1476795,378.8779072,376.994545,387.3587705,398.7204229,411.6413974,355.6374269,399.1476795,378.8779072,376.994545,387.3587705,398.7204229,411.6413974,355.6374269,399.1476795,378.8779072,376.994545,387.3587705,398.7204229,411.6413974,355.6374269,399.1476795,378.8779072,376.994545,387.3587705,398.7204229,411.6413974,355.6374269,399.1476795,378.8779072,376.994545,387.3587705,398.7204229,411.6413974
0.711,10920,2.9,1,2,2,3,1.75E+20,145.3953707,166.3445555,187.8395875,231.1531314,273.4853744,305.5257684,337.523744,304.7142989,339.8172612,327.5080379,339.998016,361.3654476,376.2694196,390.9638388,346.0988448,387.1351201,368.7169499,371.5856618,386.5149823,399.4416756,410.8048068,361.5436398,403.8061693,384.8649236,383.6685977,393.4687165,402.7816852,410.656409,358.4126123,401.0696535,381.2185557,384.1392728,392.2738856,400.3837273,407.6613095,357.5930762,400.6129773,378.671841,380.3622501,390.42916,398.4583851,406.3265831,357.5930762,400.6129773,378.671841,380.3622501,390.42916,398.4583851,406.3265831,357.5930762,400.6129773,378.671841,380.3622501,390.42916,398.4583851,406.3265831,357.5930762,400.6129773,378.671841,380.3622501,390.42916,398.4583851,406.3265831,357.5930762,400.6129773,378.671841,380.3622501,390.42916,398.4583851,406.3265831,357.5930762,400.6129773,378.671841,380.3622501,390.42916,398.4583851,406.3265831,357.5930762,400.6129773,378.671841,380.3622501,390.42916,398.4583851,406.3265831
0.711,10920,2.9,1,2,2,4,1.75E+20,137.1838222,159.4522727,179.2124206,219.7967178,263.9490095,299.0043129,328.0690155,290.1405812,331.2945405,318.5025566,332.6560646,353.1059556,367.9815164,382.3144727,327.9350552,376.7618624,357.3638191,365.9095887,383.0112223,394.793052,404.5161949,342.9735113,389.1188714,371.6227904,376.5789198,386.1584018,397.5958736,407.8952568,347.0296732,394.7125179,375.1844815,371.7827622,382.911394,390.8033307,394.4851804,338.9906724,384.4219405,366.7614058,369.420631,383.9074628,394.9011286,403.3032437,338.9906724,384.4219405,366.7614058,369.420631,383.9074628,394.9011286,403.3032437,338.9906724,384.4219405,366.7614058,369.420631,383.9074628,394.9011286,403.3032437,338.9906724,384.4219405,366.7614058,369.420631,383.9074628,394.9011286,403.3032437,338.9906724,384.4219405,366.7614058,369.420631,383.9074628,394.9011286,403.3032437,338.9906724,384.4219405,366.7614058,369.420631,383.9074628,394.9011286,403.3032437,338.9906724,384.4219405,366.7614058,369.420631,383.9074628,394.9011286,403.3032437
0.711,10920,2.9,1,2,2,5,1.75E+20,127.2800796,152.811646,172.9563356,212.3542924,256.3307307,295.6508706,322.9733398,267.4317903,313.9448683,306.0929834,320.6571467,344.7331637,369.6585074,382.5739534,306.9225281,359.7846892,348.4130447,354.925019,372.9440168,389.1991288,399.4018506,316.4851846,372.0227197,358.9143775,363.4623684,379.2995628,394.3869996,401.0105692,316.3647336,373.1065779,360.295552,364.2362482,378.8023075,393.408771,399.72937,314.9377858,372.6317721,358.2212335,360.7625986,376.3547069,390.6625968,397.2281127,314.9377858,372.6317721,358.2212335,360.7625986,376.3547069,390.6625968,397.2281127,314.9377858,372.6317721,358.2212335,360.7625986,376.3547069,390.6625968,397.2281127,314.9377858,372.6317721,358.2212335,360.7625986,376.3547069,390.6625968,397.2281127,314.9377858,372.6317721,358.2212335,360.7625986,376.3547069,390.6625968,397.2281127,314.9377858,372.6317721,358.2212335,360.7625986,376.3547069,390.6625968,397.2281127,314.9377858,372.6317721,358.2212335,360.7625986,376.3547069,390.6625968,397.2281127
0.711,10920,2.9,1,2,2,6,1.75E+20,114.7757731,139.3886423,157.3131654,193.5474156,235.5867737,280.4861192,305.9846799,235.2079188,278.2288267,274.3346819,291.5943021,320.0961874,352.5254269,366.1239728,272.4052996,322.9259006,316.6602355,325.2400958,350.7879765,376.5225042,386.9750916,285.1735284,338.56859,328.9258014,334.4115162,357.4932719,386.836591,392.1729581,286.1200705,339.7242719,330.9488245,337.2698077,356.2722777,384.4941707,387.8471796,283.9153449,339.2726407,331.4387654,336.3401114,359.181753,386.1959126,393.0539365,283.9153449,339.2726407,331.4387654,336.3401114,359.181753,386.1959126,393.0539365,283.9153449,339.2726407,331.4387654,336.3401114,359.181753,386.1959126,393.0539365,283.9153449,339.2726407,331.4387654,336.3401114,359.181753,386.1959126,393.0539365,283.9153449,339.2726407,331.4387654,336.3401114,359.181753,386.1959126,393.0539365,283.9153449,339.2726407,331.4387654,336.3401114,359.181753,386.1959126,393.0539365,283.9153449,339.2726407,331.4387654,336.3401114,359.181753,386.1959126,393.0539365
0.711,10920,2.9,1,2,3,1,1.75E+20,80.2100763,92.66981901,102.2271472,120.2098393,146.5021945,209.2628166,229.8449615,147.9226028,169.0043357,170.2307977,181.0154029,201.1175399,272.7562033,282.9486786,177.2831302,201.7236431,200.4228946,207.0045201,226.6999049,300.8654662,309.8986484,193.5230236,220.8270504,217.2637786,224.9978171,242.3620784,319.7079215,324.0688191,199.7692363,229.0401394,227.2635872,231.7084265,250.864605,326.3702097,329.9749153,202.4468652,230.95306,228.5732796,233.1979086,250.7712196,327.1162181,328.7387545,202.4468652,230.95306,228.5732796,233.1979086,250.7712196,327.1162181,328.7387545,202.4468652,230.95306,228.5732796,233.1979086,250.7712196,327.1162181,328.7387545,202.4468652,230.95306,228.5732796,233.1979086,250.7712196,327.1162181,328.7387545,202.4468652,230.95306,228.5732796,233.1979086,250.7712196,327.1162181,328.7387545,202.4468652,230.95306,228.5732796,233.1979086,250.7712196,327.1162181,328.7387545,202.4468652,230.95306,228.5732796,233.1979086,250.7712196,327.1162181,328.7387545
0.711,10920,2.9,1,2,3,2,1.75E+20,65.65003137,78.28661988,85.07935667,99.63784827,119.2933688,175.6033235,192.1689244,116.1876608,136.671004,138.4381258,147.9136345,163.9915813,227.0879102,238.6485354,139.9524245,166.2985196,166.3699103,171.6178391,186.2671472,254.1769106,261.2948518,151.0190358,179.9625124,179.7817129,184.6898334,197.8472358,267.1862536,273.3392086,157.560105,187.4165618,187.183657,192.2149941,206.7043965,278.9822675,283.0923215,164.5496373,194.9824312,193.5992693,199.4620428,209.5134557,280.7885972,288.2838979,164.5496373,194.9824312,193.5992693,199.4620428,209.5134557,280.7885972,288.2838979,164.5496373,194.9824312,193.5992693,199.4620428,209.5134557,280.7885972,288.2838979,164.5496373,194.9824312,193.5992693,199.4620428,209.5134557,280.7885972,288.2838979,164.5496373,194.9824312,193.5992693,199.4620428,209.5134557,280.7885972,288.2838979,164.5496373,194.9824312,193.5992693,199.4620428,209.5134557,280.7885972,288.2838979,164.5496373,194.9824312,193.5992693,199.4620428,209.5134557,280.7885972,288.2838979
0.711,10920,2.9,1,2,3,3,1.75E+20,54.59811382,64.61375899,70.11725031,81.03355555,96.66310163,140.682608,155.3585536,92.23362066,108.990946,111.7615285,118.518716,132.3953488,181.1865387,191.8145166,108.8326473,130.7822574,133.3667929,138.741992,151.9667302,205.035805,211.9927733,117.8721606,142.7132897,143.4686352,150.9266778,162.4946592,218.4136344,227.3364738,125.0571145,151.271088,152.7711464,159.3900032,172.0756453,230.325825,235.7498736,130.4708991,157.3887724,158.6206546,163.9149828,175.6491765,234.9925539,236.6379305,130.4708991,157.3887724,158.6206546,163.9149828,175.6491765,234.9925539,236.6379305,130.4708991,157.3887724,158.6206546,163.9149828,175.6491765,234.9925539,236.6379305,130.4708991,157.3887724,158.6206546,163.9149828,175.6491765,234.9925539,236.6379305,130.4708991,157.3887724,158.6206546,163.9149828,175.6491765,234.9925539,236.6379305,130.4708991,157.3887724,158.6206546,163.9149828,175.6491765,234.9925539,236.6379305,130.4708991,157.3887724,158.6206546,163.9149828,175.6491765,234.9925539,236.6379305
0.711,10920,2.9,1,2,3,4,1.75E+20,45.54105602,52.29647485,56.09586953,63.75781802,76.65336774,109.9088161,120.5456608,70.05600648,81.29091304,82.79321353,90.07081213,102.9053354,140.4320875,150.7387886,85.66533744,100.262824,101.1992503,106.0739284,119.7694463,160.9310696,168.5734235,95.29754726,110.5703482,111.7514591,117.465882,131.7851349,174.9487919,182.5934062,101.226285,118.3440321,119.3486675,124.9230843,137.3471646,184.8634122,188.6251024,104.3569727,122.0661619,123.8444924,129.6634187,141.7604695,190.3243401,193.7262622,104.3569727,122.0661619,123.8444924,129.6634187,141.7604695,190.3243401,193.7262622,104.3569727,122.0661619,123.8444924,129.6634187,141.7604695,190.3243401,193.7262622,104.3569727,122.0661619,123.8444924,129.6634187,141.7604695,190.3243401,193.7262622,104.3569727,122.0661619,123.8444924,129.6634187,141.7604695,190.3243401,193.7262622,104.3569727,122.0661619,123.8444924,129.6634187,141.7604695,190.3243401,193.7262622,104.3569727,122.0661619,123.8444924,129.6634187,141.7604695,190.3243401,193.7262622
0.711,10920,2.9,1,2,3,5,1.75E+20,39.03942921,43.6863683,46.37413838,50.80923973,59.03274193,86.57673045,94.81880651,56.65302583,62.85916281,64.72482585,68.60084935,77.26026753,109.6198818,115.1049535,66.2916771,74.16243278,75.74468732,79.04643498,89.05784964,124.3864276,129.5378912,73.21484065,82.11487371,83.02271129,86.79729345,95.95685522,135.0747036,139.9756692,77.87041537,88.57961346,89.46131708,92.67980529,102.4089906,144.1693269,148.6531282,83.4102925,92.55233107,92.94484426,96.96549233,106.4804749,147.1418402,152.8802807,83.4102925,92.55233107,92.94484426,96.96549233,106.4804749,147.1418402,152.8802807,83.4102925,92.55233107,92.94484426,96.96549233,106.4804749,147.1418402,152.8802807,83.4102925,92.55233107,92.94484426,96.96549233,106.4804749,147.1418402,152.8802807,83.4102925,92.55233107,92.94484426,96.96549233,106.4804749,147.1418402,152.8802807,83.4102925,92.55233107,92.94484426,96.96549233,106.4804749,147.1418402,152.8802807,83.4102925,92.55233107,92.94484426,96.96549233,106.4804749,147.1418402,152.8802807
0.711,10920,2.9,1,2,3,6,1.75E+20,34.03832138,37.17407244,39.03000014,41.65803666,46.96617799,70.19940866,77.12317174,45.45057469,49.54468441,50.4584388,53.64939318,58.60954027,86.11495028,91.51335291,52.87745585,58.1570965,58.94156759,61.23256449,66.10388229,96.79461322,101.0138293,57.4167728,63.60659371,64.80110411,66.2596807,71.39264354,103.7705087,108.3723741,62.15144214,68.5153271,68.52434139,70.50493343,75.58919215,110.3944436,114.5008782,64.48667835,70.24567505,72.06493991,72.89676275,79.29240747,114.0051694,116.8790986,64.48667835,70.24567505,72.06493991,72.89676275,79.29240747,114.0051694,116.8790986,64.48667835,70.24567505,72.06493991,72.89676275,79.29240747,114.0051694,116.8790986,64.48667835,70.24567505,72.06493991,72.89676275,79.29240747,114.0051694,116.8790986,64.48667835,70.24567505,72.06493991,72.89676275,79.29240747,114.0051694,116.8790986,64.48667835,70.24567505,72.06493991,72.89676275,79.29240747,114.0051694,116.8790986,64.48667835,70.24567505,72.06493991,72.89676275,79.29240747,114.0051694,116.8790986
0.711,10920,2.9,1,3,1,1,1.75E+20,50.2666008,56.21263697,59.42750475,65.17954651,73.89066393,98.96595592,108.845186,72.70565988,81.69794674,81.7658115,86.4944502,94.60065183,121.036311,127.7688271,83.02232326,93.44392244,94.28552866,96.59106685,105.7599035,131.7446304,137.6630125,90.67383028,102.2252808,101.7820159,104.3581501,111.5750163,139.7651368,146.7281035,96.60441111,109.1743138,108.3994152,110.322984,116.8499015,147.7005785,151.3954587,99.13813961,109.9668613,110.3965552,112.653445,120.7571064,149.7792392,155.8853205,99.13813961,109.9668613,110.3965552,112.653445,120.7571064,149.7792392,155.8853205,99.13813961,109.9668613,110.3965552,112.653445,120.7571064,149.7792392,155.8853205,99.13813961,109.9668613,110.3965552,112.653445,120.7571064,149.7792392,155.8853205,99.13813961,109.9668613,110.3965552,112.653445,120.7571064,149.7792392,155.8853205,99.13813961,109.9668613,110.3965552,112.653445,120.7571064,149.7792392,155.8853205,99.13813961,109.9668613,110.3965552,112.653445,120.7571064,149.7792392,155.8853205
0.711,10920,2.9,1,3,1,2,1.75E+20,58.54775802,65.88611906,70.05075059,79.01713951,90.84948915,119.0779102,131.2899816,90.20694524,101.9111202,102.5193099,107.6832759,118.6456556,149.3648118,159.133602,106.0312107,120.2210408,120.153864,123.4575406,133.1558536,165.0725408,171.7559413,113.9181467,127.9861999,128.1762441,131.3452703,141.2372513,173.1068097,178.9025178,120.244281,135.5224393,134.6491432,137.662593,146.7936687,181.4865908,185.9603542,122.1766177,138.4861379,137.9417661,140.6993388,148.8045622,182.2507114,187.1214197,122.1766177,138.4861379,137.9417661,140.6993388,148.8045622,182.2507114,187.1214197,122.1766177,138.4861379,137.9417661,140.6993388,148.8045622,182.2507114,187.1214197,122.1766177,138.4861379,137.9417661,140.6993388,148.8045622,182.2507114,187.1214197,122.1766177,138.4861379,137.9417661,140.6993388,148.8045622,182.2507114,187.1214197,122.1766177,138.4861379,137.9417661,140.6993388,148.8045622,182.2507114,187.1214197,122.1766177,138.4861379,137.9417661,140.6993388,148.8045622,182.2507114,187.1214197
0.711,10920,2.9,1,3,1,3,1.75E+20,67.83715899,77.73312152,84.43345419,95.8206119,110.9908181,145.7548349,160.8235153,112.5507676,127.3362416,128.2012907,133.7781436,145.3141675,182.1126119,190.0642655,131.7422687,149.1296119,148.2544843,151.9059045,163.2141794,200.5821324,207.5836578,141.6290858,160.9003398,159.1498041,162.9687761,172.5557177,210.0735491,219.0151293,147.190731,167.2008559,164.4423293,168.0428235,177.181174,216.0442158,220.833163,150.5871549,171.0637919,168.2946357,170.8273808,181.7068546,219.8025168,223.7137294,150.5871549,171.0637919,168.2946357,170.8273808,181.7068546,219.8025168,223.7137294,150.5871549,171.0637919,168.2946357,170.8273808,181.7068546,219.8025168,223.7137294,150.5871549,171.0637919,168.2946357,170.8273808,181.7068546,219.8025168,223.7137294,150.5871549,171.0637919,168.2946357,170.8273808,181.7068546,219.8025168,223.7137294,150.5871549,171.0637919,168.2946357,170.8273808,181.7068546,219.8025168,223.7137294,150.5871549,171.0637919,168.2946357,170.8273808,181.7068546,219.8025168,223.7137294
0.711,10920,2.9,1,3,1,4,1.75E+20,78.62231221,89.29693156,96.5244022,110.8494904,129.3047401,167.2820289,186.4072035,134.4509524,151.4743705,151.0579636,158.3825628,172.660891,211.3477437,221.8304609,157.6913166,177.7059179,175.1769071,179.7476507,192.4893474,231.8329171,241.8393373,170.9769534,192.8982295,189.9063133,192.1247438,203.0035981,245.0919966,251.1390741,175.8996037,198.7059762,195.8641452,196.6341682,208.3669711,251.2862386,256.3359481,179.417457,201.6057567,198.4202552,199.9305977,210.6071932,251.2120585,257.5318803,179.417457,201.6057567,198.4202552,199.9305977,210.6071932,251.2120585,257.5318803,179.417457,201.6057567,198.4202552,199.9305977,210.6071932,251.2120585,257.5318803,179.417457,201.6057567,198.4202552,199.9305977,210.6071932,251.2120585,257.5318803,179.417457,201.6057567,198.4202552,199.9305977,210.6071932,251.2120585,257.5318803,179.417457,201.6057567,198.4202552,199.9305977,210.6071932,251.2120585,257.5318803,179.417457,201.6057567,198.4202552,199.9305977,210.6071932,251.2120585,257.5318803
0.711,10920,2.9,1,3,1,5,1.75E+20,89.64019796,101.8665075,111.3438315,129.5543395,153.3900258,194.4812922,214.0962377,160.7865137,179.8273204,178.3689749,187.751756,204.8734455,246.5508456,257.6187508,191.3327094,213.9112039,208.8624157,214.4971761,225.8221577,267.1025746,275.5430068,203.6210266,226.1698173,220.7025596,224.0046744,236.8793959,277.7876281,282.7682988,204.7886348,231.2808758,224.9624239,227.3254374,239.9968186,280.7317924,286.7971794,209.9411692,233.6420208,229.5151725,232.7022668,245.5419175,286.9048867,292.1310539,209.9411692,233.6420208,229.5151725,232.7022668,245.5419175,286.9048867,292.1310539,209.9411692,233.6420208,229.5151725,232.7022668,245.5419175,286.9048867,292.1310539,209.9411692,233.6420208,229.5151725,232.7022668,245.5419175,286.9048867,292.1310539,209.9411692,233.6420208,229.5151725,232.7022668,245.5419175,286.9048867,292.1310539,209.9411692,233.6420208,229.5151725,232.7022668,245.5419175,286.9048867,292.1310539,209.9411692,233.6420208,229.5151725,232.7022668,245.5419175,286.9048867,292.1310539
0.711,10920,2.9,1,3,1,6,1.75E+20,102.5953479,116.7236414,128.4020616,151.9776407,181.197036,222.0792982,244.1627518,192.4349662,214.0193025,210.8440144,220.933298,239.8971886,276.065272,288.5580826,222.7681088,247.3163679,241.3965872,246.5687484,262.5370157,294.5003324,304.4441925,233.0295243,259.8490092,252.3741021,255.0675339,270.9860337,306.8976837,312.1059359,237.9044366,265.0208571,256.7073266,259.8816666,271.7921031,309.5791157,312.6883434,237.5412165,265.2000632,257.4487961,260.5302301,271.5923438,303.8728031,310.2685717,237.5412165,265.2000632,257.4487961,260.5302301,271.5923438,303.8728031,310.2685717,237.5412165,265.2000632,257.4487961,260.5302301,271.5923438,303.8728031,310.2685717,237.5412165,265.2000632,257.4487961,260.5302301,271.5923438,303.8728031,310.2685717,237.5412165,265.2000632,257.4487961,260.5302301,271.5923438,303.8728031,310.2685717,237.5412165,265.2000632,257.4487961,260.5302301,271.5923438,303.8728031,310.2685717,237.5412165,265.2000632,257.4487961,260.5302301,271.5923438,303.8728031,310.2685717
0.711,10920,2.9,1,3,2,1,1.75E+20,135.6778399,154.4794535,171.8705071,206.7991531,243.9147534,277.5970587,302.4248442,267.1071276,297.7172367,285.5752087,296.3188506,312.0442978,329.4944853,341.6499891,298.6069059,333.2067239,320.1191649,321.9299687,335.7499078,348.7900429,356.854524,309.4390939,345.5834711,329.2449408,329.1394314,343.6192074,353.2117027,361.1684056,310.9646145,348.0221956,332.249753,333.1561114,345.3082828,359.877098,364.2487598,313.0556635,351.6317539,333.2863096,333.251746,343.0925232,355.2315176,364.029332,313.0556635,351.6317539,333.2863096,333.251746,343.0925232,355.2315176,364.029332,313.0556635,351.6317539,333.2863096,333.251746,343.0925232,355.2315176,364.029332,313.0556635,351.6317539,333.2863096,333.251746,343.0925232,355.2315176,364.029332,313.0556635,351.6317539,333.2863096,333.251746,343.0925232,355.2315176,364.029332,313.0556635,351.6317539,333.2863096,333.251746,343.0925232,355.2315176,364.029332,313.0556635,351.6317539,333.2863096,333.251746,343.0925232,355.2315176,364.029332
0.711,10920,2.9,1,3,2,2,1.75E+20,136.9306181,156.2157333,174.8261915,209.4142333,246.0849347,278.2361787,307.2980801,277.6103406,308.6166145,296.215655,305.8503401,321.1482879,336.4454451,347.8192053,312.3884712,346.2493349,327.7135083,328.7228216,341.4684361,352.9768015,362.8815154,323.2777071,358.6218396,340.9672029,339.3845533,349.0820586,358.4143962,365.7815881,323.3376345,359.2383893,340.0338269,337.799462,348.3473596,358.7569738,366.9610128,324.1273815,360.7113922,340.5666619,340.3649358,351.3223283,358.6444634,367.0368464,324.1273815,360.7113922,340.5666619,340.3649358,351.3223283,358.6444634,367.0368464,324.1273815,360.7113922,340.5666619,340.3649358,351.3223283,358.6444634,367.0368464,324.1273815,360.7113922,340.5666619,340.3649358,351.3223283,358.6444634,367.0368464,324.1273815,360.7113922,340.5666619,340.3649358,351.3223283,358.6444634,367.0368464,324.1273815,360.7113922,340.5666619,340.3649358,351.3223283,358.6444634,367.0368464,324.1273815,360.7113922,340.5666619,340.3649358,351.3223283,358.6444634,367.0368464
0.711,10920,2.9,1,3,2,3,1.75E+20,138.4718506,158.9625809,176.3212249,212.9259536,249.2333965,278.8499442,306.1362552,275.7467817,308.5856092,295.7701106,303.4639694,321.2760472,333.6803153,349.4193699,314.7329172,349.8738332,333.1039866,334.917797,346.0860211,354.0063872,366.5580042,324.939084,360.6308927,341.5103342,341.4063912,353.6102669,361.6340913,370.4216209,326.8784865,363.5333452,344.3362545,343.6909132,351.9004959,360.5647892,368.5014253,326.6761912,362.9637056,343.2883684,341.7713525,351.188644,359.781488,365.9598042,326.6761912,362.9637056,343.2883684,341.7713525,351.188644,359.781488,365.9598042,326.6761912,362.9637056,343.2883684,341.7713525,351.188644,359.781488,365.9598042,326.6761912,362.9637056,343.2883684,341.7713525,351.188644,359.781488,365.9598042,326.6761912,362.9637056,343.2883684,341.7713525,351.188644,359.781488,365.9598042,326.6761912,362.9637056,343.2883684,341.7713525,351.188644,359.781488,365.9598042,326.6761912,362.9637056,343.2883684,341.7713525,351.188644,359.781488,365.9598042
0.711,10920,2.9,1,3,2,4,1.75E+20,134.8356451,155.5188326,173.9258511,209.1604852,245.00369,276.4818265,300.4482412,269.2096127,302.4520814,289.3852306,297.5672033,316.1291426,332.1592157,347.2216863,303.9875668,343.2421142,326.4627799,323.9619917,338.0129579,349.2904037,360.7167453,314.6870515,352.0982237,335.8782144,334.9923907,346.2941985,358.5132232,366.0909349,314.9001058,354.6234665,337.2615467,337.398105,344.051596,356.9867135,361.9180841,315.5681641,355.0640836,336.8888859,335.1359,344.2686232,355.6870352,363.2000378,315.5681641,355.0640836,336.8888859,335.1359,344.2686232,355.6870352,363.2000378,315.5681641,355.0640836,336.8888859,335.1359,344.2686232,355.6870352,363.2000378,315.5681641,355.0640836,336.8888859,335.1359,344.2686232,355.6870352,363.2000378,315.5681641,355.0640836,336.8888859,335.1359,344.2686232,355.6870352,363.2000378,315.5681641,355.0640836,336.8888859,335.1359,344.2686232,355.6870352,363.2000378,315.5681641,355.0640836,336.8888859,335.1359,344.2686232,355.6870352,363.2000378
0.711,10920,2.9,1,3,2,5,1.75E+20,126.9707619,147.6741614,164.7080513,200.8635155,237.2491435,271.4696262,293.8583175,252.492181,285.6760017,278.3458986,286.9249101,306.5488386,328.6815619,344.4483539,288.1429293,329.473891,316.2614903,318.2737789,333.8521999,349.8139853,359.203502,299.2670133,338.3996059,325.9917345,326.2438622,339.1384985,354.3356173,365.0990818,300.9626286,346.3068102,327.3840088,327.1348738,339.2384235,354.4515927,362.8232452,300.5863744,342.1166473,326.9952578,329.1858166,338.9463397,355.1955865,363.3225434,300.5863744,342.1166473,326.9952578,329.1858166,338.9463397,355.1955865,363.3225434,300.5863744,342.1166473,326.9952578,329.1858166,338.9463397,355.1955865,363.3225434,300.5863744,342.1166473,326.9952578,329.1858166,338.9463397,355.1955865,363.3225434,300.5863744,342.1166473,326.9952578,329.1858166,338.9463397,355.1955865,363.3225434,300.5863744,342.1166473,326.9952578,329.1858166,338.9463397,355.1955865,363.3225434,300.5863744,342.1166473,326.9952578,329.1858166,338.9463397,355.1955865,363.3225434
0.711,10920,2.9,1,3,2,6,1.75E+20,117.1862735,136.8330078,152.8728901,183.3792917,220.4828213,259.2341627,280.0296782,227.6847329,261.1419937,254.6785588,266.3108403,288.5122293,314.8298916,327.9015331,261.8149715,299.95602,288.8992811,294.7032257,312.2946271,339.1528785,345.3872437,273.9590081,314.1762883,302.5490699,305.5362083,321.9762886,346.3812889,357.4531218,280.5735036,323.1106223,308.2246418,314.3792009,330.3882621,349.5483232,353.3624033,278.5349035,318.6521268,305.6161982,308.6831244,323.9849356,345.0341859,353.1004773,278.5349035,318.6521268,305.6161982,308.6831244,323.9849356,345.0341859,353.1004773,278.5349035,318.6521268,305.6161982,308.6831244,323.9849356,345.0341859,353.1004773,278.5349035,318.6521268,305.6161982,308.6831244,323.9849356,345.0341859,353.1004773,278.5349035,318.6521268,305.6161982,308.6831244,323.9849356,345.0341859,353.1004773,278.5349035,318.6521268,305.6161982,308.6831244,323.9849356,345.0341859,353.1004773,278.5349035,318.6521268,305.6161982,308.6831244,323.9849356,345.0341859,353.1004773
0.711,10920,2.9,1,3,3,1,1.75E+20,84.53960768,96.23340559,104.6853777,122.1514647,145.6809556,194.9303045,212.2700031,151.0169496,170.2795857,170.1522001,180.465667,196.6214566,245.8139666,255.7741718,176.054747,200.1703905,196.7430676,202.6817398,218.46711,270.3757099,276.9200905,190.2926863,214.6092687,208.7176123,214.86545,228.5441043,281.2753808,286.5992915,195.862685,221.4015232,217.7222548,220.1951772,235.0668935,288.1907747,291.4888559,198.6088289,224.2469398,220.2467292,221.9305779,235.3866474,288.4503814,295.0398973,198.6088289,224.2469398,220.2467292,221.9305779,235.3866474,288.4503814,295.0398973,198.6088289,224.2469398,220.2467292,221.9305779,235.3866474,288.4503814,295.0398973,198.6088289,224.2469398,220.2467292,221.9305779,235.3866474,288.4503814,295.0398973,198.6088289,224.2469398,220.2467292,221.9305779,235.3866474,288.4503814,295.0398973,198.6088289,224.2469398,220.2467292,221.9305779,235.3866474,288.4503814,295.0398973,198.6088289,224.2469398,220.2467292,221.9305779,235.3866474,288.4503814,295.0398973
0.711,10920,2.9,1,3,3,2,1.75E+20,71.5249205,82.55968467,89.0059439,102.8452458,121.2226697,166.439005,183.1385487,122.0048695,140.679176,139.9488918,149.3321663,163.0843734,210.1365813,219.3918378,145.883969,166.814595,166.0668145,170.3689988,183.5668767,232.8679856,238.3670286,158.6159397,180.7246883,179.9475066,184.9843557,198.5890107,248.2198612,253.3922751,164.9160978,190.32008,187.7185152,191.9822092,202.5907471,252.2158483,257.1844165,167.0164965,191.4585257,188.8219156,191.6360418,203.2842718,253.6684457,257.8606727,167.0164965,191.4585257,188.8219156,191.6360418,203.2842718,253.6684457,257.8606727,167.0164965,191.4585257,188.8219156,191.6360418,203.2842718,253.6684457,257.8606727,167.0164965,191.4585257,188.8219156,191.6360418,203.2842718,253.6684457,257.8606727,167.0164965,191.4585257,188.8219156,191.6360418,203.2842718,253.6684457,257.8606727,167.0164965,191.4585257,188.8219156,191.6360418,203.2842718,253.6684457,257.8606727,167.0164965,191.4585257,188.8219156,191.6360418,203.2842718,253.6684457,257.8606727
0.711,10920,2.9,1,3,3,3,1.75E+20,59.24756465,68.57982365,74.24808653,84.6742044,99.12418112,134.778387,148.773711,97.07486564,111.7636332,114.0130135,121.3101087,132.8197154,171.610238,179.3565121,116.3221589,133.7919529,134.9524922,138.6895253,149.6144649,193.3975026,197.9957209,126.6080008,145.1375237,144.2199233,148.2518336,159.8241294,203.9803778,209.2766959,132.2222109,152.6013993,151.883041,155.7774766,167.8494933,211.2046941,215.007333,135.5008652,156.0369368,156.7173326,159.3600704,170.4321792,214.6139757,218.8241642,135.5008652,156.0369368,156.7173326,159.3600704,170.4321792,214.6139757,218.8241642,135.5008652,156.0369368,156.7173326,159.3600704,170.4321792,214.6139757,218.8241642,135.5008652,156.0369368,156.7173326,159.3600704,170.4321792,214.6139757,218.8241642,135.5008652,156.0369368,156.7173326,159.3600704,170.4321792,214.6139757,218.8241642,135.5008652,156.0369368,156.7173326,159.3600704,170.4321792,214.6139757,218.8241642,135.5008652,156.0369368,156.7173326,159.3600704,170.4321792,214.6139757,218.8241642
0.711,10920,2.9,1,3,3,4,1.75E+20,50.3026994,57.43838751,60.4723401,68.7517738,79.99311593,109.47363,120.4327052,78.14194362,88.33549347,89.6728423,94.79474855,104.4042998,137.543846,144.6674391,91.63168758,103.823934,105.4248643,109.0753592,119.479754,153.5781689,160.4467829,100.3754292,114.0951039,114.8241113,119.0924654,128.1203572,162.423542,169.662875,105.4891979,119.8024072,120.3669584,123.7479299,134.4074103,171.4057354,174.8540446,108.1373634,122.6053735,122.8247966,126.8107513,136.2807445,174.4335809,178.0539128,108.1373634,122.6053735,122.8247966,126.8107513,136.2807445,174.4335809,178.0539128,108.1373634,122.6053735,122.8247966,126.8107513,136.2807445,174.4335809,178.0539128,108.1373634,122.6053735,122.8247966,126.8107513,136.2807445,174.4335809,178.0539128,108.1373634,122.6053735,122.8247966,126.8107513,136.2807445,174.4335809,178.0539128,108.1373634,122.6053735,122.8247966,126.8107513,136.2807445,174.4335809,178.0539128,108.1373634,122.6053735,122.8247966,126.8107513,136.2807445,174.4335809,178.0539128
0.711,10920,2.9,1,3,3,5,1.75E+20,43.39112554,48.26094011,50.93378696,56.16848702,63.86278716,87.56533242,95.79217348,61.66978146,68.23776036,70.081263,73.76248489,82.33380043,108.9182194,114.4446422,72.83930515,81.71097641,81.69970389,85.01366671,92.90757054,121.2404663,127.5479175,78.96079016,88.48538579,88.96454866,91.8799912,98.68272734,129.8152683,133.756816,84.13694976,93.34131977,94.5563404,95.84818447,103.5397663,135.0468516,139.2665817,88.02421848,97.67719148,97.37214701,99.66922902,107.1262949,138.2156592,143.1407697,88.02421848,97.67719148,97.37214701,99.66922902,107.1262949,138.2156592,143.1407697,88.02421848,97.67719148,97.37214701,99.66922902,107.1262949,138.2156592,143.1407697,88.02421848,97.67719148,97.37214701,99.66922902,107.1262949,138.2156592,143.1407697,88.02421848,97.67719148,97.37214701,99.66922902,107.1262949,138.2156592,143.1407697,88.02421848,97.67719148,97.37214701,99.66922902,107.1262949,138.2156592,143.1407697,88.02421848,97.67719148,97.37214701,99.66922902,107.1262949,138.2156592,143.1407697
0.711,10920,2.9,1,3,3,6,1.75E+20,39.99272058,43.45300676,45.76243583,48.66041455,54.36448485,73.51602306,79.81291674,50.8314001,55.21558208,56.19636842,58.31235901,63.40444474,85.97200355,90.72718821,57.51789822,62.85010724,63.11029397,65.28010465,70.37707136,94.24857746,98.32511728,62.24409782,67.93832056,68.1715292,69.98044153,74.91328624,99.7372154,103.3124959,65.02602917,71.67040685,72.60495506,73.26986435,78.09685322,103.8054818,106.9250516,68.21122967,74.55545402,74.48032811,76.25609114,81.1794108,106.7940615,112.5908319,68.21122967,74.55545402,74.48032811,76.25609114,81.1794108,106.7940615,112.5908319,68.21122967,74.55545402,74.48032811,76.25609114,81.1794108,106.7940615,112.5908319,68.21122967,74.55545402,74.48032811,76.25609114,81.1794108,106.7940615,112.5908319,68.21122967,74.55545402,74.48032811,76.25609114,81.1794108,106.7940615,112.5908319,68.21122967,74.55545402,74.48032811,76.25609114,81.1794108,106.7940615,112.5908319,68.21122967,74.55545402,74.48032811,76.25609114,81.1794108,106.7940615,112.5908319
0.711,10920,2.9,1,4,1,1,1.75E+20,47.89922748,53.92609267,56.28756746,62.1760279,70.94122541,93.65996071,102.9896596,69.00548283,77.21558825,78.09123279,81.3157384,88.44868656,112.9131268,119.32014,79.50925576,88.58726853,88.35158905,92.05634169,99.28522937,124.7418697,131.3025557,86.82934451,96.11092269,96.39399397,98.48046949,104.5749586,131.9383299,135.9721638,88.96766138,99.57123171,99.21951454,101.6518895,108.579093,134.9133841,140.237016,92.92568171,103.7133995,103.8342707,104.8919682,111.9652793,138.7510528,142.9614783,92.92568171,103.7133995,103.8342707,104.8919682,111.9652793,138.7510528,142.9614783,92.92568171,103.7133995,103.8342707,104.8919682,111.9652793,138.7510528,142.9614783,92.92568171,103.7133995,103.8342707,104.8919682,111.9652793,138.7510528,142.9614783,92.92568171,103.7133995,103.8342707,104.8919682,111.9652793,138.7510528,142.9614783,92.92568171,103.7133995,103.8342707,104.8919682,111.9652793,138.7510528,142.9614783,92.92568171,103.7133995,103.8342707,104.8919682,111.9652793,138.7510528,142.9614783
0.711,10920,2.9,1,4,1,2,1.75E+20,55.11904611,62.15204013,66.47933584,74.39645013,86.2007301,112.2556121,123.1296647,83.22248496,94.26984238,95.18081348,100.3252462,110.4249863,137.9749072,145.967398,98.93996489,112.3157893,112.2595374,114.823583,123.9136355,152.5680483,157.3454382,105.1346524,118.5422472,117.6197632,120.7572505,129.7838887,159.5474117,165.836953,110.063854,124.5230193,123.9181661,126.1547123,133.4418396,165.376667,169.3603549,113.222486,126.9633077,127.4243487,129.1541893,137.517674,170.1274075,174.4102645,113.222486,126.9633077,127.4243487,129.1541893,137.517674,170.1274075,174.4102645,113.222486,126.9633077,127.4243487,129.1541893,137.517674,170.1274075,174.4102645,113.222486,126.9633077,127.4243487,129.1541893,137.517674,170.1274075,174.4102645,113.222486,126.9633077,127.4243487,129.1541893,137.517674,170.1274075,174.4102645,113.222486,126.9633077,127.4243487,129.1541893,137.517674,170.1274075,174.4102645,113.222486,126.9633077,127.4243487,129.1541893,137.517674,170.1274075,174.4102645
0.711,10920,2.9,1,4,1,3,1.75E+20,63.55765723,72.06008518,77.48142992,87.90993722,102.078962,133.2159051,148.0284249,102.8169676,117.3980335,117.5072802,124.2992945,134.1733221,167.1271247,173.9217023,120.8702821,136.9531352,136.3444292,139.9813889,149.7346951,182.7799818,190.0970799,129.8509129,147.2099253,146.2689281,148.4304179,156.7672377,191.314799,199.483768,135.8586607,152.8138771,151.7697698,154.3389185,162.7487156,198.3737034,202.9198645,138.7064941,157.3147648,155.6897464,157.7215166,166.3963297,201.6425812,205.591938,138.7064941,157.3147648,155.6897464,157.7215166,166.3963297,201.6425812,205.591938,138.7064941,157.3147648,155.6897464,157.7215166,166.3963297,201.6425812,205.591938,138.7064941,157.3147648,155.6897464,157.7215166,166.3963297,201.6425812,205.591938,138.7064941,157.3147648,155.6897464,157.7215166,166.3963297,201.6425812,205.591938,138.7064941,157.3147648,155.6897464,157.7215166,166.3963297,201.6425812,205.591938,138.7064941,157.3147648,155.6897464,157.7215166,166.3963297,201.6425812,205.591938
0.711,10920,2.9,1,4,1,4,1.75E+20,74.0998043,84.45273064,91.02171826,104.7617878,121.8149015,157.824721,173.8934003,127.0215022,143.1968429,143.3350851,150.0054673,162.4498258,198.7988579,207.9358441,148.7222825,168.2304707,166.4090501,169.9851486,180.4570189,216.6321044,223.2383199,157.8770927,177.4772997,175.4439815,177.46571,187.9655966,224.8251726,231.84336,163.9016247,184.8103106,181.9903002,184.686624,193.2491835,229.9926749,234.9162876,166.6519597,186.6072361,182.7464091,185.9885196,194.517378,230.6102914,236.9571817,166.6519597,186.6072361,182.7464091,185.9885196,194.517378,230.6102914,236.9571817,166.6519597,186.6072361,182.7464091,185.9885196,194.517378,230.6102914,236.9571817,166.6519597,186.6072361,182.7464091,185.9885196,194.517378,230.6102914,236.9571817,166.6519597,186.6072361,182.7464091,185.9885196,194.517378,230.6102914,236.9571817,166.6519597,186.6072361,182.7464091,185.9885196,194.517378,230.6102914,236.9571817,166.6519597,186.6072361,182.7464091,185.9885196,194.517378,230.6102914,236.9571817
0.711,10920,2.9,1,4,1,5,1.75E+20,85.05535351,96.75083703,105.5642008,123.9872267,145.8363384,185.3427753,203.7590023,154.0485298,172.2102761,170.5881429,177.0818491,190.2853026,228.6526612,239.2161736,178.4187945,199.8379343,193.8548771,198.2366766,212.6343683,249.8966014,255.9012498,188.4495301,210.5469307,203.464875,205.9805655,219.6819772,257.5953947,263.6719272,193.8098122,216.1751142,212.6151901,214.2671713,225.2450171,262.1918759,267.3463072,195.1814236,217.6141086,212.7712136,214.4311748,226.2900985,262.8318212,268.6616746,195.1814236,217.6141086,212.7712136,214.4311748,226.2900985,262.8318212,268.6616746,195.1814236,217.6141086,212.7712136,214.4311748,226.2900985,262.8318212,268.6616746,195.1814236,217.6141086,212.7712136,214.4311748,226.2900985,262.8318212,268.6616746,195.1814236,217.6141086,212.7712136,214.4311748,226.2900985,262.8318212,268.6616746,195.1814236,217.6141086,212.7712136,214.4311748,226.2900985,262.8318212,268.6616746,195.1814236,217.6141086,212.7712136,214.4311748,226.2900985,262.8318212,268.6616746
0.711,10920,2.9,1,4,1,6,1.75E+20,97.02976574,109.8457038,119.8310982,140.4668537,167.0136507,205.0774928,225.2736647,176.0611352,196.7967773,192.4918815,202.0211323,220.224777,253.059773,264.9828795,204.5708929,227.9759656,221.8993248,227.6998637,244.4154854,278.1144536,285.3349927,220.227419,244.6564011,236.5452374,239.5278797,254.1531914,286.8249774,293.9075395,224.4782952,250.1876749,242.0034515,243.6144583,257.3326492,289.5907875,294.4834032,225.1360991,251.0463632,242.1843479,241.9646537,254.5471783,286.4630075,292.0661086,225.1360991,251.0463632,242.1843479,241.9646537,254.5471783,286.4630075,292.0661086,225.1360991,251.0463632,242.1843479,241.9646537,254.5471783,286.4630075,292.0661086,225.1360991,251.0463632,242.1843479,241.9646537,254.5471783,286.4630075,292.0661086,225.1360991,251.0463632,242.1843479,241.9646537,254.5471783,286.4630075,292.0661086,225.1360991,251.0463632,242.1843479,241.9646537,254.5471783,286.4630075,292.0661086,225.1360991,251.0463632,242.1843479,241.9646537,254.5471783,286.4630075,292.0661086
0.711,10920,2.9,1,4,2,1,1.75E+20,126.1896586,144.0367019,159.1708072,193.5045899,228.2059919,255.7360178,279.8985303,247.2103269,275.7403696,264.9376932,273.1515158,287.8167543,307.0936102,321.7862052,282.7377214,315.8952789,299.6780451,302.9515103,316.124108,328.4240894,334.6977359,288.2192291,321.456136,305.3833407,308.1170837,317.1950654,328.6824631,335.9330418,290.4450761,323.8773233,308.2128705,309.6283276,319.8127439,329.4453238,334.7396919,290.9132388,324.7794972,306.6985725,309.2842854,318.4601716,330.572417,337.2869377,290.9132388,324.7794972,306.6985725,309.2842854,318.4601716,330.572417,337.2869377,290.9132388,324.7794972,306.6985725,309.2842854,318.4601716,330.572417,337.2869377,290.9132388,324.7794972,306.6985725,309.2842854,318.4601716,330.572417,337.2869377,290.9132388,324.7794972,306.6985725,309.2842854,318.4601716,330.572417,337.2869377,290.9132388,324.7794972,306.6985725,309.2842854,318.4601716,330.572417,337.2869377,290.9132388,324.7794972,306.6985725,309.2842854,318.4601716,330.572417,337.2869377
0.711,10920,2.9,1,4,2,2,1.75E+20,129.2141521,146.8682714,163.3922332,198.0522168,231.5157926,260.1038696,282.7698968,258.2265315,285.9310917,273.8226466,280.3474943,295.5480292,308.8053715,321.060155,288.9474608,318.919384,303.4126502,306.1938982,317.4241729,327.3738214,337.8545748,298.388082,330.7987203,311.5159841,312.7356397,322.6863402,332.1089064,341.2415755,303.6663821,336.5574669,318.9754446,317.5489055,325.5229548,332.9001821,338.0394421,302.7195612,335.5246131,316.9056368,313.9952056,323.0100991,330.1036127,339.0926252,302.7195612,335.5246131,316.9056368,313.9952056,323.0100991,330.1036127,339.0926252,302.7195612,335.5246131,316.9056368,313.9952056,323.0100991,330.1036127,339.0926252,302.7195612,335.5246131,316.9056368,313.9952056,323.0100991,330.1036127,339.0926252,302.7195612,335.5246131,316.9056368,313.9952056,323.0100991,330.1036127,339.0926252,302.7195612,335.5246131,316.9056368,313.9952056,323.0100991,330.1036127,339.0926252,302.7195612,335.5246131,316.9056368,313.9952056,323.0100991,330.1036127,339.0926252
0.711,10920,2.9,1,4,2,3,1.75E+20,129.1363324,147.7941257,163.4624619,196.6408455,229.080515,256.734095,279.6819744,256.5554749,283.7658872,273.3594216,282.3277628,298.30988,311.4505251,325.7278652,294.3595282,325.0283923,308.1104837,310.2692551,323.7895762,333.1075848,340.0277533,302.7995535,338.1029724,319.1129891,318.7929887,328.1895737,336.6265052,342.5778107,301.0336466,338.114659,318.5161995,316.9714675,326.1236381,335.2781862,342.0659075,302.8561001,337.747553,319.4049824,317.8515965,326.0635742,332.7180354,341.3534661,302.8561001,337.747553,319.4049824,317.8515965,326.0635742,332.7180354,341.3534661,302.8561001,337.747553,319.4049824,317.8515965,326.0635742,332.7180354,341.3534661,302.8561001,337.747553,319.4049824,317.8515965,326.0635742,332.7180354,341.3534661,302.8561001,337.747553,319.4049824,317.8515965,326.0635742,332.7180354,341.3534661,302.8561001,337.747553,319.4049824,317.8515965,326.0635742,332.7180354,341.3534661,302.8561001,337.747553,319.4049824,317.8515965,326.0635742,332.7180354,341.3534661
0.711,10920,2.9,1,4,2,4,1.75E+20,125.392623,143.7504368,159.7318441,193.6752858,225.8491964,253.0929851,274.7946093,244.9157533,274.1591053,265.0885065,275.2422249,292.2220238,307.3698952,322.1083195,281.3624034,316.2678568,300.5045073,303.1689049,314.6238858,326.4691715,333.7798421,292.0443243,328.3802159,310.1127881,313.6074931,325.3144851,333.0961169,340.9702131,296.446433,334.302475,315.1076285,316.844137,325.1181474,334.7331723,338.3251434,292.5953119,329.7164337,312.8749344,311.2410648,322.3148839,332.9228357,339.6301501,292.5953119,329.7164337,312.8749344,311.2410648,322.3148839,332.9228357,339.6301501,292.5953119,329.7164337,312.8749344,311.2410648,322.3148839,332.9228357,339.6301501,292.5953119,329.7164337,312.8749344,311.2410648,322.3148839,332.9228357,339.6301501,292.5953119,329.7164337,312.8749344,311.2410648,322.3148839,332.9228357,339.6301501,292.5953119,329.7164337,312.8749344,311.2410648,322.3148839,332.9228357,339.6301501,292.5953119,329.7164337,312.8749344,311.2410648,322.3148839,332.9228357,339.6301501
0.711,10920,2.9,1,4,2,5,1.75E+20,118.8451518,137.9622092,153.7987677,185.7783644,220.0000559,251.4198915,274.3066145,236.1581052,267.6196833,257.5144228,267.7899927,285.8163558,304.6768454,319.3111339,268.1594181,304.5187787,288.9073061,292.2935588,306.1565927,320.3348062,328.6526307,276.9171567,314.0595813,302.6800172,303.9902958,316.1018891,329.6984883,336.5305489,277.6704524,317.6813992,301.227243,301.4480098,312.9415488,325.3794473,331.8602277,278.6730296,314.660622,301.1539739,301.4064491,312.6448032,323.5987774,330.09976,278.6730296,314.660622,301.1539739,301.4064491,312.6448032,323.5987774,330.09976,278.6730296,314.660622,301.1539739,301.4064491,312.6448032,323.5987774,330.09976,278.6730296,314.660622,301.1539739,301.4064491,312.6448032,323.5987774,330.09976,278.6730296,314.660622,301.1539739,301.4064491,312.6448032,323.5987774,330.09976,278.6730296,314.660622,301.1539739,301.4064491,312.6448032,323.5987774,330.09976,278.6730296,314.660622,301.1539739,301.4064491,312.6448032,323.5987774,330.09976
0.711,10920,2.9,1,4,2,6,1.75E+20,110.4474779,129.4173067,143.8655494,174.1916872,207.0762743,240.4901118,260.63548,213.2058578,242.2984963,235.5389929,247.90643,268.2821103,293.6842368,305.8581481,245.0717325,279.8758922,267.9605047,271.4354425,290.0179092,311.926825,318.8592123,254.6611557,290.3878726,279.2649249,282.4622927,298.8221509,321.6345144,328.3059432,259.4041504,297.1588194,284.9814567,288.1350731,301.9780933,321.3958223,327.2660242,257.7054698,296.5221513,283.0946699,284.176855,297.0781286,317.4886586,323.8336657,257.7054698,296.5221513,283.0946699,284.176855,297.0781286,317.4886586,323.8336657,257.7054698,296.5221513,283.0946699,284.176855,297.0781286,317.4886586,323.8336657,257.7054698,296.5221513,283.0946699,284.176855,297.0781286,317.4886586,323.8336657,257.7054698,296.5221513,283.0946699,284.176855,297.0781286,317.4886586,323.8336657,257.7054698,296.5221513,283.0946699,284.176855,297.0781286,317.4886586,323.8336657,257.7054698,296.5221513,283.0946699,284.176855,297.0781286,317.4886586,323.8336657
0.711,10920,2.9,1,4,3,1,1.75E+20,81.50604976,92.71299457,100.5201611,117.6847609,139.6315476,185.0018266,201.1389633,144.4206938,162.3645676,160.4389436,170.298145,186.483767,232.0744295,241.2902817,168.3910747,189.7962486,186.4866124,192.2349817,207.4049825,252.5807991,260.4476806,179.2807775,201.4919411,197.9033904,200.5336593,214.2217412,262.7436743,266.3815923,182.431082,207.6362557,201.7553623,204.9984699,218.2433117,265.1024538,270.1375608,187.5233669,210.2202894,205.8217307,208.3806598,221.5732651,266.8813796,270.5256907,187.5233669,210.2202894,205.8217307,208.3806598,221.5732651,266.8813796,270.5256907,187.5233669,210.2202894,205.8217307,208.3806598,221.5732651,266.8813796,270.5256907,187.5233669,210.2202894,205.8217307,208.3806598,221.5732651,266.8813796,270.5256907,187.5233669,210.2202894,205.8217307,208.3806598,221.5732651,266.8813796,270.5256907,187.5233669,210.2202894,205.8217307,208.3806598,221.5732651,266.8813796,270.5256907,187.5233669,210.2202894,205.8217307,208.3806598,221.5732651,266.8813796,270.5256907
0.711,10920,2.9,1,4,3,2,1.75E+20,68.18090274,78.57315847,85.07151254,97.85067811,114.8146322,155.0816462,168.9043869,116.9815115,131.9290584,133.0783954,140.5293488,152.1213425,193.6503072,204.4482614,136.3995709,156.1391477,154.2971928,159.1843987,171.0169757,215.6462216,221.2653197,147.9531632,168.5235021,166.4575216,170.2713097,181.4451378,227.3532516,231.8889533,153.1635715,175.3024748,173.9605322,176.6663803,188.5102818,234.4815735,237.4846899,156.4732293,178.1085642,176.1237203,178.1827889,189.3130576,234.1611275,239.1606092,156.4732293,178.1085642,176.1237203,178.1827889,189.3130576,234.1611275,239.1606092,156.4732293,178.1085642,176.1237203,178.1827889,189.3130576,234.1611275,239.1606092,156.4732293,178.1085642,176.1237203,178.1827889,189.3130576,234.1611275,239.1606092,156.4732293,178.1085642,176.1237203,178.1827889,189.3130576,234.1611275,239.1606092,156.4732293,178.1085642,176.1237203,178.1827889,189.3130576,234.1611275,239.1606092,156.4732293,178.1085642,176.1237203,178.1827889,189.3130576,234.1611275,239.1606092
0.711,10920,2.9,1,4,3,3,1.75E+20,56.15096017,65.03691277,69.9382695,79.29492016,93.34980435,125.8071124,138.7692543,91.51364213,104.5514491,105.8706546,112.6270826,123.7039236,160.8979079,169.9746964,109.304185,125.3503336,124.8265543,129.3700794,139.1441039,178.0945217,184.8309923,118.8384601,136.2730686,136.669236,139.7975849,150.0780619,189.5595172,196.5415347,124.1127269,143.4690756,142.6692989,146.1387916,156.4350934,197.0747226,202.9208273,130.0208266,149.0666987,147.4998209,151.7868836,160.0473444,200.7566366,203.2369576,130.0208266,149.0666987,147.4998209,151.7868836,160.0473444,200.7566366,203.2369576,130.0208266,149.0666987,147.4998209,151.7868836,160.0473444,200.7566366,203.2369576,130.0208266,149.0666987,147.4998209,151.7868836,160.0473444,200.7566366,203.2369576,130.0208266,149.0666987,147.4998209,151.7868836,160.0473444,200.7566366,203.2369576,130.0208266,149.0666987,147.4998209,151.7868836,160.0473444,200.7566366,203.2369576,130.0208266,149.0666987,147.4998209,151.7868836,160.0473444,200.7566366,203.2369576
0.711,10920,2.9,1,4,3,4,1.75E+20,48.71787107,55.10814257,58.3825444,66.60778182,76.59475975,104.0468871,112.9860992,72.95914258,83.17334746,85.11933832,89.17296396,98.41918313,127.2426069,135.7918265,86.57228343,98.4558897,98.15572682,102.8108138,111.6764483,143.7652309,149.6229079,95.63059883,108.3659569,108.0638115,111.8388291,120.2815515,152.7127938,158.2388083,99.78409032,113.8433336,113.9109016,117.4891949,126.597593,159.9200653,163.2804901,103.4013402,117.3288006,117.5010754,120.5192534,129.7420288,162.278307,166.1813605,103.4013402,117.3288006,117.5010754,120.5192534,129.7420288,162.278307,166.1813605,103.4013402,117.3288006,117.5010754,120.5192534,129.7420288,162.278307,166.1813605,103.4013402,117.3288006,117.5010754,120.5192534,129.7420288,162.278307,166.1813605,103.4013402,117.3288006,117.5010754,120.5192534,129.7420288,162.278307,166.1813605,103.4013402,117.3288006,117.5010754,120.5192534,129.7420288,162.278307,166.1813605,103.4013402,117.3288006,117.5010754,120.5192534,129.7420288,162.278307,166.1813605
0.711,10920,2.9,1,4,3,5,1.75E+20,40.67217665,45.63267462,47.62967178,52.39782092,59.41578442,81.25838008,89.55877873,57.56307877,64.4570907,65.5137882,69.06353067,75.45932497,100.9084961,107.9026337,67.48768816,74.98148423,75.48611667,78.76368424,85.16123069,111.3806587,115.8093523,73.5561632,81.75741584,82.06043817,85.00483543,91.5965689,119.2463261,123.8992166,77.45045674,86.03581506,86.18956458,88.85901187,95.90974185,124.5518484,128.7135061,80.84432021,89.3267796,90.0480089,92.18331905,99.37500228,127.7506321,131.8641021,80.84432021,89.3267796,90.0480089,92.18331905,99.37500228,127.7506321,131.8641021,80.84432021,89.3267796,90.0480089,92.18331905,99.37500228,127.7506321,131.8641021,80.84432021,89.3267796,90.0480089,92.18331905,99.37500228,127.7506321,131.8641021,80.84432021,89.3267796,90.0480089,92.18331905,99.37500228,127.7506321,131.8641021,80.84432021,89.3267796,90.0480089,92.18331905,99.37500228,127.7506321,131.8641021,80.84432021,89.3267796,90.0480089,92.18331905,99.37500228,127.7506321,131.8641021
0.711,10920,2.9,1,4,3,6,1.75E+20,36.77274622,40.41502642,41.96183803,44.67526949,50.03910255,67.99366369,72.83262545,48.11643949,52.41272447,53.08797568,55.35907872,61.19301423,81.19321272,86.23445482,54.81217573,60.13177342,60.79002978,61.97325027,66.16966124,87.41077885,92.11988943,59.43452085,64.23548839,64.44819097,65.95441867,70.3010281,93.10898529,97.34528927,61.13416977,67.96413355,67.6181869,69.82359262,74.61163718,97.81846339,102.1303046,64.98013357,71.32409829,70.93692509,72.4614833,77.20073992,100.7953312,103.4071527,64.98013357,71.32409829,70.93692509,72.4614833,77.20073992,100.7953312,103.4071527,64.98013357,71.32409829,70.93692509,72.4614833,77.20073992,100.7953312,103.4071527,64.98013357,71.32409829,70.93692509,72.4614833,77.20073992,100.7953312,103.4071527,64.98013357,71.32409829,70.93692509,72.4614833,77.20073992,100.7953312,103.4071527,64.98013357,71.32409829,70.93692509,72.4614833,77.20073992,100.7953312,103.4071527,64.98013357,71.32409829,70.93692509,72.4614833,77.20073992,100.7953312,103.4071527
0.711,10920,2.9,1,5,1,1,1.75E+20,45.03473483,51.11773444,54.09955208,59.66817097,68.29045275,93.66120212,103.4417947,65.84076892,73.91928171,75.45109011,79.06371066,87.80652973,115.4197544,122.9855843,76.71874066,86.69162337,86.96123538,90.92796306,99.53615793,129.6216354,135.4464621,83.86507979,93.97220795,95.54362017,98.50208758,107.1169839,139.0221605,144.088842,89.15906507,99.6609451,101.1670441,103.5777606,111.6773093,144.2250973,149.2479802,90.92532812,102.5121066,103.1804347,105.6390366,114.7110674,147.424532,152.4385737,90.92532812,102.5121066,103.1804347,105.6390366,114.7110674,147.424532,152.4385737,90.92532812,102.5121066,103.1804347,105.6390366,114.7110674,147.424532,152.4385737,90.92532812,102.5121066,103.1804347,105.6390366,114.7110674,147.424532,152.4385737,90.92532812,102.5121066,103.1804347,105.6390366,114.7110674,147.424532,152.4385737,90.92532812,102.5121066,103.1804347,105.6390366,114.7110674,147.424532,152.4385737,90.92532812,102.5121066,103.1804347,105.6390366,114.7110674,147.424532,152.4385737
0.711,10920,2.9,1,5,1,2,1.75E+20,53.51194101,60.99799296,65.08336262,73.52194117,85.13224003,115.8059643,126.7197721,82.46980014,93.31384158,95.69668234,101.873356,112.5087261,145.3192087,153.5179363,98.53791026,111.7012759,113.6483384,117.2397614,127.633105,161.4049881,167.905631,105.1214551,119.6979093,120.2401756,125.7693018,134.9682668,170.1931235,176.9493321,111.5144925,126.4861427,128.0298578,131.0542304,142.1245006,179.6962178,185.0697308,116.8685156,132.5908438,133.1824664,137.4969117,147.6086647,187.073592,190.5243245,116.8685156,132.5908438,133.1824664,137.4969117,147.6086647,187.073592,190.5243245,116.8685156,132.5908438,133.1824664,137.4969117,147.6086647,187.073592,190.5243245,116.8685156,132.5908438,133.1824664,137.4969117,147.6086647,187.073592,190.5243245,116.8685156,132.5908438,133.1824664,137.4969117,147.6086647,187.073592,190.5243245,116.8685156,132.5908438,133.1824664,137.4969117,147.6086647,187.073592,190.5243245,116.8685156,132.5908438,133.1824664,137.4969117,147.6086647,187.073592,190.5243245
0.711,10920,2.9,1,5,1,3,1.75E+20,62.60171873,71.76517503,77.97378268,89.95468399,105.3913192,142.2564749,156.5698585,102.4732738,117.7147466,119.1403677,125.9991835,138.9962353,178.8318951,188.805164,121.9116908,140.756211,141.5017821,146.074254,156.9953198,199.7511146,206.4879619,133.3751309,153.125531,153.0105318,157.4451142,169.0187528,212.1466604,219.5513642,137.6294179,160.9157481,160.7362603,164.1254584,174.6017246,219.4556001,226.2223926,143.5620095,164.9199197,164.1936768,168.7504819,179.4097594,222.8480964,229.940587,143.5620095,164.9199197,164.1936768,168.7504819,179.4097594,222.8480964,229.940587,143.5620095,164.9199197,164.1936768,168.7504819,179.4097594,222.8480964,229.940587,143.5620095,164.9199197,164.1936768,168.7504819,179.4097594,222.8480964,229.940587,143.5620095,164.9199197,164.1936768,168.7504819,179.4097594,222.8480964,229.940587,143.5620095,164.9199197,164.1936768,168.7504819,179.4097594,222.8480964,229.940587,143.5620095,164.9199197,164.1936768,168.7504819,179.4097594,222.8480964,229.940587
0.711,10920,2.9,1,5,1,4,1.75E+20,73.02622292,83.72172431,91.32743466,106.5679107,125.6183902,169.6567138,189.2877122,130.7717102,148.3700366,148.5425128,155.950437,171.2037787,219.1735344,230.1880666,155.4008956,177.9853611,176.3186572,180.5426635,193.998214,244.0551098,250.8392526,165.6420206,189.0647394,187.3409716,190.682365,202.0710006,253.504536,259.1755684,170.675054,195.8750036,192.688453,197.7457006,209.4551515,261.2530668,263.772294,174.4710953,199.0813679,197.2458153,199.2440686,210.4223772,260.3318132,264.5988531,174.4710953,199.0813679,197.2458153,199.2440686,210.4223772,260.3318132,264.5988531,174.4710953,199.0813679,197.2458153,199.2440686,210.4223772,260.3318132,264.5988531,174.4710953,199.0813679,197.2458153,199.2440686,210.4223772,260.3318132,264.5988531,174.4710953,199.0813679,197.2458153,199.2440686,210.4223772,260.3318132,264.5988531,174.4710953,199.0813679,197.2458153,199.2440686,210.4223772,260.3318132,264.5988531,174.4710953,199.0813679,197.2458153,199.2440686,210.4223772,260.3318132,264.5988531
0.711,10920,2.9,1,5,1,5,1.75E+20,85.80936542,97.57085333,107.3656754,126.1420645,149.1134873,197.5655208,218.1955272,157.658653,177.481992,176.0017285,185.5367644,202.5303679,250.66644,263.9816934,187.8967707,211.1850039,208.5826485,214.50516,229.6091223,280.9618641,289.4554865,200.4751323,226.918322,222.9939014,225.1627846,239.6486469,289.7381983,296.4780992,205.1783219,231.4204284,226.8527451,229.078093,244.2218744,293.3382999,298.3620494,207.5950886,234.291374,229.3092579,231.2088369,245.5884452,293.8251684,297.1524776,207.5950886,234.291374,229.3092579,231.2088369,245.5884452,293.8251684,297.1524776,207.5950886,234.291374,229.3092579,231.2088369,245.5884452,293.8251684,297.1524776,207.5950886,234.291374,229.3092579,231.2088369,245.5884452,293.8251684,297.1524776,207.5950886,234.291374,229.3092579,231.2088369,245.5884452,293.8251684,297.1524776,207.5950886,234.291374,229.3092579,231.2088369,245.5884452,293.8251684,297.1524776,207.5950886,234.291374,229.3092579,231.2088369,245.5884452,293.8251684,297.1524776
0.711,10920,2.9,1,5,1,6,1.75E+20,95.7880907,109.3117156,122.3329555,146.1795165,176.1241905,223.7154624,244.0713938,182.344755,206.4118723,202.9379121,214.7275929,236.0560663,281.4314781,294.172078,216.3796851,243.6760519,238.1747172,244.7101592,265.6167432,310.4751984,318.0382378,232.6440982,261.4259214,256.2199838,259.9927439,277.3387123,318.7006493,324.8408087,233.5998216,264.4428743,256.6976603,260.960932,277.2251207,319.5758594,324.9184056,235.013303,263.6848022,257.4742359,260.7130322,275.8176032,319.1628836,322.2506155,235.013303,263.6848022,257.4742359,260.7130322,275.8176032,319.1628836,322.2506155,235.013303,263.6848022,257.4742359,260.7130322,275.8176032,319.1628836,322.2506155,235.013303,263.6848022,257.4742359,260.7130322,275.8176032,319.1628836,322.2506155,235.013303,263.6848022,257.4742359,260.7130322,275.8176032,319.1628836,322.2506155,235.013303,263.6848022,257.4742359,260.7130322,275.8176032,319.1628836,322.2506155,235.013303,263.6848022,257.4742359,260.7130322,275.8176032,319.1628836,322.2506155
0.711,10920,2.9,1,5,2,1,1.75E+20,129.7735123,150.2900354,168.0946601,204.2581086,243.3365915,277.749575,302.5257448,261.4825228,297.0731375,285.553451,297.5156843,319.149697,334.9580213,348.831609,296.9755092,336.8954101,320.2993685,323.9720211,339.1434617,353.202863,364.3043899,309.5512134,350.0760227,332.6924452,335.0823531,347.756759,360.844367,371.2447451,312.8057756,356.1202292,338.6872835,339.7484244,352.3894109,361.6757228,370.1460854,315.5110732,355.8921822,338.1656594,341.5032735,351.3258243,363.1013861,370.142616,315.5110732,355.8921822,338.1656594,341.5032735,351.3258243,363.1013861,370.142616,315.5110732,355.8921822,338.1656594,341.5032735,351.3258243,363.1013861,370.142616,315.5110732,355.8921822,338.1656594,341.5032735,351.3258243,363.1013861,370.142616,315.5110732,355.8921822,338.1656594,341.5032735,351.3258243,363.1013861,370.142616,315.5110732,355.8921822,338.1656594,341.5032735,351.3258243,363.1013861,370.142616,315.5110732,355.8921822,338.1656594,341.5032735,351.3258243,363.1013861,370.142616
0.711,10920,2.9,1,5,2,2,1.75E+20,134.7433597,153.2999678,172.8040387,210.9347482,248.7320966,281.3174855,308.8920106,278.5603507,311.6380332,299.4600222,309.4833639,326.0891332,340.1602974,356.7246117,316.214471,354.3557078,335.3220247,337.501057,354.1549677,364.3033396,375.8488699,329.6694081,366.3181156,350.4609231,348.3162466,359.2301017,368.8804826,379.6823263,332.3527922,372.0630435,353.740945,352.9307597,360.328196,369.3374951,374.0054795,327.0830229,366.4133933,346.8713733,345.3080377,357.1894477,363.4978487,371.9124097,327.0830229,366.4133933,346.8713733,345.3080377,357.1894477,363.4978487,371.9124097,327.0830229,366.4133933,346.8713733,345.3080377,357.1894477,363.4978487,371.9124097,327.0830229,366.4133933,346.8713733,345.3080377,357.1894477,363.4978487,371.9124097,327.0830229,366.4133933,346.8713733,345.3080377,357.1894477,363.4978487,371.9124097,327.0830229,366.4133933,346.8713733,345.3080377,357.1894477,363.4978487,371.9124097,327.0830229,366.4133933,346.8713733,345.3080377,357.1894477,363.4978487,371.9124097
0.711,10920,2.9,1,5,2,3,1.75E+20,135.6584234,155.8716814,174.7421657,212.8830311,251.6690773,283.0424899,309.8005345,280.1000118,311.9929296,299.6594687,309.715837,328.6102549,342.8547018,356.3036591,315.6130018,352.9944722,335.3045697,339.5344388,353.7761701,364.4888858,372.0569762,326.0889836,363.8343308,344.9976444,344.8236202,354.1097886,361.6557999,368.2434304,322.8814754,361.5113507,344.4283926,343.4101177,353.9161726,363.4302117,371.3916809,327.3095518,365.8414246,347.2044024,348.2934152,355.7885879,363.8632804,370.2576584,327.3095518,365.8414246,347.2044024,348.2934152,355.7885879,363.8632804,370.2576584,327.3095518,365.8414246,347.2044024,348.2934152,355.7885879,363.8632804,370.2576584,327.3095518,365.8414246,347.2044024,348.2934152,355.7885879,363.8632804,370.2576584,327.3095518,365.8414246,347.2044024,348.2934152,355.7885879,363.8632804,370.2576584,327.3095518,365.8414246,347.2044024,348.2934152,355.7885879,363.8632804,370.2576584,327.3095518,365.8414246,347.2044024,348.2934152,355.7885879,363.8632804,370.2576584
0.711,10920,2.9,1,5,2,4,1.75E+20,130.5527153,152.4543591,171.9413185,209.4809752,248.3606092,278.8095859,306.3154276,274.773403,310.9435097,299.2261775,311.0618212,330.3163034,344.835772,360.9535946,310.4668449,351.9116484,337.6061617,338.2306197,352.2668304,360.6186409,374.1825072,318.111355,362.5463703,341.4607805,345.5707617,356.9019329,365.750226,374.1371875,319.5485981,362.1176275,344.709327,344.3768895,356.4127098,365.8246172,373.5206992,321.377761,365.2051281,347.5208442,347.5664095,357.5837214,368.1648561,376.1063547,321.377761,365.2051281,347.5208442,347.5664095,357.5837214,368.1648561,376.1063547,321.377761,365.2051281,347.5208442,347.5664095,357.5837214,368.1648561,376.1063547,321.377761,365.2051281,347.5208442,347.5664095,357.5837214,368.1648561,376.1063547,321.377761,365.2051281,347.5208442,347.5664095,357.5837214,368.1648561,376.1063547,321.377761,365.2051281,347.5208442,347.5664095,357.5837214,368.1648561,376.1063547,321.377761,365.2051281,347.5208442,347.5664095,357.5837214,368.1648561,376.1063547
0.711,10920,2.9,1,5,2,5,1.75E+20,121.9405,144.4916795,164.3260489,202.0059999,241.5373303,278.0998465,301.5124166,249.6536147,289.4040572,281.7631585,294.2364006,314.4506079,336.3561572,351.22194,286.3059117,334.0140236,318.9807423,324.6500019,341.2595924,356.0477856,365.4636104,295.0666661,343.8004865,330.646814,331.2764239,347.7550426,361.0992208,369.8082207,296.6140728,345.699435,332.5972571,332.2248374,346.4353243,363.7640357,368.6481838,298.4003925,345.7963431,331.8517612,336.5830008,350.1231713,360.587181,364.2304814,298.4003925,345.7963431,331.8517612,336.5830008,350.1231713,360.587181,364.2304814,298.4003925,345.7963431,331.8517612,336.5830008,350.1231713,360.587181,364.2304814,298.4003925,345.7963431,331.8517612,336.5830008,350.1231713,360.587181,364.2304814,298.4003925,345.7963431,331.8517612,336.5830008,350.1231713,360.587181,364.2304814,298.4003925,345.7963431,331.8517612,336.5830008,350.1231713,360.587181,364.2304814,298.4003925,345.7963431,331.8517612,336.5830008,350.1231713,360.587181,364.2304814
0.711,10920,2.9,1,5,2,6,1.75E+20,110.9892136,132.7360689,150.8036889,185.2049244,223.35833,265.9561374,290.6586685,224.4116188,263.4249265,259.8092597,274.2035572,296.4082826,326.5184914,338.2258892,255.7007088,301.1134438,291.2165109,299.9078792,323.6695184,347.7474037,357.1297347,269.2652054,315.2287978,307.0403422,314.347619,332.6092637,356.0299805,360.3252862,265.6650306,315.2155255,303.5852809,312.1043922,329.6118186,354.6569562,360.2226194,269.4896173,316.8289594,306.3414682,312.537679,330.9754137,352.9326638,358.1655622,269.4896173,316.8289594,306.3414682,312.537679,330.9754137,352.9326638,358.1655622,269.4896173,316.8289594,306.3414682,312.537679,330.9754137,352.9326638,358.1655622,269.4896173,316.8289594,306.3414682,312.537679,330.9754137,352.9326638,358.1655622,269.4896173,316.8289594,306.3414682,312.537679,330.9754137,352.9326638,358.1655622,269.4896173,316.8289594,306.3414682,312.537679,330.9754137,352.9326638,358.1655622,269.4896173,316.8289594,306.3414682,312.537679,330.9754137,352.9326638,358.1655622
0.711,10920,2.9,1,5,3,1,1.75E+20,78.65788579,90.50707588,98.87765065,116.1215293,139.1946783,196.5534152,214.5769056,141.4481023,161.2505453,161.7776605,171.4389016,190.1818022,252.6136328,263.8213963,170.0307457,193.9480295,192.7704443,197.3764129,213.9047433,277.6707583,284.9314717,181.5456179,207.1476572,205.0147717,210.2475665,226.0323829,293.6928406,297.6054283,186.5325382,213.7894919,212.1170589,215.4193896,231.1792877,297.5825101,299.5782813,190.9978452,215.5095948,214.4722297,219.6251416,232.9621847,300.4771004,302.5219512,190.9978452,215.5095948,214.4722297,219.6251416,232.9621847,300.4771004,302.5219512,190.9978452,215.5095948,214.4722297,219.6251416,232.9621847,300.4771004,302.5219512,190.9978452,215.5095948,214.4722297,219.6251416,232.9621847,300.4771004,302.5219512,190.9978452,215.5095948,214.4722297,219.6251416,232.9621847,300.4771004,302.5219512,190.9978452,215.5095948,214.4722297,219.6251416,232.9621847,300.4771004,302.5219512,190.9978452,215.5095948,214.4722297,219.6251416,232.9621847,300.4771004,302.5219512
0.711,10920,2.9,1,5,3,2,1.75E+20,63.65917437,74.41992716,81.30397168,94.88871486,112.8939331,162.1028376,178.7462592,112.0812726,129.4938237,130.5666953,140.0836613,155.8399625,212.2525759,224.1025393,135.882138,158.4573599,158.8420285,164.1955034,176.1653312,236.6421176,244.45569,147.5090396,173.2869053,172.206107,177.6625122,188.9596912,250.0511238,256.4920362,151.9154877,179.5872798,178.6190268,182.6519823,194.8902178,257.9935078,262.2832036,155.5913835,180.7018665,180.2375153,185.3730615,196.481751,260.675468,265.2871972,155.5913835,180.7018665,180.2375153,185.3730615,196.481751,260.675468,265.2871972,155.5913835,180.7018665,180.2375153,185.3730615,196.481751,260.675468,265.2871972,155.5913835,180.7018665,180.2375153,185.3730615,196.481751,260.675468,265.2871972,155.5913835,180.7018665,180.2375153,185.3730615,196.481751,260.675468,265.2871972,155.5913835,180.7018665,180.2375153,185.3730615,196.481751,260.675468,265.2871972,155.5913835,180.7018665,180.2375153,185.3730615,196.481751,260.675468,265.2871972
0.711,10920,2.9,1,5,3,3,1.75E+20,54.35683116,64.10825284,68.99245246,79.48881866,93.35744244,133.7678634,146.7984037,87.85353213,103.4148813,105.6852429,113.1941451,125.1369057,168.964599,178.7276411,104.7130674,123.7537742,124.7825989,131.4634857,143.9390411,191.7558148,198.778739,115.9502034,136.6817862,138.879512,143.189087,155.412287,205.5277188,211.0137827,119.5513818,144.4943523,143.7895851,149.2261209,160.6066702,212.9296972,216.1016062,124.9453991,148.0627086,148.7777029,154.0503644,167.1182509,218.0284329,221.8698952,124.9453991,148.0627086,148.7777029,154.0503644,167.1182509,218.0284329,221.8698952,124.9453991,148.0627086,148.7777029,154.0503644,167.1182509,218.0284329,221.8698952,124.9453991,148.0627086,148.7777029,154.0503644,167.1182509,218.0284329,221.8698952,124.9453991,148.0627086,148.7777029,154.0503644,167.1182509,218.0284329,221.8698952,124.9453991,148.0627086,148.7777029,154.0503644,167.1182509,218.0284329,221.8698952,124.9453991,148.0627086,148.7777029,154.0503644,167.1182509,218.0284329,221.8698952
0.711,10920,2.9,1,5,3,4,1.75E+20,44.34548783,50.85172824,54.47690267,61.64210421,73.1178506,103.5218812,114.6530093,69.24794248,79.46817464,82.07178912,87.7477481,98.68557284,132.8139151,140.6581193,82.07532738,94.51146039,96.43522822,101.7671082,113.351446,150.0532604,158.430979,91.0532435,105.4854817,107.3710906,111.4026476,123.2766412,162.96325,169.8889819,96.53900843,111.8760748,114.5315153,117.6582044,129.8399654,171.8960156,175.257137,101.3910305,116.5300191,117.4732004,122.3130852,133.1047059,175.2842572,180.0209234,101.3910305,116.5300191,117.4732004,122.3130852,133.1047059,175.2842572,180.0209234,101.3910305,116.5300191,117.4732004,122.3130852,133.1047059,175.2842572,180.0209234,101.3910305,116.5300191,117.4732004,122.3130852,133.1047059,175.2842572,180.0209234,101.3910305,116.5300191,117.4732004,122.3130852,133.1047059,175.2842572,180.0209234,101.3910305,116.5300191,117.4732004,122.3130852,133.1047059,175.2842572,180.0209234,101.3910305,116.5300191,117.4732004,122.3130852,133.1047059,175.2842572,180.0209234
0.711,10920,2.9,1,5,3,5,1.75E+20,37.92485499,41.84825917,44.45213713,49.61265362,56.9606943,81.74196026,89.95437307,53.71197307,60.27314083,61.87623496,66.07352398,74.74144123,103.8716272,109.8574465,64.83628555,72.7116813,74.0701118,77.75509625,86.04446332,118.0994845,123.1078252,70.22326443,78.40964404,80.00777837,83.27274249,92.1506731,125.8711128,131.5103925,75.94500248,84.90795252,85.95495991,88.66421825,96.89590484,132.3990309,137.0110906,78.42971158,87.20668404,88.42215325,91.19617079,100.7875474,138.410959,142.6864105,78.42971158,87.20668404,88.42215325,91.19617079,100.7875474,138.410959,142.6864105,78.42971158,87.20668404,88.42215325,91.19617079,100.7875474,138.410959,142.6864105,78.42971158,87.20668404,88.42215325,91.19617079,100.7875474,138.410959,142.6864105,78.42971158,87.20668404,88.42215325,91.19617079,100.7875474,138.410959,142.6864105,78.42971158,87.20668404,88.42215325,91.19617079,100.7875474,138.410959,142.6864105,78.42971158,87.20668404,88.42215325,91.19617079,100.7875474,138.410959,142.6864105
0.711,10920,2.9,1,5,3,6,1.75E+20,33.76206614,36.81856761,38.25219751,41.20089681,46.08043723,66.84885854,73.83887629,43.61935335,47.86395119,48.23193678,50.87313588,56.78884111,80.67354367,86.85347685,51.54069506,57.04421816,56.77016784,58.43257439,63.21190675,89.65103921,94.2466653,54.75786116,60.02258763,60.51146921,62.41754681,67.09639885,96.42718409,99.47314249,58.38533186,63.80260767,64.38805935,66.60627273,71.24905542,101.0151376,103.6902599,60.97810843,66.67124831,67.19812791,69.01826364,73.07113754,105.0514086,107.7354882,60.97810843,66.67124831,67.19812791,69.01826364,73.07113754,105.0514086,107.7354882,60.97810843,66.67124831,67.19812791,69.01826364,73.07113754,105.0514086,107.7354882,60.97810843,66.67124831,67.19812791,69.01826364,73.07113754,105.0514086,107.7354882,60.97810843,66.67124831,67.19812791,69.01826364,73.07113754,105.0514086,107.7354882,60.97810843,66.67124831,67.19812791,69.01826364,73.07113754,105.0514086,107.7354882,60.97810843,66.67124831,67.19812791,69.01826364,73.07113754,105.0514086,107.7354882
