U%,Density,Thermal_Conductivity,IV,Digit1,Digit2,Digit3,0,1,3,5,10,15,20,22,24,25,25.001,26,28,30,35,40,45,47,49,50,50.001,51,53,55,60,65,70,72,74,75,75.001,76,78,80,85,90,95,97,99,100,100.001,101,103,105,110,115,120,122,124,125
5.0,7731.200000000001,2.9,1,1,1,1,0,0.3162054185852438,1.010912099115033,1.717283321239336,3.520638390683492,5.47351978513496,7.614536423265001,8.549108549054722,9.554352322187654,10.11131998121053,10.11174985015198,10.39973627865537,11.02259340445107,11.65036828468902,13.27394944581915,14.96559078146571,16.84068836769418,17.67009488782235,18.55796316495985,19.05556092508273,19.05594667305211,19.31538099265407,19.87790702938349,20.45371190959577,21.92015867897469,23.45820512013262,25.17389490683935,25.91666533436924,26.70808654214166,27.15405864356276,27.15440641272344,27.38535116766861,27.88312720100443,28.39820156247268,29.71583397667523,31.09589321262778,32.64308872648019,33.32985385508769,34.07908496991279,34.49453808459754,34.49485897428979,34.71225174832232,35.17216067192675,35.64349084978559,36.8870743790421,38.18843811898118,39.62633674681732,40.2487911158976,40.90939474922229,41.28504163421675
5.0,7731.200000000001,2.9,1,1,1,2,0,0.3663343850979948,1.184528731737864,2.026772192265698,4.154633663795735,6.398338635750866,8.849726017305825,9.89687283526504,11.01363145017022,11.633622094191,11.63410505182434,11.96928685612943,12.71652608441144,13.47456097859836,15.38004432359407,17.37175637612054,19.54711752029817,20.47991103322718,21.47532103422588,22.03903536056774,22.03947523099112,22.33718458901896,23.00135846495427,23.68667510721912,25.40730100636771,27.17442578934245,29.08522860298796,29.91708072048061,30.82302081623586,31.32482063199163,31.32520951159575,31.59743661379716,32.19004481585945,32.78555405994526,34.28427554846387,35.87762194283025,37.64943641859816,38.41150485953627,39.23234976212536,39.69678902752462,39.69715010838598,39.94212639944563,40.48094091300331,41.03491371885836,42.46267946780011,43.95495044465752,45.57023666138463,46.26732476107203,47.02829858373651,47.45002643422821
5.0,7731.200000000001,2.9,1,1,1,3,0,0.4430709041968617,1.44456504847149,2.460742550834198,5.000746345955401,7.616493517382535,10.44432008491235,11.6568467547498,12.96516584561822,13.67220885639545,13.67273946882977,14.05191290303081,14.92078646227563,15.81342352528664,18.06069289215515,20.375980009233,22.83986716612917,23.89732725158582,25.0306213559845,25.6468388330629,25.6473092708091,25.98002631569485,26.73947481683653,27.51021824923972,29.45173350358808,31.46602393170304,33.62169356495777,34.56017752725459,35.5793739126849,36.12440410983572,36.12481879182184,36.42698975270874,37.11136472514806,37.80841620453641,39.54844285768871,41.34081545010241,43.28243534323858,44.13552490574803,45.05104211823016,45.54003957339098,45.54041319136303,45.81146996064434,46.42586030611766,47.05438700449436,48.65881249666802,50.31900675748099,52.10940797190077,52.892623724511,53.74469665440964,54.20648291518325
5.0,7731.200000000001,2.9,1,1,1,4,0,0.519911936633078,1.687977803665659,2.859298209224425,5.80263001864227,8.831610256492874,12.11406615911584,13.53809817167093,15.0480913421319,15.83487469103467,15.83546951521129,16.28283695839071,17.29557989354007,18.3182047671417,20.85623919813368,23.49478534655305,26.37844828970016,27.60206817520229,28.89772819569496,29.57909461860596,29.57960983865348,29.96785986827492,30.84479930105284,31.73188541643627,33.95919705111711,36.21911575606887,38.6139510078575,39.64346486743242,40.74458765361815,41.32564740506495,41.3260918492289,41.66386246039289,42.4220954165101,43.18701529681876,45.11222675077572,47.10039228039794,49.25439553110077,50.19410490927178,51.19302103209435,51.71206969274677,51.71246894970816,52.01724950103713,52.70492590966911,53.40354806622556,55.14643489721531,56.94677170044196,58.93457897434981,59.79937697071844,60.71698759141007,61.20089476841623
5.0,7731.200000000001,2.9,1,1,1,5,0,0.6002282463081897,1.955050702267829,3.332537249973067,6.788248232841243,10.28729642971493,14.05402574562149,15.65665127547195,17.29918126001584,18.13969253891508,18.14033776059396,18.64918919780573,19.79147942312211,20.93233721642562,23.78896340165331,26.72334138755377,29.89235979636661,31.23190653091165,32.61792872354247,33.3325833336486,33.33313642380668,33.77140545129742,34.74818965028599,35.72193725751227,38.17228561594236,40.69455854931193,43.37884849047244,44.52021700652487,45.70915460074217,46.31959266265031,46.32006887603776,46.69576938243044,47.53010920453576,48.37944210547175,50.52235208745871,52.73066307499641,55.14252798705673,56.18623918510058,57.26192134678359,57.81135066496742,57.81178101504051,58.15582804925852,58.9207882904951,59.68714562707622,61.65090282614145,63.67733975757428,65.8833603006285,66.84270927445374,67.8349515494746,68.34387410514123
5.0,7731.200000000001,2.9,1,1,1,6,0,0.6888993483679677,2.232279291775316,3.789124733550113,7.712809609813222,11.76346544202713,16.01273881690496,17.75769884984281,19.5238387603928,20.41715404019639,20.41785670004935,20.9953023187533,22.27266526320253,23.54119135680333,26.71560364635912,30.00041034075252,33.51680388367448,34.98438921164981,36.46045329703343,37.20579520469985,37.20639283456553,37.69337179513303,38.7759929357326,39.86850559312447,42.58801878749603,45.38669636924796,48.34772345451254,49.57693066203344,50.80422441097532,51.42540757705314,51.42591318645808,51.84181812242858,52.7570748764613,53.67101528696364,55.95636230022069,58.30822564224468,60.82285269273512,61.88769000153194,62.97323519047894,63.51944110390254,63.51988404256448,63.89484186423996,64.70976649721729,65.53357354265175,67.64120361067819,69.8333464164258,72.20987165392238,73.20708313596458,74.22497767020087,74.74722733760989
5.0,7731.200000000001,2.9,1,1,2,1,0,0.9657104603915044,3.191016090255786,5.402688688180611,10.75179654794776,15.8865478465693,20.90846936834525,22.89148743375256,24.83247041304673,25.77721325467045,25.77799689185504,26.51214640248839,28.18674550993275,29.81968276613737,33.76162995223189,37.61981593830086,41.38278526684456,42.86932942930494,44.32951238559646,45.04809344937238,45.04870131560214,45.6247222737181,46.92854446709293,48.21594719704359,51.34679676343509,54.44170747849942,57.54896888466383,58.78308524526099,60.0132244019654,60.62770617731283,60.62822965633231,61.13052162219644,62.27463008441005,63.39115711319486,66.13070535926039,68.88188576489122,71.66112769015868,72.78491662772437,73.9176570566356,74.48542479126137,74.4859129000076,74.95998910497077,76.02089507106673,77.05182788973316,79.58534143369228,82.16909319424445,84.81218967830725,85.86370972415874,86.92264150366844,87.45489715569045
5.0,7731.200000000001,2.9,1,1,2,2,0,0.9892958286697978,3.275358458766926,5.518451082700867,10.93340607730524,16.18518938940344,21.21207208146583,23.16741436970771,25.10342620301161,26.04124077789792,26.04201767996579,26.7868588975953,28.48547969957701,30.13936090747814,34.13680236184121,38.02186962423928,41.83259461301709,43.34533429550395,44.84060194986592,45.57757146879669,45.57819966650114,46.18089221558588,47.53256783317276,48.85207544876607,52.09450531169391,55.3055628759581,58.49668514556659,59.76885639255233,61.03809550244476,61.66655052388115,61.66709183984395,62.1976746456405,63.39125227985944,64.55806133719703,67.38993750996869,70.22735238282499,73.09797932794416,74.24019520670122,75.37879410953582,75.93833440999613,75.93881050819759,76.40697702474495,77.47533629998718,78.51838943028777,81.07122795138963,83.64444768838979,86.26536770434441,87.31999678699648,88.36924801036446,88.89055107397938
5.0,7731.200000000001,2.9,1,1,2,3,0,0.9935980303830022,3.296523923099366,5.566241253253041,11.05550260270257,16.31623787632548,21.37689479600654,23.33900883333703,25.24199380127729,26.17202358238884,26.17280298948388,26.92342695854806,28.6450214798143,30.31733410185012,34.34086295791803,38.2495709948393,42.08775684937879,43.60276492993966,45.10743893029378,45.84733070839465,45.84795101330143,46.44881770590072,47.81394114644741,49.14242408689263,52.39284461341217,55.58243019814137,58.71801688196766,59.96564231364155,61.21708047804203,61.83422279544471,61.8347491656312,62.35422086835039,63.5368658926156,64.69549752745496,67.52650490900282,70.33331622611958,73.15836411804035,74.29717973185824,75.434762556727,75.99972740359749,76.0002124559131,76.48136512406273,77.57539590673976,78.64092090456681,81.26088966070542,83.880612280135,86.55648685693652,87.64195350515966,88.72335155997645,89.26452101619597
5.0,7731.200000000001,2.9,1,1,2,4,0,0.9425590674764827,3.166113912428827,5.373471376633151,10.78581991434857,16.01268934823226,21.03814077124703,22.97959996713294,24.8755865596302,25.81298387131775,25.81374751140617,26.53400358950974,28.22941786116997,29.88556140890745,33.87382627677351,37.75388320811738,41.55862536474529,43.04205099528262,44.50209088812275,45.22957588649473,45.23017753465297,45.80257326847477,47.13624232664674,48.4566016322573,51.6528214033038,54.78628804722409,57.96954970146741,59.24712440129481,60.49874757079196,61.11512572431624,61.11564696836821,61.62370475536017,62.80054463982992,63.95415336320193,66.76753213656293,69.57273301724655,72.40205568029556,73.54446945038693,74.68152455532214,75.24553093989765,75.24600455893658,75.70793722947053,76.78126984348548,77.83418481936086,80.42785200302706,83.0333725593113,85.6744159727916,86.73675642637393,87.80427825844352,88.33930578303983
5.0,7731.200000000001,2.9,1,1,2,5,0,0.8840617566010197,2.98690651174848,5.083336858128646,10.24532972346277,15.32714810679254,20.31485832157193,22.27192643362157,24.19558308207769,25.14884777739848,25.14961197726224,25.84259399612359,27.46477152683497,29.06315285760468,32.97001573259037,36.77853570594127,40.50083998802646,41.9706077628291,43.42624192716275,44.13879874765536,44.13937193203905,44.66877200439061,45.91353680781205,47.16686970684276,50.26021737786878,53.34077932764901,56.4089476044645,57.62168537226147,58.83563935623247,59.43954076695299,59.440035717805,59.90704450314224,60.99887163099929,62.08686547139485,64.78249166091445,67.51551730499527,70.33479385176771,71.4785066602999,72.61756616395296,73.18315569376603,73.18362510072805,73.63003807136039,74.66797560248625,75.6935535881647,78.23373130796577,80.81025336700942,83.45135013334158,84.52514450489892,85.5999990056323,86.13549115253518
5.0,7731.200000000001,2.9,1,1,2,6,0,0.7905212752930818,2.652548233550331,4.547259304886449,9.323375812392541,14.17162095467333,19.03367038020965,20.96112188210171,22.85219565162875,23.78572452060073,23.78645758014099,24.41408604991144,25.88040455295963,27.37291370364672,31.11226211545513,34.87573761474776,38.68094479104603,40.19730550631091,41.69566144301645,42.43864057974609,42.43922594492809,42.94754545958273,44.14421713896059,45.3618329489527,48.38862593832335,51.45184806562021,54.57987925122906,55.83777344149368,57.08654049729049,57.70965088613011,57.71015233622162,58.14687842333694,59.15825082784812,60.19282414387755,62.80920331098947,65.52617522861826,68.38000838320951,69.54286383299069,70.71067220827953,71.29358382899646,71.29405150751083,71.70486658096132,72.65931360835015,73.63214330519364,76.09925825241493,78.62977704639599,81.22180743447004,82.28064739173487,83.35539457095467,83.8941620087603
5.0,7731.200000000001,2.9,1,1,3,1,0,0.4937888574840297,1.655068354104432,2.835129024062019,5.812000585248729,8.98114863660255,12.56150682935489,14.14478455756903,15.82115509203865,16.69168849397613,16.69231800453397,17.13433495926844,18.15683813968557,19.18484606118555,21.79667778446391,24.55723111799919,27.65978903702126,29.0298070717338,30.45938937449783,31.18838976445845,31.18891617793304,31.56957423148896,32.45280039234694,33.33863610578675,35.57625656414785,37.91599211327991,40.54916486287586,41.7172089269103,42.9565233386309,43.60417466207306,43.60464392521415,43.94044572417268,44.72039674077813,45.50364050108706,47.47982952420291,49.5624220485744,51.94460050390684,53.01557970479853,54.1338874643307,54.70537487365758,54.70579334207448,55.01053506655257,55.70326635800251,56.40716629558504,58.23248683399868,60.16663555742187,62.35809074591437,63.33191499650437,64.35497821439066,64.88601617312713
5.0,7731.200000000001,2.9,1,1,3,2,0,0.4141104340479918,1.381703267102643,2.35906213736656,4.868145837991745,7.497507015745928,10.42442379931547,11.73634589387966,13.18713591468723,13.97871717352564,13.97928198534875,14.35891433623788,15.24673852887818,16.14029409727746,18.40567339224083,20.78723132550822,23.43256172229224,24.60377537637764,25.88039004525923,26.5774716677086,26.57797762417067,26.91096687517822,27.68944724252697,28.49254977104855,30.51706143949288,32.60651914857809,34.91023652965546,35.93964866409706,37.08161539366977,37.70176291733569,37.70220644930943,38.00063576229658,38.70985358635524,39.43092784835042,41.24034278755133,43.13983803688708,45.27039913151437,46.22207513514789,47.27458310230713,47.8444853608535,47.84489481612567,48.12286991794802,48.77785256276184,49.45072416977391,51.16538770516928,52.96362950448989,54.97363106442362,55.87732138203172,56.86191319304731,57.39081834630559
5.0,7731.200000000001,2.9,1,1,3,3,0,0.3356249308649745,1.123795803429669,1.947966122180696,4.036680508182728,6.248913538860067,8.723730655230987,9.816348220827477,11.04904384147757,11.7468277451546,11.74733402102996,12.06303272065028,12.79196264074116,13.55236033415882,15.51301319509439,17.55418366271762,19.78329743586061,20.7722545150098,21.88015828327132,22.50628028820599,22.50672833774784,22.78411355762688,23.44053360212523,24.12302943157452,25.89297645142515,27.75129558099955,29.78325143274557,30.68431445162927,31.68300196335889,32.250394925667,32.25081005406722,32.51214850715603,33.12473929016647,33.75911399369873,35.3929971484287,37.11331202822484,38.99984169822361,39.83785987751639,40.77009850414261,41.29279570097338,41.29317631687628,41.53521696297864,42.10015221103089,42.69030617067352,44.20005286219328,45.78695839709403,47.53178077780171,48.29867645994927,49.15426498058071,49.64310513584776
5.0,7731.200000000001,2.9,1,1,3,4,0,0.275751754066148,0.8964378954198922,1.536080420501831,3.206838223513955,5.062117398296821,7.139696046546471,8.044584742646707,9.045305101013689,9.646302545862072,9.646756340836996,9.90948871933536,10.49495955558627,11.10305191489326,12.67835290077163,14.37084689800033,16.26095623853403,17.08924624917984,17.99965442835193,18.53795145398996,18.5383569266855,18.77412641068224,19.29103756281661,19.8309908032782,21.29058973464173,22.88108542340829,24.63791545166984,25.41281189211402,26.27824799275171,26.78076755709892,26.78113902656214,27.00423488065733,27.50250102292272,28.0205495230462,29.35915216488673,30.79802449943282,32.42439091347911,33.13466349044398,33.9211191852221,34.38515273801856,34.38550316039171,34.59509556261742,35.05265719624592,35.52965722255194,36.79277575548476,38.17022317741857,39.69393136366898,40.35734742813757,41.08955245022737,41.52010270500078
5.0,7731.200000000001,2.9,1,1,3,5,0,0.2325235683661664,0.7321691692646077,1.241459737903359,2.571518498361283,4.061223852141385,5.810046480721685,6.604041191649276,7.464819535684979,7.960718168190196,7.961095350980529,8.186044824063709,8.665455745599687,9.150712303087566,10.41657229882142,11.80547564739387,13.42687624241333,14.15302617954745,14.94384515189538,15.40158398148564,15.4019313744955,15.60975408267336,16.05120653617092,16.50208026322478,17.6660259419699,18.93611055257427,20.451493975493,21.1307307893119,21.86321214526315,22.29251579863845,22.29284354729366,22.48616470714524,22.89809332723539,23.32346934462756,24.4271349824482,25.62929059019962,27.04033352590222,27.68110182382812,28.36614709948709,28.76128045443433,28.76158361159507,28.9433890911907,29.33576878489231,29.73296451955331,30.74838971237763,31.87969882959226,33.21749277368241,33.81917611630326,34.46868970746454,34.84406236733028
5.0,7731.200000000001,2.9,1,1,3,6,0,0.2150195129268728,0.6663913099172418,1.126265701567051,2.292018084297159,3.505837881008717,4.952648401119143,5.633944907141013,6.387288726915381,6.812456501126087,6.812780380679079,7.015914327045542,7.438442866222547,7.861653932445153,8.945765041671788,10.09363260186069,11.45019590863721,12.08708988785633,12.79018913612943,13.18892092654503,13.18922281513515,13.37149056630486,13.75761850451796,14.15039387145712,15.1623389853899,16.23970640024452,17.50131830543695,18.08969005222765,18.72960099343723,19.09272304337352,19.09300044021352,19.26481638679341,19.63413000637332,20.00570798547952,20.9398868823392,21.94647734636262,23.13960710164609,23.69208753721558,24.28927945015198,24.62960980338342,24.62987243692343,24.79019158658751,25.12224396430658,25.45909053005635,26.3120353025583,27.23221026477696,28.34752662695813,28.86626937032609,29.43534204185263,29.75351214753273
5.0,7731.200000000001,2.9,1,2,1,1,0,0.3115750834143053,0.9883401296135621,1.684046408537741,3.434396968551273,5.302754550065863,7.395142293961027,8.296656123118407,9.265996832631615,9.812673765710946,9.813099398491095,10.09794978257169,10.71335796814249,11.34420838013097,12.96155796769286,14.66957922178374,16.54565439474045,17.35809090743343,18.23576688044006,18.72838545367689,18.72876682628738,18.98438828491243,19.53522144114281,20.09951057814941,21.55001376678549,23.0868630007383,24.78305248444694,25.51755930106189,26.29784782766254,26.73458273670116,26.73492580489348,26.96231856712325,27.45090670428091,27.95274205559496,29.23304441971335,30.60472682831417,32.14937921279309,32.81977567147253,33.5256097164048,33.92211532771417,33.92242789936167,34.13222011225397,34.58978132438558,35.05315006798505,36.24801902637792,37.52238188660412,38.93081147708506,39.5543644372448,40.22295016857873,40.59371386624499
5.0,7731.200000000001,2.9,1,2,1,2,0,0.3675790036299283,1.179991808058951,2.015243456511969,4.147018337360805,6.389659362534788,8.85429223189805,9.897646426651663,11.01875952469595,11.64697837680538,11.64746120745852,11.97983764308576,12.70958106174749,13.45451754391166,15.34502275553262,17.31016388950292,19.46750917262397,20.41763519113325,21.43576606737291,21.99434012885817,21.99476884978565,22.29140695189697,22.95482700207013,23.63108039556435,25.35809907939982,27.18694278363183,29.16953263337056,30.01295454844466,30.90377198898624,31.40150617804131,31.40189812341034,31.66914330367003,32.24666293767545,32.83978167857588,34.37452723111262,36.00198400206982,37.77297620210382,38.53545233539024,39.35837865620422,39.81619045510335,39.81654778566408,40.06385508235447,40.60286544966475,41.15348260808624,42.57624358594637,44.05956955826626,45.66559843626612,46.35877938293013,47.09981133259158,47.50889236836419
5.0,7731.200000000001,2.9,1,2,1,3,0,0.4329190207025095,1.41951312087104,2.419035317111516,4.93679620531293,7.573706296695908,10.39835097878171,11.62035824130959,12.93619547195675,13.63886653015065,13.63939790202044,14.02328830800596,14.89429877327376,15.782134483223,18.02135266653645,20.30521302946625,22.73302164397508,23.7713474973162,24.88496728769871,25.48939782056849,25.489860774007,25.82266379600388,26.57305475543451,27.33531221671608,29.24189450147278,31.2163778498302,33.34745226567441,34.25847843917848,35.24146683524172,35.77642585515073,35.77683355841324,36.06916814882211,36.72479001718104,37.40346693666498,39.10852826732255,40.86090985358955,42.79291177538281,43.62438850641229,44.52884962657887,45.02304927917757,45.0234247468492,45.2971175453687,45.91022827038436,46.53869223687521,48.16134175880722,49.81802726812174,51.6105594624347,52.41036289650547,53.27037644628982,53.73774798609134
5.0,7731.200000000001,2.9,1,2,1,4,0,0.515036511629898,1.680790407879199,2.857166171428128,5.805096790712378,8.842956320362,12.1000705545516,13.49986743619665,14.98443531498852,15.76431785686499,15.76490850999824,16.20420305580539,17.20609256250001,18.21360633148391,20.75045806425065,23.35912164338297,26.14419623473106,27.34840994564631,28.61731579837645,29.28266268892677,29.28317402713002,29.67101111667469,30.54065713450723,31.40884273842565,33.59609413099825,35.82791008201728,38.23375697130616,39.28751317675272,40.40488974438109,40.98601072106,40.98645026426198,41.31955240545816,42.07551008182605,42.84026790552576,44.7618761654268,46.72085453426021,48.84595491925067,49.76813501978314,50.74423312335756,51.25624267357617,51.2566341281516,51.55860896621091,52.23968599468205,52.9235588299271,54.6469732701253,56.44133897591683,58.42907170874433,59.29736205443228,60.2229501383317,60.70982043016423
5.0,7731.200000000001,2.9,1,2,1,5,0,0.6012962707492971,1.950000426789543,3.312943451017134,6.729231596602613,10.24299126245283,14.02679267958167,15.64080848262477,17.3028335597079,18.14981286444201,18.1504678106804,18.66243279907425,19.80174759336685,20.94040266804782,23.77428902315706,26.69513148728247,29.8481275322575,31.1840178665657,32.55096199892733,33.24883917075416,33.24938834834133,33.6861295247537,34.66096970351796,35.63684767586778,38.08234926733853,40.59885503724166,43.30811706729304,44.47482072128158,45.68050712486049,46.29800470422617,46.29848609388609,46.68081103715848,47.52459742596231,48.36290293215492,50.50813117825238,52.73890145914472,55.14663332996695,56.18340907751836,57.24946451233197,57.7903433520619,57.7907653964164,58.13059169848882,58.88985337414992,59.65087395758803,61.5856227086741,63.61216426953277,65.82521719072099,66.77657713825984,67.77363414772454,68.28894371902138
5.0,7731.200000000001,2.9,1,2,1,6,0,0.6821525583030904,2.205523857025578,3.760039660931194,7.643792803787915,11.63200240479846,15.85812336734628,17.61179567445996,19.3818549402227,20.26654505590156,20.26724872299894,20.84534680904233,22.12498729301345,23.40078656721231,26.5997409813816,29.91563401813188,33.42337285261834,34.8818495953178,36.3388553846004,37.07015184039003,37.07073717312342,37.54954529659273,38.60777612219469,39.67534796801193,42.37164439168063,45.15522338681481,48.09554538387802,49.31943346706173,50.5509576425798,51.16906227525004,51.16956370479451,51.58457346170231,52.48962621288096,53.40927880917521,55.73801729428048,58.16064326539529,60.7645932880617,61.85746414707653,62.963820098031,63.51934458789659,63.51979590275884,63.90312728688882,64.73973096879905,65.57355741892475,67.68854011118351,69.89781853394857,72.3043507613719,73.31733763212607,74.33906777143262,74.85128190367658
5.0,7731.200000000001,2.9,1,2,2,1,0,0.9450614358536791,3.122504895341378,5.28166999025179,10.5525057628203,15.70922942810602,20.79300024079355,22.78486058699444,24.72277342953185,25.66984441943061,25.67062911008697,26.40520622423852,28.08003866537181,29.71691468728276,33.6540270585386,37.54358091193667,41.41343205332959,42.94073942150978,44.42721374364118,45.15838707074357,45.15900687802812,45.74572491361813,47.0775736960629,48.38342054330728,51.57458336066709,54.70893382698119,57.84680846292535,59.12350240484523,60.40052460255264,61.03183378207694,61.03237022880404,61.54516616563604,62.70383048000735,63.84383840575797,66.62813985405398,69.41955175310912,72.26697933039559,73.42130439876124,74.57999601264989,75.1537061211331,75.15419271611776,75.61725845730909,76.66592910095565,77.71566214977825,80.33425620399898,82.97713697776953,85.65970570953544,86.73972350558245,87.82383983671035,88.36204276202308
5.0,7731.200000000001,2.9,1,2,2,2,0,0.9815909258236422,3.244297893046217,5.478209049773834,10.87449399975752,16.0347249727172,20.99832464990266,22.93312059990275,24.82227904261677,25.75139452082633,25.75216868108396,26.49253566920413,28.19216352836926,29.84112181901132,33.80856465721362,37.66740543017393,41.50342561038335,43.03766096028085,44.54146298633988,45.28080618186738,45.28143443388585,45.88956939283929,47.27140765253921,48.6149002928564,51.8694356983837,55.05244498500393,58.17931796955386,59.41994519638073,60.65672166838232,61.26302309197376,61.26354286396552,61.77109290178591,62.91771942720668,64.04988756902537,66.8277087938741,69.58912313779224,72.40167987779046,73.54266381641739,74.67804764664898,75.24644295394673,75.24693522738163,75.73231318510096,76.82307980930301,77.88440972304744,80.52256673580001,83.15233427525388,85.83602903409337,86.93036242906985,88.01560955355652,88.55525707104664
5.0,7731.200000000001,2.9,1,2,2,3,0,0.9751760656011379,3.240801301712283,5.485158990522192,10.93743898078477,16.15977269410727,21.15752821379211,23.09939079843072,25.01586233958301,25.95992837495162,25.96071512745802,26.71810504237669,28.45552658468391,30.14034928439364,34.17458638757826,38.04783876547524,41.84867581373499,43.3473930019867,44.81991311404376,45.54042499974053,45.54103244493734,46.13429919429234,47.49609883434582,48.82523096738257,52.00184067876383,55.12918075302069,58.27263263957961,59.51448712554939,60.74251450793097,61.35279347452669,61.35331580440126,61.86476533499255,63.02749932043751,64.17046318766165,66.96510266899804,69.74102682496425,72.54151002991324,73.65554291637568,74.75976903063805,75.30673706078832,75.30720805788087,75.7742363427915,76.83563069604591,77.88311441193524,80.4721304002872,83.04732050002717,85.67403966619409,86.74110204584741,87.79732878063648,88.31898385656906
5.0,7731.200000000001,2.9,1,2,2,4,0,0.943257870210546,3.168923357727038,5.375580492155253,10.72615728731365,15.85611882299773,20.82662056379449,22.75948690684996,24.66160965775288,25.5984191144247,25.59918050405675,26.31622726854049,27.99492526474035,29.64109433610977,33.61746562687885,37.52014676795741,41.33508202385988,42.84248583863845,44.34505443497321,45.08944350793146,45.09005980557617,45.66996214564868,47.0175501712625,48.34797825952985,51.58754143388715,54.8087191156344,58.00983559457253,59.28920111943612,60.55647857530536,61.17858064205481,61.17910211935517,61.67976159711318,62.84353109182194,63.99088064876651,66.78475540242559,69.60255526417241,72.46456617621253,73.60959115491497,74.76020635160691,75.32784693189645,75.32831799715228,75.78978565288702,76.85637843174385,77.89067888158714,80.48425001139604,83.11639191399144,85.73573870216005,86.78377538618764,87.83327845914945,88.35811386227742
5.0,7731.200000000001,2.9,1,2,2,5,0,0.868723220499115,2.93930554253794,5.009825135187445,10.08098751121763,15.06826846906884,20.02006664937659,21.96498926400049,23.84749970628389,24.77510220621376,24.77584987534182,25.45452302694313,27.05992221854522,28.66321902692502,32.58071392175145,36.43173814303941,40.26023354270958,41.78186461266637,43.29260926673153,44.04391337275629,44.04451719022755,44.60043694218189,45.90549393004881,47.20172518909288,50.38998672018568,53.56141672159155,56.78026732857016,58.08718674601432,59.3894495007512,60.03073757757592,60.03125893421083,60.51636199765973,61.66147752121763,62.80791505958195,65.60939031134873,68.40239581608748,71.21897486597108,72.36014115089395,73.509865208289,74.07825049411326,74.07871881182433,74.5233559979876,75.56989008096402,76.61059770380862,79.15982196188016,81.75707757992953,84.42526275107318,85.49588654645159,86.5591167704021,87.08755811272493
5.0,7731.200000000001,2.9,1,2,2,6,0,0.7801738469912906,2.620751028155934,4.516384582679224,9.269561246685026,14.07374422527198,18.87219449245826,20.77838693940008,22.6642859254307,23.58491273294131,23.58563139049658,24.20373321651348,25.65147812408163,27.12737804620402,30.79765332202741,34.51569746887101,38.32202117503995,39.83617279305707,41.33162201979176,42.07706100281089,42.07765479508885,42.59066386756611,43.77452110524117,44.97879472863168,47.98025857381025,51.03023843797887,54.1491830680778,55.39935665026411,56.63813110491042,57.25388864066946,57.25438628081041,57.68887751816595,58.70002328800099,59.72750341883251,62.29642353386352,64.97302339322357,67.81077346637197,68.9698136411304,70.12482487148425,70.70157578045735,70.7020440732198,71.11892781224685,72.07420243817214,73.04497242159219,75.50983575155847,78.05080493267484,80.67058033283563,81.7290028334209,82.78870036834466,83.32373781247296
5.0,7731.200000000001,2.9,1,2,3,1,0,0.4875044083165761,1.627402287178843,2.786663741564053,5.724374756784016,8.813319678491837,12.32811310395688,13.91070493647899,15.58892286311454,16.45681589493094,16.45744447822952,16.90266784374077,17.92178985348561,18.9461584593118,21.52266102464432,24.22576820146739,27.29655312932173,28.65302375463218,30.07948312742563,30.82021147699531,30.82074758218281,31.20242889612667,32.10004178195426,33.00609004388123,35.25526126464138,37.60819098755986,40.25502553116105,41.43103058132835,42.67143907914634,43.31317607096502,43.31364641924361,43.65443338965709,44.44604296368303,45.24874882202081,47.25714389107352,49.37478150092136,51.79325420893338,52.861715105287,53.9848268725208,54.57188000810287,54.57231172908273,54.88344773553469,55.60469240044301,56.33033800676824,58.17501223445987,60.1401992525069,62.39136759252968,63.40069230439254,64.45607848783345,65.00177024370375
5.0,7731.200000000001,2.9,1,2,3,2,0,0.4075728370929136,1.365067432638887,2.338204260494803,4.797418179828128,7.374137277226197,10.27597786674961,11.59788077053744,13.04512993035482,13.83003437676629,13.83060065215663,14.20046439203688,15.07129008105628,15.96715172843629,18.21535964364003,20.52272059072757,23.08259536374038,24.23218405530744,25.50947041048436,26.20083805172317,26.2013298182111,26.52833225666681,27.30654624796616,28.10540169059018,30.08758967861825,32.14348140992367,34.46111428411017,35.49375890442715,36.61950814789172,37.23524622114621,37.23569051387878,37.53284503108451,38.22496648851544,38.92915710541681,40.72121514069197,42.59219775637337,44.70403642197235,45.65501447169083,46.71370838215512,47.28307834796356,47.28348669889994,47.56579846161637,48.21950411148623,48.88593067818295,50.58564704233334,52.37961555179812,54.38434954898875,55.26609446657981,56.22646014666341,56.75065603540094
5.0,7731.200000000001,2.9,1,2,3,3,0,0.3306588438776275,1.105834207497333,1.921841225352308,4.03478454671777,6.273708098294835,8.712809968895893,9.78506237333995,11.00833349408931,11.70523622377108,11.70573375501562,12.01128797979994,12.73188642964067,13.49160719488951,15.44121633379836,17.47463668335977,19.68064279441036,20.64564546457238,21.73745179636364,22.3561378783787,22.35658207893846,22.63465228020226,23.28659068472877,23.96484529553388,25.73414134921895,27.625404791307,29.67376727849182,30.56526523054993,31.55126078016709,32.10805818440407,32.10846547998192,32.36513847443628,32.96127775360139,33.57816344597111,35.15424067891618,36.81694575468769,38.68369221218415,39.5033243508793,40.41938674233699,40.9374696279522,40.93784556120501,41.17903523118498,41.74112114651896,42.32538023163352,43.82021082742198,45.38272796548966,47.08963132494205,47.83682375957952,48.67588612356572,49.16099764160149
5.0,7731.200000000001,2.9,1,2,3,4,0,0.2751227648234069,0.8999056387659264,1.54359367395407,3.214636073706249,5.03558942478154,7.069472357819531,7.964963537309685,8.968245698028197,9.550552818138918,9.550984671495229,9.809898154087643,10.39022902922601,10.99142133254509,12.5614978061995,14.28400934534031,16.20890574805451,17.04366128800868,17.9731166620606,18.51720392739173,18.51760530911708,18.7532188428741,19.28353772083998,19.83904733848109,21.28171860932418,22.83365061023844,24.57934445657393,25.35371917249297,26.20484330082201,26.70426996009074,26.70464232471724,26.92231435445513,27.41628247585704,27.9299002980203,29.27144831998703,30.71877019946063,32.33677487245681,33.06020270111163,33.85766092689349,34.32123702657534,34.32158537076388,34.53091020119117,35.00127358085302,35.48800479036176,36.75620260424999,38.13525003337745,39.67284758762733,40.34789501318883,41.09633696308693,41.53478252287738
5.0,7731.200000000001,2.9,1,2,3,5,0,0.232144366794418,0.7332597023886857,1.247658919040204,2.563889065511379,4.037277933424775,5.748756871524224,6.50452856415705,7.346980510861593,7.836761159674107,7.837129096001624,8.056283392808455,8.531124963490788,9.021356524102384,10.28192785104197,11.68244476317792,13.31902644357369,14.04224861461633,14.83657282085687,15.30042770765355,15.30077714052404,15.50669458583514,15.95011712828678,16.40598136522266,17.58644460424009,18.88782063021022,20.40206792136434,21.07663981563063,21.8135435406858,22.24475732601854,22.24508528152325,22.4392651429629,22.85300984836051,23.27528098400438,24.37974884316956,25.59211969126498,26.99095382387099,27.62232242405481,28.31677252490521,28.71484667281925,28.71515017717026,28.89625990366565,29.28171449997025,29.67805289871931,30.71650682595057,31.85638976310171,33.16157469587158,33.75528299109012,34.4031840657956,34.77449624034893
5.0,7731.200000000001,2.9,1,2,3,6,0,0.2134356178991932,0.655838345084806,1.104056263913766,2.264230158168062,3.478704201897102,4.923480694721166,5.609642055452993,6.363046611556355,6.787423731037864,6.787746967001716,6.988841348857597,7.408272105991588,7.838703762649241,8.92427348933113,10.04890564120658,11.39424764282497,12.03335333731598,12.72283740006934,13.10865180555192,13.10895080398238,13.29630479654842,13.68490535203235,14.0786098083839,15.09428033902877,16.15745735575814,17.43306050803585,18.03686965379414,18.68104914936486,19.04262473635972,19.04290492608514,19.21789341596955,19.58308130330879,19.95050963636304,20.88203650848373,21.87052619938303,23.05074378435322,23.6064174175444,24.21123192534461,24.55033297581813,24.55059342252824,24.71302127121391,25.05173079455629,25.39410995555121,26.26222800450262,27.17219689903175,28.26884765624853,28.78601817127326,29.3443618678557,29.6611816922241
5.0,7731.200000000001,2.9,1,3,1,1,0,0.379924551885401,1.193347102256881,2.004876862376197,4.052462440914802,6.159911991350965,8.425280124760414,9.404099313238268,10.43378223342724,10.99240692238959,10.9928549925101,11.31870243591439,12.02421438856699,12.74022178275263,14.5313268907401,16.37656820234694,18.35814303306315,19.19751685371003,20.08596039296748,20.56894321855248,20.56932957202606,20.85554389433893,21.46725947421333,22.08732752095796,23.64651842857998,25.24822849984471,26.97255318608933,27.71715341401114,28.5031302500403,28.93091459415275,28.93126072920763,29.1830986107166,29.71662729195022,30.26097381074062,31.63729745039427,33.04218528841701,34.55590378197031,35.20377379905389,35.89537078619662,36.27602011259741,36.27632461206576,36.49900748389351,36.97791996891967,37.45815997941844,38.68721301394501,39.97177492350061,41.35312875199637,41.94744490273665,42.55945470158839,42.88896162067473
5.0,7731.200000000001,2.9,1,3,1,2,0,0.4331873502838999,1.377790552858432,2.344813620312316,4.768355161316312,7.208204741605671,9.79703076509497,10.90372026447316,12.0801674161975,12.70272748321696,12.70321980685722,13.07689114946784,13.88459027302072,14.7046918315142,16.76680246547564,18.875480310073,21.1004849150126,22.05087437948134,23.05859276377761,23.59680175981062,23.59722989625318,23.92217960462972,24.63079140728144,25.34793581783426,27.14259276112634,28.96638152345594,30.91566973180211,31.74279945221241,32.62637301305534,33.09993758421674,33.10031340924305,33.38737021509055,34.00803173736425,34.63988346202866,36.21428261931581,37.80890339268245,39.51716798841288,40.2509356430302,41.01961827269221,41.43090909641823,41.43124086263951,41.68030530882264,42.22250106961275,42.76914416352356,44.14647070676465,45.5728547791176,47.10496262761551,47.75662988980743,48.45402790413429,48.8357129636541
5.0,7731.200000000001,2.9,1,3,1,3,0,0.5053402419342576,1.618336125377861,2.737644380389616,5.517062550026147,8.334122951024334,11.30727381393406,12.56281977552879,13.88637545059795,14.58020945406043,14.58075606607009,15.00467829709287,15.94537041627913,16.90501841988829,19.28528220582636,21.70386105782363,24.26508897940883,25.33860951945645,26.46082807943723,27.05484235060859,27.05531646331545,27.42691938922968,28.22839442796165,29.03142772489063,31.03643383098769,33.06249824425828,35.21281918598024,36.1176821803401,37.06638023977983,37.5672394579682,37.56763715090963,37.87835182404259,38.56369301881345,39.25584629946775,40.97447357727692,42.71467266447471,44.60445119756275,45.41673717303616,46.26059288455581,46.70589274794921,46.70625112791862,46.98715088122195,47.59694203486031,48.21583490583014,49.79689763875266,51.42478153522854,53.15367161221164,53.88609040812128,54.6532970072637,55.06108584008506
5.0,7731.200000000001,2.9,1,3,1,4,0,0.5891020161609155,1.894718421526237,3.207725697909944,6.462757163253824,9.70979161966781,13.11161120830571,14.55000146462388,16.03460931280509,16.79841603188952,16.79902744000177,17.28901538538779,18.36288703692311,19.43268379964439,22.05564228150146,24.70758792220792,27.52010522748954,28.70336491738471,29.93668006773057,30.57122975738254,30.57173058044583,30.97560100809198,31.86457307449321,32.74830902190267,34.96822996032198,37.22496025765424,39.55628918027006,40.53733426345818,41.56353871085433,42.0985213270997,42.09895261356745,42.44669517358881,43.21046700995665,43.97579985486152,45.87410817748026,47.822003359404,49.88994111507677,50.76079210223142,51.66957796358466,52.14024927897264,52.14062854661601,52.44792933955521,53.11852143562161,53.78956991545711,55.49182040588228,57.23666384271059,59.09668664774177,59.88355482237387,60.68952508925538,61.11182488814418
5.0,7731.200000000001,2.9,1,3,1,5,0,0.6783818462784502,2.16075409242218,3.637828343164708,7.303533373545791,11.00209167331998,14.84251577829549,16.42299269919313,18.02895280620952,18.84223272294827,18.84288914092232,19.38588720716911,20.57423114818786,21.75747542203187,24.67730317295925,27.64614111989619,30.72493724527272,31.99371710247101,33.29508693705542,33.9556014468804,33.95613219289658,34.40489336882174,35.38987539109096,36.36099723079577,38.74590500332781,41.14806248413857,43.67254143154567,44.72538906777945,45.79815484961227,46.34443254025334,46.34488129100187,46.72178423222153,47.53966055924862,48.3512266367551,50.38581381183428,52.52580180614839,54.81803629914108,55.78029533244356,56.75419574789635,57.24430196664997,57.24470558273555,57.58626219874597,58.33201048600385,59.07487970524842,60.93947596999978,62.86776760403159,64.94175312754889,65.81406308479316,66.70976471314594,67.17220982390778
5.0,7731.200000000001,2.9,1,3,1,6,0,0.7648689224579005,2.425752758218843,4.093988390197487,8.207860569628433,12.2884390299776,16.48217737038951,18.17474033832378,19.85964070913397,20.70286774077212,20.70355539357776,21.29443139489223,22.58261821308324,23.86661023845307,27.02084715072091,30.14836518570881,33.34793827035267,34.67189556164072,36.01666954418669,36.6818213291102,36.68236681168003,37.15612679400981,38.1902495535791,39.22061538611094,41.73319459832234,44.256097020448,46.88195548829788,47.96449454726684,49.06526297648042,49.6220109286882,49.62247974975062,50.02892030313978,50.90809804252557,51.78738238359312,53.98506063353871,56.24446308801578,58.58419547488092,59.54162417460979,60.51152235433073,61.00104453567372,61.00145593209886,61.35948778197559,62.13246632043966,62.91397674614083,64.89463267410495,66.91277862124994,69.03551204842061,69.92004906461155,70.81902739648501,71.27507776694755
5.0,7731.200000000001,2.9,1,3,2,1,0,1.001355152241891,3.227463877234989,5.404458623531279,10.647664047395,15.67648375276397,20.56267466242068,22.49195009745128,24.38063034715675,25.30498292505403,25.30577555763971,26.05415517822309,27.70908816025822,29.31451357787124,33.18623095604433,36.95354586344926,40.63249248081598,42.08083351730479,43.49843813499388,44.19638236768352,44.19698781454817,44.77455402999339,46.04411612384155,47.27413097433038,50.23855609222336,53.11692123969138,55.95584767612901,57.0951132805277,58.22132024964436,58.78015868704521,58.7806534012132,59.26025824879427,60.31815613762151,61.34991787382256,63.86924346001109,66.41544567274812,68.99701698785506,70.0326221141282,71.07319710068046,71.58837988587874,71.58883468433999,72.03535901237169,73.01338361055436,73.96718210693118,76.32259627940786,78.74098038153333,81.2509130363988,82.27138637433212,83.30065933158193,83.81274793015145
5.0,7731.200000000001,2.9,1,3,2,2,0,1.023887945417267,3.314774397314712,5.557997951581218,10.88678095453592,15.94874971567789,20.83747280015783,22.73084475964183,24.57924697442762,25.47518633243642,25.47595415202644,26.21506143885812,27.85210935077983,29.45039838080378,33.31712187379101,37.08942419621727,40.76147785189223,42.19877778770716,43.62868305362253,44.33369433287756,44.33430742667987,44.92558277623124,46.23021169302007,47.5193043384056,50.6168912778725,53.58216019051764,56.49073741756482,57.6563893265455,58.82296198778832,59.3949769651767,59.39548128820267,59.89415803291122,60.98688218354597,62.05109108333442,64.65584049378779,67.26505449460134,69.9007056812875,70.95575147998295,72.01063625271881,72.53308322685885,72.53354899226477,72.9935927431026,73.99750987037244,74.98041995039922,77.40298369559089,79.8016462369361,82.20362339571783,83.16949969204332,84.13983773060832,84.62324076113246
5.0,7731.200000000001,2.9,1,3,2,3,0,1.029731057380872,3.329663115512231,5.599104421373738,11.05239883357291,16.23679936617398,21.22085393799622,23.14313269938273,25.03738725588211,25.96834993485723,25.96913907239526,26.72342849445715,28.40066754553264,30.0391137619499,33.98381615630431,37.74110168456246,41.36563759897925,42.78514406223823,44.1778261845355,44.87084324130794,44.87144657903418,45.4524911557399,46.74615580245804,48.0132592254646,51.08641038194493,54.09961862635961,57.11462466111944,58.32666301037248,59.53660789732461,60.13676492605336,60.13729083591365,60.64933659762508,61.78444244795207,62.89644503423418,65.60806459667755,68.24915779505724,70.87012547386374,71.92192911264358,72.9682215110499,73.48732391151579,73.48778656628859,73.94657880810288,74.94955112491684,75.9316605522499,78.3639821793309,80.79424042725539,83.26442728792813,84.27082286685125,85.27600545011954,85.7729751694717
5.0,7731.200000000001,2.9,1,3,2,4,0,0.9980687663592547,3.255399243226428,5.463253279035264,10.77920748525976,15.90729898736294,20.92410568804825,22.89236658972223,24.80802301913146,25.73299130287808,25.73376754705504,26.47615627901025,28.14525157324744,29.76939985366025,33.64564508833602,37.38612444745566,41.06223955647118,42.51106564309467,43.93646368421848,44.63630204196978,44.63690520510561,45.22057202155776,46.51590644090275,47.78170824988531,50.84659854579073,53.81694593426146,56.72097298169811,57.87054419757963,59.02444727390923,59.59507931708359,59.59557253014012,60.08017343727968,61.16873572011696,62.23394918472319,64.8398719522318,67.41028404351327,70.00321889193356,71.05606071126059,72.11750754566302,72.63948846407419,72.63994026806797,73.09216101211425,74.09771566521023,75.07846309170401,77.51138254326327,79.94082045338254,82.38044141425719,83.35619502630004,84.32333226823276,84.80508830693442
5.0,7731.200000000001,2.9,1,3,2,5,0,0.9507566847936996,3.095918146726717,5.204844756667473,10.33900542912886,15.32372619904901,20.14586345770542,22.02160107323293,23.86118422492164,24.75804800924741,24.75879101424607,25.44890004774365,26.99707814865884,28.51920174168633,32.20857087871124,35.82861152669843,39.39508015901072,40.80347884769461,42.19701615514622,42.88166749098922,42.88224137473529,43.42006204673891,44.63432372344079,45.82973322975255,48.74856490821315,51.61687856147043,54.4810784071459,55.63708811495373,56.80054181570311,57.37371806695845,57.37420740263262,57.84536106544066,58.89749412921461,59.93543194328015,62.48213092318293,65.05240463408064,67.69964026546928,68.7607936914333,69.81519699655001,70.34322042033588,70.34367368471425,70.7737982083223,71.74302406513364,72.7110834074528,75.10114936782131,77.52017717850175,79.98904655972456,80.98046947058553,81.9731977360994,82.47087413056587
5.0,7731.200000000001,2.9,1,3,2,6,0,0.8669643967718321,2.82766691049893,4.784635698241562,9.600006350653956,14.37707271367991,19.09879359101485,20.95851569358936,22.78142801076097,23.67817089662985,23.67891098707321,24.33702330564977,25.81004643034972,27.28250169929168,30.90810684480406,34.51655514242151,38.12971639317762,39.56038886249242,40.98835791815056,41.69846869398437,41.69905326889298,42.22634757146117,43.41798128115597,44.61448538119217,47.52125548712638,50.36768727280529,53.25812960649255,54.43246179250102,55.60611672496004,56.19135445096114,56.19184314853833,56.63333173450054,57.62155998602356,58.61783037743437,61.11635376054048,63.63451189811983,66.23928012614175,67.30559801662596,68.37005701427881,68.90276725881215,68.9032223137193,69.32105833511945,70.24401895802026,71.16077265431075,73.4266155750505,75.72089073921072,78.06833735136807,79.02175337572342,79.9787766853175,80.4567851152669
5.0,7731.200000000001,2.9,1,3,3,1,0,0.5967316736982052,1.929325482065278,3.256136814936679,6.585670352401536,10.02584618938377,13.72753232480313,15.30185780439202,16.90516398722885,17.73091764053735,17.73156142980711,18.22754217591096,19.33123840242261,20.43820048088638,23.1856211592092,26.00601562974627,29.05546964221536,30.35686484150906,31.70776129733456,32.40525716426605,32.40579956285402,32.8265524048967,33.76688825310715,34.71872770849185,37.07298720625332,39.47568606923892,42.0724456482761,43.18560716793157,44.33982432809992,44.9301785416231,44.93063986301296,45.29338399153325,46.09926101065327,46.90786635293923,48.92397946800992,50.99981609831654,53.26759974594607,54.23357777572664,55.22793512880708,55.74242232971004,55.74282823554211,56.0663474560296,56.78257241043363,57.49987612309447,59.31170937158494,61.19614393989706,63.24470428200851,64.12896359291275,65.0484781812218,65.5218660607198
5.0,7731.200000000001,2.9,1,3,3,2,0,0.5076130214122833,1.6431662867369,2.786639511942145,5.65260599339242,8.570557271780967,11.69916859813864,13.04471789779518,14.47627435385844,15.24034360558971,15.2409265396024,15.6673010499185,16.62824646922625,17.60374733708659,20.03413870188477,22.49199476045193,25.12365407407167,26.26452882295103,27.46749420820054,28.10301789894455,28.10350829113355,28.46915811338945,29.2832699788621,30.10785736025759,32.18360437566487,34.29157076117901,36.55514279980089,37.51980782307484,38.54122997422822,39.08511192938043,39.08553161366525,39.40177965352456,40.1037611557025,40.81405232554852,42.60105693244045,44.43227814855803,46.41260509258107,47.26345108414043,48.17567707996113,48.66374047637355,48.66411761391143,48.94906877779458,49.58761467073819,50.23321061181431,51.85582777148127,53.53305627785294,55.35989922725558,56.15120285736745,56.99754867058131,57.45214407579881
5.0,7731.200000000001,2.9,1,3,3,3,0,0.4275336474977593,1.367505984805558,2.331726297652266,4.788751678633605,7.306827857328235,10.03812898411683,11.22078786826503,12.49451436388506,13.18930338859683,13.18983480625416,13.56732376034529,14.40018529215846,15.24464871398522,17.37275930765389,19.56363064285461,21.91880244421642,22.9431047839074,24.04586925263591,24.64099148435071,24.64145100255085,24.97326627415864,25.7134244965473,26.46051959952199,28.33943401174031,30.28002152979365,32.34525849004194,33.23121884672838,34.17971576102759,34.69320941095553,34.6936080434955,34.98387622157674,35.62876404829102,36.28445233174457,37.93383142025084,39.63533553246852,41.46203952312544,42.23547073801675,43.06785062038041,43.52848916966731,43.52884741019302,43.78436827731478,44.35432813322415,44.93411102245899,46.38422075539719,47.91608341170527,49.5791752295988,50.28493112701014,51.04850641226231,51.46524967088806
5.0,7731.200000000001,2.9,1,3,3,4,0,0.3654717956621207,1.160530955588777,1.95550984137001,3.978312930763413,6.107603923772507,8.369510550367174,9.347758799876804,10.42207647251578,11.02021107968576,11.02067690928716,11.34156935546604,12.04065829382447,12.74752661432038,14.52034194860443,16.38566280416844,18.41848939754959,19.29379113806625,20.2298044919639,20.75126384229893,20.75167368611737,21.03531588787891,21.6560073576524,22.28498955477954,23.87154948511399,25.54302328048538,27.34168248239415,28.11323502988373,28.9440925283041,29.40371706966171,29.4040719526162,29.64925105029595,30.18739934703177,30.74041200876515,32.15627535850939,33.63273727475358,35.24666327981873,35.93877346376815,36.68574127884245,37.09694767565926,37.09726652917306,37.3221459923407,37.80995492113515,38.30491990973145,39.58456817246308,40.93600219493874,42.40639793353587,43.04605779865874,43.73268041804375,44.11378366851089
5.0,7731.200000000001,2.9,1,3,3,5,0,0.3062311731458848,0.947719182631417,1.612382511325909,3.316462626970052,5.075219644984275,7.056734916899821,7.918441481140604,8.843529306898045,9.3679318809845,9.368342168956858,9.648444812820799,10.24035868800497,10.83329713600251,12.32647504164674,13.90012969520171,15.66142556000625,16.43095458621714,17.26486185223451,17.72846507459639,17.72883038713488,17.98212394582001,18.52097291477217,19.06689995827947,20.43174359437677,21.87109470861515,23.48631060443192,24.19458582038717,24.9457950255338,25.36087635499486,25.3612027399206,25.5834397114027,26.05775783828531,26.53701634562989,27.75653382227415,29.03838515314202,30.47610656400396,31.10660958724186,31.77858570850438,32.15237160670588,32.15266707394397,32.3555782718423,32.78338011286075,33.21762646701136,34.32590236335287,35.49217781831634,36.80843467346025,37.38682863099221,38.00316174301745,38.34680701264447
5.0,7731.200000000001,2.9,1,3,3,6,0,0.2836133118700646,0.8698259281427394,1.461068129514201,2.9565112262361,4.497231386948345,6.224815631817865,7.00057351038311,7.836204093695629,8.289907874874006,8.290265266774602,8.541576296712893,9.073185999131304,9.604734100174287,10.94088663009825,12.34327126444764,13.895256728477,14.57504634150255,15.31266453083471,15.7219565064535,15.72228021061759,15.9496216874854,16.42742383153011,16.90273081924661,18.09854084954691,19.35177919471668,20.73450445364037,21.34658795245107,21.99959033995836,22.35990240638693,22.3601913186897,22.56448470924921,22.99429560750396,23.41810501124101,24.48743444916579,25.60533941391052,26.84570366287664,27.39765768086725,27.99239071533427,28.32398678251569,28.3242548460901,28.51111400128561,28.89839279660882,29.28771206462569,30.2660938273326,31.28812863025122,32.43453912187152,32.94655861450693,33.48910844183994,33.78555617240985
5.0,7731.200000000001,2.9,1,4,1,1,0,0.3959620869067436,1.236742998158121,2.100361768553787,4.26600384142703,6.459533790116266,8.800297804146513,9.799590365718165,10.85458570129118,11.42316337360882,11.42362107318448,11.76524142392317,12.49353825526674,13.23764951558768,15.11534092628098,17.02434398876782,19.05172198066568,19.89709662634508,20.77538746636815,21.25029580332316,21.2506818575612,21.54268983520781,22.16962520514916,22.80111486856062,24.38266761970558,26.01759642271763,27.73421515237387,28.4557190287166,29.2202850621767,29.63330300478361,29.63363952268019,29.88919698262547,30.4315838067499,30.97991188587182,32.35680302344799,33.7598405868569,35.24917973140528,35.88922411528526,36.56702928932237,36.92971270371258,36.93000913296844,37.1576538539533,37.64050316571689,38.1253074250013,39.35362061493828,40.61919904929222,41.95888031540931,42.53155101047734,43.14382428316641,43.47661333176575
5.0,7731.200000000001,2.9,1,4,1,2,0,0.4535783848128997,1.439023795688502,2.438976501281285,4.960757608527144,7.508589356125065,10.16315730666379,11.26210833115564,12.4145712195967,13.03751292438169,13.03801747951721,13.42169941244652,14.24584027676175,15.08301747363947,17.18390737779846,19.330801940914,21.56748812624152,22.49047105560665,23.45230355319485,23.96652919301587,23.96694702378724,24.29414248228941,25.00582059909973,25.7202107950102,27.50795132278424,29.3256252241597,31.22251378359736,32.0134831691707,32.85063834293985,33.29907073128738,33.29943460069396,33.58677566714148,34.19827049831706,34.8132960791344,36.34175331829674,37.90179930809139,39.56650132420781,40.2704169062737,41.00372101625172,41.39360223386901,41.39392072037593,41.64020841043232,42.16806115377452,42.69862028996167,44.03183064675577,45.41074781857261,46.88286261643089,47.5063510680101,48.16611099312887,48.51536195172014
5.0,7731.200000000001,2.9,1,4,1,3,0,0.532201323444378,1.674863535370906,2.843311117145251,5.783394841557926,8.72323267891423,11.75121505512072,13.02198950384856,14.33531666017338,15.01347460963309,15.01402253146868,15.45257998230332,16.41202809735696,17.37561754627756,19.77330453868428,22.17938290799117,24.65613551894839,25.68150969652471,26.74907445636756,27.31466455622084,27.31512098156396,27.67603888510589,28.46430199600319,29.2485067188784,31.19692442067902,33.16818499776981,35.22179525128277,36.0906948742643,37.00027632868421,37.47959229774717,37.47998365835626,37.79516355755034,38.47455565032481,39.15182404245325,40.84884195375319,42.57621157744016,44.38267001032843,45.13489032285663,45.92082276398714,46.33967172267869,46.34001610825373,46.61656861392139,47.21555961165194,47.81126945497114,49.28370563796797,50.77670667615172,52.34783919508089,53.00743604251138,53.70024498467347,54.06758976730734
5.0,7731.200000000001,2.9,1,4,1,4,0,0.6130524223839182,1.947041148292247,3.286202535649463,6.606657485684836,9.922225245835872,13.35762771373802,14.78167344886714,16.23546549702753,16.98145399049571,16.98206078293614,17.47858594668731,18.55111517431202,19.62219279243942,22.24819761915565,24.8556015654376,27.57444507697634,28.71004697463728,29.87667128069173,30.47623568395868,30.47672545182986,30.88251712574955,31.75777549327907,32.62093997906835,34.76705595878447,36.94674910696047,39.21915927590062,40.16442649627324,41.1426017015782,41.64456685396265,41.64497379365524,41.9829928102051,42.71925326110091,43.451362967057,45.26498107700598,47.13563858772434,49.12733195895103,49.96364511757533,50.83656122729418,51.28900237146861,51.28937255601665,51.59745323005183,52.25984884097578,52.92340718165774,54.59284904266416,56.26291761504093,57.99703098303043,58.73162503493888,59.5019502567115,59.90075716199246
5.0,7731.200000000001,2.9,1,4,1,5,0,0.6957069746228987,2.21566412355797,3.738391963378137,7.468614104100814,11.13056376569307,14.87993796789141,16.44232503692817,18.03687229799143,18.83562389093807,18.83627810099656,19.3960850106652,20.59868298626983,21.78758116033361,24.71517991172681,27.60795943111506,30.56636254219637,31.78824477035511,33.03616139688056,33.67463352079464,33.67516372783529,34.12440928553381,35.09317688826161,36.05851628991865,38.4530300203,40.84229050759819,43.3205213535079,44.34575603350487,45.37994920344336,45.90739612308734,45.90783962560685,46.28855972252304,47.10462818988141,47.91102938012254,49.90670924024014,51.90431495211042,53.99841661450257,54.86747212475996,55.75043048321974,56.20505794175713,56.20543930332133,56.53590643679242,57.25298469896287,57.97215741205872,59.74908476994835,61.5486304343277,63.45366531474443,64.24218637674635,65.04665637974156,65.45773561764518
5.0,7731.200000000001,2.9,1,4,1,6,0,0.7888156899935218,2.50079123610516,4.204863507454981,8.336961287375527,12.42254563704216,16.59252196536246,18.2742408834599,19.93619391078809,20.77162783521822,20.77233345543358,21.38953436507963,22.72131130165246,24.02387233305442,27.19515147144403,30.35182300676191,33.57811543678444,34.88096102227746,36.17634300045237,36.8320784532777,36.83263100191005,37.31225915412291,38.35120546919636,39.38590115247244,41.9294059203316,44.45931218113242,47.04157129969373,48.10828512679904,49.18147816833884,49.71332479986044,49.71377398466485,50.11518533346062,50.98396340472749,51.84135378670664,53.94877929559256,56.07034404877563,58.28226693804567,59.19476432710187,60.12319198105267,60.59096904413706,60.59136783565979,60.94833103816752,61.70525027876457,62.45479448381086,64.3428432288151,66.29047516242106,68.35197804925161,69.19729990587805,70.05960146311993,70.50078110077797
5.0,7731.200000000001,2.9,1,4,2,1,0,1.010841297623346,3.243784268085236,5.443160890449226,10.65335550369517,15.57200149716959,20.33793380967899,22.19624853288411,24.0074619188086,24.90167874842463,24.90246013015564,25.64014159459702,27.24275621046576,28.80956541018816,32.52834436799978,36.07787086409877,39.55993060379031,40.93275330711368,42.28737558741726,42.95308039249,42.95366024181929,43.50474758414891,44.71413011186224,45.90594977949466,48.82404884185012,51.69764013133495,54.51671152604183,55.63460916036061,56.74996098674101,57.3000739100538,57.30056183855872,57.77534017489596,58.81316061892873,59.83189114835231,62.30066614006882,64.76948930434469,67.26857685043,68.27170676047959,69.27791395151262,69.77627579853767,69.77671567255958,70.2039498238817,71.13536037347053,72.04815250660681,74.31506529297599,76.6028158267237,78.90827655306401,79.82874706553277,80.75278318789113,81.21748680216025
5.0,7731.200000000001,2.9,1,4,2,2,0,1.04230253088287,3.345632116095997,5.575633084024007,10.88786246230059,15.9445935316391,20.74159369140485,22.5854108105765,24.40254191299833,25.28571878618178,25.2864803920484,26.021569010965,27.63355770105994,29.19512438652184,32.95076793889533,36.58780040397326,40.09891705962562,41.46235332675572,42.80248447319036,43.46325325007901,43.46383870746814,44.02896570730519,45.2612538448991,46.46647140912209,49.36957776879022,52.20239738933038,54.97217737512129,56.07629069631616,57.17892844552014,57.71833770700324,57.71882117027703,58.19494517295941,59.23579872609999,60.25714216177266,62.74761530792334,65.19982276722867,67.62908382965163,68.59953487764977,69.56530230045438,70.04259874392932,70.04302773022175,70.46702204432248,71.39081475950746,72.3035303657846,74.52182306961723,76.70290063536008,78.92414933059678,79.82466504429651,80.7311320486142,81.18657940182335
5.0,7731.200000000001,2.9,1,4,2,3,0,1.039141150243225,3.337832438862389,5.588030064886365,10.94566029637983,16.00339660251784,20.84844693982996,22.72081579242192,24.55406088744562,25.44785711475868,25.44862387228888,26.1862738932473,27.81070353635812,29.37527274431726,33.12252633448895,36.73300485947137,40.23113899477397,41.59259579516426,42.93022252190909,43.58920168665733,43.58977956054553,44.15675792663798,45.40733673668485,46.63139549906397,49.58723683067858,52.43238148010678,55.25052582090255,56.37804261761542,57.48779551728968,58.03940119285659,58.03989641236315,58.52758702567984,59.59218077751169,60.6233846607043,63.13500665264265,65.6236617657791,68.11990159689532,69.12405339765664,70.11895877991373,70.613746225115,70.61419251985919,71.05504754302137,72.01649021631755,72.95403659144185,75.2523450189975,77.51994181202032,79.80092716462457,80.72541385176483,81.64519280142638,82.10375693899003
5.0,7731.200000000001,2.9,1,4,2,4,0,1.018098017789976,3.2754622476955,5.4999616492902,10.84460483547962,15.9222998620137,20.80202449756496,22.68763651619557,24.51653137633611,25.41301215604809,25.41378191352312,26.14089855058679,27.75091740221248,29.31676010914629,33.0555286610651,36.66311110087739,40.21178473151125,41.60557041422398,42.98066636720454,43.65852826814908,43.6591144253125,44.22667585612516,45.47518584458773,46.69107113730225,49.63027128897377,52.50653548456136,55.37103839815236,56.51343611141743,57.65122884007386,58.2144234894584,58.2149202446554,58.70240477835331,59.77344438270379,60.80859711340893,63.36155878608285,65.92560249830446,68.49724955883487,69.52328006490765,70.53814716963393,71.04500405350052,71.04545300308823,71.48271244537307,72.44112830080823,73.38234382509806,75.71031220459186,78.03845321889348,80.39274156193827,81.34562357927416,82.30306939269222,82.77888693755472
5.0,7731.200000000001,2.9,1,4,2,5,0,0.9572487313744275,3.103531304304246,5.229353419504053,10.32567813014698,15.17232815842607,19.83297142119217,21.64660347944278,23.43265731230114,24.30811888460554,24.30885376932096,24.99642436871446,26.51802816411918,27.99755689569966,31.55021487861384,35.00716405541103,38.44481146235979,39.80375301229611,41.13510372105959,41.79179558694774,41.79235900791556,42.32064769686311,43.49448893261258,44.65107080684751,47.45246630499464,50.24184560498463,53.03170295859377,54.13767444030556,55.24898378694684,55.80590849947251,55.8063893097889,56.26091467138173,57.26569383677117,58.25911182598438,60.68749904171737,63.1137873443999,65.59709690538567,66.59416899803134,67.59517703530838,68.09521549128203,68.09564952717484,68.51335657147733,69.4290043106869,70.33093622065547,72.5592494409658,74.78504466464301,77.0460826352424,77.96873068886389,78.90111398087932,79.36217594314193
5.0,7731.200000000001,2.9,1,4,2,6,0,0.8956619106965263,2.878702682012401,4.849459506864318,9.694021065895502,14.42122403457657,19.02780385082742,20.84491056634617,22.63769438140471,23.52292780158383,23.52366604646581,24.18922920270439,25.65387545740361,27.09338693290139,30.58177873759432,34.00126368536967,37.39200699727523,38.73439055985337,40.07096502980241,40.73203876780586,40.73259851714881,41.24641638276457,42.37328920878718,43.49014572497927,46.23455471855257,48.97511679362967,51.78444311154773,52.9250719941751,54.05516527697623,54.61315750839638,54.61363655938516,55.05760538167758,56.03045646543146,56.99269345024403,59.36903628527283,61.7449621171577,64.1496502540714,65.11701987269123,66.07840578745731,66.56013696699631,66.56055258062204,66.94640098927142,67.79448506107548,68.63574718280378,70.72194655760231,72.86286398897013,75.09567436890933,76.01144701766171,76.92707800101755,77.3794869420805
5.0,7731.200000000001,2.9,1,4,3,1,0,0.631280927166019,2.015733611835318,3.414436657035641,6.876292756678753,10.36788759447563,14.0537998328576,15.57842834904108,17.13660463500437,17.93799864314339,17.93863223113983,18.44613182096883,19.56914237901811,20.68898098363799,23.43985702107907,26.18353955664595,29.08216334056086,30.31031545772839,31.56820621110819,32.21248493112486,32.21300106562882,32.63329442733264,33.5567648783937,34.48023158050413,36.76032529866706,39.07013041801852,41.51199043029811,42.53508173410758,43.59060049142767,44.13087360933385,44.13130666805518,44.48370497121721,45.26337398310125,46.04786076104449,47.97089036005897,49.93272666505707,52.04415777686497,52.93668632002968,53.85251902688802,54.32293686993993,54.32331728830767,54.63520486445863,55.32396480345785,56.01480411685891,57.73411231915171,59.50826092237563,61.4107003930332,62.21294489285673,63.0406824679566,63.46561440113359
5.0,7731.200000000001,2.9,1,4,3,2,0,0.5431512343267856,1.724855604852746,2.911363492096783,5.879471101009015,8.905002221057622,12.0835604297674,13.42043740383307,14.83433804997276,15.58234521396865,15.58293655039684,16.03811807319534,17.02952530170899,18.02388703203256,20.51003484199109,22.99619256524028,25.58620259763124,26.68565384281718,27.84289227439682,28.4515160917697,28.45199683119098,28.82925742483085,29.6601993599385,30.49155415894911,32.54117298044867,34.62970145428274,36.85293446160111,37.79256620611956,38.77803786797136,39.29620802175099,39.29661917789107,39.6190110550532,40.32633869564946,41.03256584322915,42.81382898631458,44.64196047730431,46.58133044666261,47.41003938652253,48.28639495664668,48.74447647610855,48.7448406304903,49.03225119536938,49.66199674708426,50.29466341580837,51.88547540408094,53.52543926416179,55.26864109750399,56.01882287630745,56.81692067598031,57.2364711438487
5.0,7731.200000000001,2.9,1,4,3,3,0,0.4594627934857784,1.460662264415246,2.468962110538957,5.013727416239347,7.651624915061703,10.42451320117788,11.59286021454284,12.82766371909529,13.49079997079274,13.49132628595849,13.88370578597272,14.75009012105239,15.62539671731311,17.8038068797137,19.99477686932014,22.31317017507792,23.31266590813745,24.37043615372535,24.93539679394869,24.93584374319828,25.27139839043668,26.00408316045495,26.75127213740321,28.63402635405741,30.55308877273305,32.56602534180579,33.42076429280317,34.33019944244812,34.81933306648629,34.81972265087335,35.11500275594749,35.75677924281548,36.40176239398522,38.02607125618393,39.68260052766866,41.46680242260241,42.22647062140525,43.02912588014382,43.46772334587449,43.46807337015318,43.72781416052347,44.29321841395065,44.86744037111623,46.31764804174901,47.81013675836666,49.42486817096831,50.12151841735459,50.86525362547196,51.26456058001886
5.0,7731.200000000001,2.9,1,4,3,4,0,0.3903700058843302,1.222455434597161,2.064672849696142,4.249277528889893,6.490751573553418,8.865543753556688,9.879834551782764,10.94707260784539,11.53260117502347,11.53306941666059,11.8740299582591,12.60994398822443,13.35136427341593,15.18909698613616,17.09219099819329,19.16005025995208,20.03577468321046,20.96407609197677,21.47517206952739,21.47557789308227,21.76964756705365,22.40841602991216,23.05535378699469,24.68769759908486,26.38443946112737,28.22839087782171,29.02548628174222,29.87360091852028,30.32906187155757,30.32942207917453,30.59487667850879,31.16878172451936,31.74886624117393,33.20693494013896,34.7130662566339,36.32438533047007,37.02239419157351,37.7645735701981,38.16623558307922,38.16655523124697,38.39764301195282,38.89854534390567,39.40873200703034,40.68726584217467,42.00253115708761,43.41954086083228,44.02484060309405,44.67115569068264,45.02595169656914
5.0,7731.200000000001,2.9,1,4,3,5,0,0.334548352075797,1.040378824894728,1.756553892457867,3.575279953888715,5.476059436222898,7.537544091128423,8.424588568610622,9.369670455177255,9.89276853799291,9.893192179285961,10.19625882178262,10.83484952321611,11.47731002963647,13.09893768894267,14.8012459396292,16.62929599600477,17.41165560812319,18.25336478285277,18.71299309812628,18.71336296963881,18.98118275570036,19.54697851982322,20.11892611429689,21.54471102340925,23.00244320412424,24.58752233848609,25.28618750894596,26.02979011821889,26.4364402813484,26.43676859323684,26.67159742888682,27.16105466517322,27.6603918659916,28.92876917077357,30.23738651646246,31.65813746697769,32.27151080785774,32.92405144364786,33.27738870829301,33.27767407914186,33.48889251159873,33.93276481536683,34.38010752606669,35.50277873230834,36.6597631485574,37.92950495382581,38.48455070852051,39.0753235595803,39.39905548505286
5.0,7731.200000000001,2.9,1,4,3,6,0,0.3036489585695171,0.9325169117311737,1.559064936847403,3.141057424090541,4.77557963031333,6.560431464716124,7.340086526842235,8.180405289428728,8.635844757775002,8.636213865221022,8.908020117737413,9.47222000433755,10.03666333680722,11.44792863188433,12.90573645215133,14.47734889917498,15.15990380018617,15.8898013618839,16.28695400088023,16.28727805058815,16.52690108212769,17.0274798322067,17.52971021057402,18.78352999572661,20.06531700254886,21.42493688266168,22.02458530819252,22.67624757649925,23.02783269396117,23.02812001465713,23.2381082811677,23.66996514405835,24.11066321173965,25.20895779019025,26.32761831203827,27.57343037192095,28.12241927037442,28.71325784831968,29.03758118490195,29.03784256806456,29.2275394555101,29.62503749581387,30.02659707517227,31.02960653197887,32.0544018108283,33.16488526489289,33.65209586865553,34.16992775349591,34.44988879750462
5.0,7731.200000000001,2.9,1,5,1,1,0,0.3830294846044567,1.209290597285652,2.043930731141246,4.111739959388215,6.264482853247978,8.599678136060172,9.591350092083555,10.63930434912771,11.21351904306551,11.21397717452632,11.54601510855821,12.25827319260877,12.97853331775448,14.77366339650851,16.62937428105685,18.621991042542,19.46590621841039,20.36577606405972,20.85174488513649,20.85213087609716,21.13620363638676,21.75630544865237,22.38239096768433,23.93354830474579,25.54948314922531,27.26557588363173,27.99246640037446,28.77200272520346,29.19949549915319,29.19984028278689,29.45627654516269,30.0050691438175,30.55827748080182,31.94345566647572,33.36943684626061,34.91657810643118,35.57983577503087,36.28489115709096,36.66829523821598,36.66860414109961,36.89935830081895,37.39082290752192,37.88444041590926,39.13068194804553,40.43937997731019,41.85120937607399,42.45008082888109,43.08471895548798,43.4329007329142
5.0,7731.200000000001,2.9,1,5,1,2,0,0.439036116463952,1.395337755141183,2.356527309775875,4.746966001551604,7.204330129973113,9.842721483346967,10.97385121160935,12.14778025851776,12.77630231377125,12.77681018807704,13.1575806799865,13.98108824501402,14.80983170476201,16.86343050233897,18.95740789180257,21.18477457489286,22.14657002402772,23.17613384741977,23.72181500761549,23.72224555406472,24.04722519225585,24.74779995916823,25.45030023913785,27.2355409169058,29.0505687966483,30.96384219996904,31.77841300024478,32.62684788603378,33.08673640386273,33.08711114351041,33.36851288228203,33.97197103014459,34.58452624139713,36.12621426902775,37.71259201846114,39.43126516578396,40.16552898174326,40.93172817585292,41.34541864670874,41.34574870904297,41.59036486882444,42.12184646073697,42.65975008996962,44.02822354037692,45.4527456221252,46.96270742477085,47.60044938458491,48.28421930759826,48.65607863151071
5.0,7731.200000000001,2.9,1,5,1,3,0,0.5149549272241477,1.631009679768217,2.762108209771041,5.61726872589632,8.486362262827233,11.46439862006371,12.73584097701012,14.08472010211048,14.79014601905056,14.79070213851969,15.22280458835011,16.1697897310241,17.11655641930714,19.49285559632868,21.91861465619651,24.46703669708438,25.54132286355886,26.66758235959319,27.26424129075036,27.26471920565147,27.63749652185691,28.45066626396837,29.26546596743067,31.30535750821452,33.37372337241327,35.53773315384427,36.45038237748164,37.41277564069255,37.92365854386684,37.92406774803234,38.24118911156182,38.92985141432203,39.6233467976672,41.33696965910954,43.08410669852737,44.96447587626859,45.75680337434119,46.57914598686995,47.01767236192795,47.01802595330009,47.29302725503969,47.89188975488666,48.499781404697,50.03248545805159,51.59798380868235,53.24527290297911,53.94177932613778,54.67720440264922,55.07038297921531
5.0,7731.200000000001,2.9,1,5,1,4,0,0.5945803003041261,1.903848903420009,3.216835337968276,6.473688414681044,9.779529821992053,13.24160544953252,14.69794573558376,16.18823316492074,16.95727125959658,16.95788934442556,17.45262894482396,18.53256447616173,19.60800227783041,22.25437140647788,24.92513855814853,27.75103345909935,28.92764900569735,30.13987849734138,30.77042582227429,30.77093120075635,31.17680322109883,32.0658704426078,32.96112375721342,35.17191021721611,37.3999943708174,39.73575828955211,40.71540588377667,41.7441246537511,42.27546624420201,42.27589053875991,42.62114669991083,43.38248976259023,44.14150097755839,46.02039966269995,47.93880751501075,49.98373966451421,50.86738569119984,51.7935967874495,52.27001296400048,52.27039748486758,52.58189610706724,53.26322752701229,53.95053292517599,55.68134994094101,57.42956499506684,59.26107054266853,60.04187015983968,60.86156877229782,61.28588904815929
5.0,7731.200000000001,2.9,1,5,1,5,0,0.6871142695036055,2.186636741505709,3.6711460268205,7.342540890759526,11.0454264719361,14.89271708582461,16.48889826523321,18.10020101386647,18.91120634946723,18.91186560149401,19.46410181041986,20.67165163802574,21.87545874382997,24.80053653396483,27.71691151592021,30.76803984469437,32.0316758586814,33.32340599694122,33.97908893741195,33.97961607947575,34.42148162414424,35.38840543802603,36.33686581149896,38.67551450821918,41.05942080954586,43.56236800641255,44.60743842999039,45.67214435491899,46.21468696937084,46.21513618594771,46.59305227571858,47.41165657822413,48.21964642228854,50.24467852601011,52.33708444773889,54.53552966183345,55.45938728254669,56.42670122862545,56.92547233332094,56.92587950910588,57.26871139164589,58.01094576250807,58.75015959344121,60.6020179797566,62.49204489746773,64.49385334319393,65.32646906284651,66.18353699346225,66.62532318095867
5.0,7731.200000000001,2.9,1,5,1,6,0,0.7769047079459274,2.469919289203235,4.160665168642474,8.3283211732179,12.43201237193003,16.62833950630587,18.35497686548185,20.07982809309146,20.94800295154371,20.94871708307742,21.55501230626859,22.88319831401216,24.19888850340904,27.41324628847359,30.61095570567914,33.91967099987878,35.27771840220376,36.63288647729278,37.31399731414193,37.31456392393347,37.80169759125891,38.86168590078561,39.92232789665154,42.5312105251803,45.12857478374143,47.79306031064828,48.90121649022211,50.02427290946328,50.58890674812578,50.58937958002196,50.998485336565,51.88486972411747,52.77052128544049,54.96658608231676,57.17490498592393,59.47484338523261,60.42391222878889,61.38306150961986,61.86769925974031,61.86810606525916,62.22950291878498,63.01367668930849,63.79033784236989,65.75132482593027,67.76202307487229,69.88399403580259,70.76753076039694,71.66956740381328,72.12629113948522
5.0,7731.200000000001,2.9,1,5,2,1,0,1.015129911991046,3.297446250253631,5.544049248428253,10.93294085999319,16.04980772927646,20.93633475461831,22.82148345953833,24.66113859856882,25.56818457650919,25.56895511204543,26.2981179760051,27.90954202670037,29.47846095359386,33.23689365658552,36.88688610045931,40.48548767105041,41.88825068831889,43.26972903627519,43.95148902618754,43.95208193683796,44.52286540082334,45.7779478781115,46.9948164444336,49.97133536084925,52.90348116079266,55.78038229310708,56.92612992885434,58.0762802015761,58.64720120521079,58.6476992268832,59.12870229417777,60.18515138210002,61.22177091366625,63.76013533345125,66.28439724948748,68.84916593220181,69.88391421729136,70.90763452511469,71.41656916188916,71.41702107713607,71.8579197622419,72.82674761863692,73.77912868296428,76.1272693086857,78.4796002605263,80.89596904163047,81.88797004816898,82.88226567463157,83.37605698079201
5.0,7731.200000000001,2.9,1,5,2,2,0,1.035412082361129,3.370960036990076,5.662047197135905,11.06706647394621,16.17075252585985,21.05497423782243,22.95863247735236,24.80847361928082,25.70784744672235,25.70862472959581,26.45006607932332,28.08838516428918,29.69432606469499,33.54427884962229,37.25526245543248,40.85031043898953,42.25592104015947,43.65029047318227,44.33420655908467,44.33480197414854,44.91736600536503,46.20460245416782,47.45570028791424,50.48350029285952,53.41907782853913,56.31880768811997,57.4749533526004,58.62740800250399,59.20016649957703,59.2006720056653,59.69601756597911,60.77925268566386,61.83866177607609,64.44842374365314,67.05309656275378,69.67617495069845,70.72641995805058,71.77367594079212,72.29295673680073,72.2934138728207,72.74585327367109,73.74584209984152,74.72014508851503,77.09904747694105,79.48951107156867,81.96361965291304,82.96629775407835,83.96777390671863,84.46756195276205
5.0,7731.200000000001,2.9,1,5,2,3,0,1.038827667651286,3.365692678129972,5.62639503859083,11.07822679832379,16.30988768030034,21.34176422634199,23.29127721257272,25.19480184632584,26.12691001487909,26.12770607696195,26.89747224362364,28.6080096781246,30.25292428237307,34.16882641409359,37.89232606427605,41.48064906076637,42.86732713251887,44.22363116045476,44.89949960786974,44.90009115089381,45.47757916187234,46.76151901815996,48.0151493533585,51.0656536545283,54.07647751848886,57.08714560959768,58.28580475708281,59.47237622669606,60.06004719433587,60.06056291864056,60.56661978902615,61.6903729929758,62.7890040335046,65.44893986970403,68.08276464960998,70.7211057811923,71.77171802343247,72.82250823056457,73.34443074481858,73.34489292623519,73.7954605303601,74.79004590784976,75.77000654569368,78.19371665424774,80.64932299916134,83.14655636460905,84.14358919521455,85.14222080971571,85.64351716761469
5.0,7731.200000000001,2.9,1,5,2,4,0,1.013933578570205,3.309344963953891,5.552076432041839,10.86712518971168,15.91744276567595,20.83069346370907,22.74890561226691,24.63128212422506,25.55097650613169,25.55175050097364,26.2899782452714,27.93792183103719,29.54869233686306,33.45062909695532,37.21897127300616,40.89295715697858,42.33338999638748,43.75191474220708,44.44955608797935,44.45014927667625,45.019233127817,46.30298446722733,47.56456707984211,50.61497708512537,53.5751808991661,56.4952626404588,57.6587701163891,58.81097371558732,59.38119598722287,59.38169456495911,59.86277986873552,60.92895586913581,61.97649349335415,64.53494598481477,67.07300598439905,69.61816236057427,70.64790248866811,71.6773624440749,72.19049483829579,72.1909462915738,72.63070222960161,73.61164064869479,74.57563808413775,76.93783752439407,79.31248452097887,81.73845241528886,82.72083137594518,83.70555449593319,84.19329346664581
5.0,7731.200000000001,2.9,1,5,2,5,0,0.9466976697273641,3.106917268307419,5.263042825554271,10.4924404086122,15.50977768359302,20.34404381696952,22.22830380838423,24.06459480721407,24.96412146784737,24.96486962342363,25.65798541166125,27.22312189285553,28.75608194627927,32.46520109408442,36.05240093450664,39.55435071931097,40.93214297084765,42.29372032434199,42.96819714130894,42.96876648414167,43.50339590761593,44.69551748852038,45.86796296623134,48.74844529300208,51.62189494621651,54.50131737265948,55.64820987801411,56.80010253483611,57.37097930002114,57.37146405505974,57.83536472495322,58.87501672901301,59.89262792829535,62.40091985553941,64.92744347895864,67.48589446210116,68.52311535697196,69.56124891119813,70.07872286279215,70.07917020925596,70.50689156829525,71.4675127761884,72.41697116109704,74.77136067587846,77.1453492239997,79.56263055835687,80.5441794447546,81.52414732252538,82.00826588667205
5.0,7731.200000000001,2.9,1,5,2,6,0,0.8751799495515498,2.846674094380627,4.832291672172328,9.725533022332293,14.53636661230051,19.28363733717276,21.15904225725643,22.99212406280319,23.90006382219768,23.90081465656352,24.56785377558676,26.06315032308214,27.5513787005752,31.18280592273494,34.75807069170924,38.3340152336443,39.75567290802314,41.15859185833714,41.8527327972508,41.85331068465977,42.37195873190015,43.53871158826523,44.70624681442825,47.59705330811507,50.48022251113481,53.36907202970519,54.5311550500248,55.69752660357499,56.27788626657658,56.27837258684014,56.7253164950956,57.71937767691496,58.71049965647101,61.15450553730373,63.62592683671354,66.13884405780937,67.14745698083945,68.16205378248014,68.66929359190385,68.6697264067805,69.066413342022,69.94312233708173,70.82925363509887,73.05367622689475,75.33213364877084,77.70193868420982,78.65366522170069,79.60551920270878,80.0856439319353
5.0,7731.200000000001,2.9,1,5,3,1,0,0.606469695719206,1.948320578597813,3.294282316915635,6.678031911480568,10.12875554174058,13.83877848415158,15.42172544340817,17.03157607907794,17.86120032003437,17.86184950628056,18.36217613495433,19.47043975254632,20.57804188215373,23.33196743712308,26.14941101333104,29.16545223280623,30.44037765199336,31.76272128008777,32.44275729986328,32.44328158240292,32.85370737830172,33.77177929467835,34.6914419353309,36.96838316464942,39.28894238398773,41.80409444360001,42.87477230542077,43.98386661724209,44.55528580066045,44.55573125521757,44.90911709054107,45.69392419488758,46.47150088080636,48.4062715545158,50.42135336384918,52.61288081638182,53.54566061921943,54.51797298167965,55.02661445134662,55.02701748919796,55.35091539176644,56.06475082828089,56.77488471695708,58.55210098537652,60.39563456363079,62.4250080967785,63.29432994480522,64.18892639416119,64.65173000820961
5.0,7731.200000000001,2.9,1,5,3,2,0,0.5100401007913999,1.659917303444025,2.812338616397013,5.727371902595342,8.739479771746282,11.97465100466472,13.34432547572137,14.79265287285371,15.56503613204831,15.56562462992961,16.00261884812958,16.98162207221964,17.96203345376319,20.39713005327225,22.89179638614542,25.56526216854403,26.71539311398976,27.94410846418037,28.58979576189916,28.59028583275649,28.9613225062066,29.78855567976266,30.61610106559475,32.70196144538089,34.84720428575622,37.13610980628497,38.11463988451089,39.15353368931018,39.70607633207887,39.70650197080429,40.02479143239518,40.74010811675351,41.45706333803123,43.23939943203673,45.08106026277775,47.09342432111079,47.95905336954421,48.8766196352816,49.36123907962145,49.36161238656624,49.64581330154711,50.28197119656969,50.92786664176975,52.55206179342747,54.20401104868928,55.99902023626795,56.78705908252495,57.62393511092772,58.06607457772901
5.0,7731.200000000001,2.9,1,5,3,3,0,0.4319665737881347,1.382627319148679,2.363075395470977,4.828745925271727,7.338651232769767,10.08490015597519,11.27612048248951,12.55550970355052,13.25473238457863,13.25526615386593,13.6316144005799,14.46436626372848,15.30301210889691,17.42272555244788,19.62881212446728,21.99088608306014,22.99825067626361,24.07134550028982,24.6552619417185,24.65571434131818,24.98044298137144,25.70464540564067,26.43394085549198,28.25923892828773,30.1647520922121,32.22920833661125,33.11675809025371,34.07931975666003,34.59954071334392,34.59993885616858,34.89100050365246,35.53606011011424,36.18256583912417,37.8180830526291,39.53145304610283,41.37447004205243,42.16258542182597,43.0117687837369,43.47900827392981,43.47937195438782,43.73941274060896,44.31564561201047,44.90741374788293,46.39845407864312,47.9229020543515,49.5732900318675,50.29305772381747,51.06979759319175,51.49246548223696
5.0,7731.200000000001,2.9,1,5,3,4,0,0.3634811218067849,1.151772926947565,1.951344162000697,3.980638711291099,6.103229817727032,8.409361225510773,9.406200446324913,10.48029605293125,11.08314746413203,11.0836187473962,11.40835017141042,12.12706469533243,12.86265106701224,14.70134185402562,16.59550570651598,18.66287124271047,19.54984455670464,20.50837441186178,21.0382664711737,21.03867615384677,21.32543980455199,21.95380418501664,22.58895553838853,24.18765002720174,25.87600534312288,27.69028947225203,28.47166338289085,29.31804012349114,29.78204126097137,29.78240051725674,30.03243458306237,30.58194854306474,31.13963893319605,32.54457809252221,34.01709990533794,35.61388786863429,36.30958489210254,37.05322862665659,37.46437931410857,37.46470295920422,37.69179267538449,38.19222933149659,38.70017365653919,39.98154132700545,41.32560117502396,42.79121980911322,43.42473455330027,44.10648286945467,44.47873208423319
5.0,7731.200000000001,2.9,1,5,3,5,0,0.3057200678042793,0.9628940949298654,1.639037857623483,3.347129155926342,5.134560546104775,7.14433992974262,8.02333797331144,8.960973923806739,9.484407643806627,9.484816977704128,9.762422768970971,10.36555799986793,10.96905771864159,12.49080893497666,14.11987464445109,15.90588372915229,16.68177719781682,17.51141573970924,17.97228095279842,17.97264584935735,18.22245894514605,18.75989128967507,19.29846634514822,20.65429624837354,22.10218783207496,23.71656660406644,24.42095995265093,25.17000863296949,25.58807719495121,25.58841112009143,25.81844151355798,26.29957349802567,26.79176243777491,28.05793433392704,29.3945188971247,30.8597908396184,31.48811157414234,32.17042191999405,32.55262795716148,32.55292850544912,32.75926982009203,33.19711486685323,33.64384086185879,34.77797657862939,35.96585115186078,37.28827627906296,37.86271302238988,38.47520374212147,38.81946620552763
5.0,7731.200000000001,2.9,1,5,3,6,0,0.2783674381170633,0.8618885179579283,1.465760857043381,2.967987605044006,4.494054700936872,6.218333259693432,6.992012913091201,7.822910187836198,8.28093963599649,8.281304560018869,8.533010813899821,9.054671075117964,9.579618576862984,10.89019918683467,12.2704762291215,13.82630872295056,14.50931754782006,15.24246665429261,15.6504808770636,15.65080505628007,15.87422547720161,16.34437768816902,16.81813337467572,18.02760232277468,19.30424727868365,20.70369889279348,21.31961698474903,21.98857755372639,22.35893579073098,22.35922998333314,22.56402940010517,22.99051300189745,23.42601902801069,24.52373318901411,25.66641335408687,26.96061764893415,27.52855974346756,28.12694307166758,28.45468545788662,28.4549476426529,28.64062090550661,29.02676160097015,29.41730761509376,30.40478305361222,31.41973501215375,32.55252355017097,33.06061353879729,33.60449316677072,33.89980667999576
